energy_kev_bin_center,ds_cnn_no_cut,ds_cnn_99pct,ds_cnn_95pct,ds_cnn_90pct,ds_cnn_80pct,ds_cnn_50pct,ds_cnn_30pct,ds_cnn_10pct
0.5,24,14,1,0,0,0,0,0
1.5,35,17,0,0,0,0,0,0
2.5,46,24,4,1,0,0,0,0
3.5,38,20,0,0,0,0,0,0
4.5,38,23,3,0,0,0,0,0
5.5,42,18,1,0,0,0,0,0
6.5,40,18,1,0,0,0,0,0
7.5,55,32,4,1,0,0,0,0
8.5,49,31,3,0,0,0,0,0
9.5,55,35,3,2,0,0,0,0
10.5,61,41,9,3,1,1,0,0
11.5,47,26,4,1,0,0,0,0
12.5,56,35,6,1,0,0,0,0
13.5,51,32,7,2,0,0,0,0
14.5,66,44,7,1,0,0,0,0
15.5,74,43,6,1,0,0,0,0
16.5,85,56,5,1,0,0,0,0
17.5,83,44,7,2,0,0,0,0
18.5,84,40,6,3,1,0,0,0
19.5,73,37,4,1,0,0,0,0
20.5,91,54,13,3,0,0,0,0
21.5,73,43,9,0,0,0,0,0
22.5,89,55,7,1,0,0,0,0
23.5,73,39,8,1,0,0,0,0
24.5,75,43,7,1,0,0,0,0
25.5,72,47,7,0,0,0,0,0
26.5,83,52,13,5,0,0,0,0
27.5,79,54,10,3,0,0,0,0
28.5,81,57,6,0,0,0,0,0
29.5,104,60,16,1,0,0,0,0
30.5,94,61,15,6,0,0,0,0
31.5,105,65,13,1,0,0,0,0
32.5,79,47,13,0,0,0,0,0
33.5,72,56,16,4,0,0,0,0
34.5,81,55,14,1,0,0,0,0
35.5,92,65,17,2,0,0,0,0
36.5,91,72,21,5,3,0,0,0
37.5,101,76,22,6,0,0,0,0
38.5,93,72,23,8,1,0,0,0
39.5,89,70,30,14,1,0,0,0
40.5,108,91,43,16,0,0,0,0
41.5,110,86,45,14,2,0,0,0
42.5,107,89,39,15,2,0,0,0
43.5,104,88,45,10,1,0,0,0
44.5,106,86,52,17,4,0,0,0
45.5,106,90,47,22,6,0,0,0
46.5,135,118,79,44,6,0,0,0
47.5,136,118,71,34,5,0,0,0
48.5,114,103,71,31,2,0,0,0
49.5,143,127,85,39,7,0,0,0
50.5,150,137,90,45,9,0,0,0
51.5,144,125,88,44,8,0,0,0
52.5,150,130,100,45,7,0,0,0
53.5,175,154,108,61,9,0,0,0
54.5,160,145,107,63,7,0,0,0
55.5,165,145,107,53,6,0,0,0
56.5,195,181,147,71,13,1,0,0
57.5,189,176,131,80,17,1,0,0
58.5,209,193,151,82,15,0,0,0
59.5,189,168,115,68,17,0,0,0
60.5,202,182,146,90,20,1,0,0
61.5,244,221,175,105,30,1,0,0
62.5,228,208,175,107,32,0,0,0
63.5,229,214,179,122,34,0,0,0
64.5,232,216,183,119,39,2,0,0
65.5,258,241,205,136,48,1,0,0
66.5,259,247,218,161,63,0,0,0
67.5,285,267,233,184,73,4,0,0
68.5,267,258,221,176,52,2,0,0
69.5,330,321,280,219,96,3,0,0
70.5,313,303,275,232,93,2,0,0
71.5,337,320,293,241,132,3,0,0
72.5,365,356,328,280,143,7,0,0
73.5,368,350,322,265,133,4,2,0
74.5,418,401,366,323,168,2,1,0
75.5,386,375,347,284,151,6,1,0
76.5,433,419,388,331,158,5,0,0
77.5,451,436,405,338,186,9,0,0
78.5,477,455,430,377,207,12,0,0
79.5,540,526,474,397,232,13,2,0
80.5,563,551,497,428,238,16,0,0
81.5,562,547,496,436,246,13,0,0
82.5,658,644,610,504,300,18,1,0
83.5,628,616,573,491,266,12,0,0
84.5,668,649,608,511,282,18,2,0
85.5,798,776,728,623,343,14,0,0
86.5,793,775,737,630,366,19,2,0
87.5,812,799,734,639,346,18,1,0
88.5,866,857,813,693,404,24,0,0
89.5,1037,1020,961,832,460,24,0,0
90.5,1041,1024,954,809,462,22,0,0
91.5,1108,1093,1035,860,460,27,3,0
92.5,1177,1161,1105,944,494,26,0,0
93.5,1159,1138,1073,927,501,21,0,0
94.5,1194,1174,1112,959,547,29,2,0
95.5,1355,1328,1260,1057,613,35,1,0
96.5,1350,1333,1269,1084,592,31,2,0
97.5,1535,1517,1438,1220,693,47,3,0
98.5,1584,1558,1460,1251,727,49,4,0
99.5,1812,1789,1686,1457,841,46,3,0
100.5,1903,1874,1797,1543,806,39,2,0
101.5,2139,2120,2019,1718,988,49,2,0
102.5,2384,2355,2234,1937,1090,69,7,0
103.5,2582,2549,2421,2064,1154,65,5,0
104.5,2605,2577,2446,2129,1214,77,7,0
105.5,2828,2801,2662,2286,1288,82,4,0
106.5,2875,2844,2698,2329,1364,76,5,0
107.5,2792,2767,2645,2308,1364,86,6,0
108.5,2905,2878,2738,2367,1404,83,6,0
109.5,2959,2926,2796,2425,1433,94,4,0
110.5,3040,2999,2877,2516,1452,91,7,0
111.5,3159,3117,2968,2602,1586,120,13,0
112.5,3230,3194,3096,2680,1597,108,8,0
113.5,3367,3320,3163,2805,1699,106,9,0
114.5,3553,3498,3352,2953,1862,141,16,0
115.5,3681,3635,3483,3107,1914,124,14,0
116.5,3789,3734,3603,3175,2007,133,13,0
117.5,3741,3688,3541,3169,1991,160,18,0
118.5,3821,3767,3623,3251,2043,165,12,0
119.5,3971,3914,3778,3385,2091,160,14,0
120.5,4005,3943,3791,3373,2120,164,22,0
121.5,4216,4155,4015,3636,2351,189,21,0
122.5,4287,4233,4072,3692,2414,183,25,0
123.5,4445,4382,4213,3824,2476,202,17,0
124.5,4486,4416,4238,3848,2520,184,14,0
125.5,4597,4531,4370,3956,2603,236,27,0
126.5,4558,4471,4310,3912,2628,238,23,0
127.5,4670,4579,4415,4013,2677,249,25,0
128.5,4745,4651,4464,4064,2755,273,32,0
129.5,4728,4622,4435,4065,2790,269,27,0
130.5,4669,4567,4377,3999,2785,292,25,0
131.5,4480,4380,4191,3844,2651,270,34,1
132.5,4562,4440,4229,3862,2700,307,36,0
133.5,4517,4371,4204,3843,2730,330,40,0
134.5,4353,4239,4060,3749,2668,307,41,0
135.5,4498,4360,4192,3850,2778,362,39,0
136.5,4491,4331,4130,3814,2758,327,38,0
137.5,4536,4403,4190,3863,2808,364,45,0
138.5,4662,4505,4321,4029,2877,373,50,1
139.5,4601,4420,4225,3918,2865,377,59,0
140.5,4690,4526,4337,4044,2931,406,56,0
141.5,4641,4455,4265,3962,2932,402,43,0
142.5,4761,4585,4401,4085,3061,400,37,1
143.5,4674,4506,4330,4046,3048,445,62,0
144.5,4949,4728,4562,4263,3263,507,72,1
145.5,4805,4610,4434,4149,3141,446,59,1
146.5,4970,4766,4569,4289,3278,470,64,0
147.5,4824,4628,4464,4192,3230,525,74,1
148.5,4802,4591,4444,4179,3203,500,71,0
149.5,4976,4785,4628,4386,3432,563,68,0
150.5,5037,4846,4688,4455,3542,613,78,0
151.5,5098,4891,4740,4471,3532,631,84,0
152.5,5203,5022,4875,4612,3652,661,103,0
153.5,5131,4938,4792,4557,3626,681,105,0
154.5,5268,5076,4922,4670,3796,666,102,0
155.5,5121,4929,4801,4581,3653,687,101,1
156.5,5230,5031,4889,4625,3678,650,95,1
157.5,5139,4927,4793,4571,3714,740,97,0
158.5,5144,4954,4830,4614,3776,757,132,0
159.5,5094,4920,4800,4592,3735,727,113,1
160.5,5132,4963,4851,4637,3783,767,140,0
161.5,5134,4966,4852,4623,3815,810,150,1
162.5,5100,4924,4817,4662,3871,864,131,0
163.5,5110,4953,4849,4662,3846,827,160,0
164.5,5157,5005,4914,4748,4034,876,141,2
165.5,5206,5063,4964,4794,3982,914,148,2
166.5,5174,5047,4939,4753,3969,928,128,1
167.5,5197,5031,4955,4775,3991,932,162,0
168.5,5347,5191,5098,4929,4144,987,170,1
169.5,5165,5019,4926,4752,3982,962,150,0
170.5,5271,5132,5029,4864,4092,991,168,1
171.5,5301,5156,5073,4901,4173,1046,177,0
172.5,5215,5062,4975,4801,4065,1017,193,1
173.5,5406,5263,5184,5018,4207,1064,186,2
174.5,5411,5273,5197,5025,4296,1102,222,0
175.5,5306,5183,5114,4961,4217,1102,191,1
176.5,5427,5295,5224,5054,4299,1111,213,1
177.5,5513,5381,5322,5159,4426,1180,223,4
178.5,5434,5309,5241,5083,4315,1177,232,2
179.5,5477,5347,5283,5123,4400,1205,225,5
180.5,5531,5404,5333,5165,4442,1189,236,3
181.5,5381,5267,5194,5045,4340,1193,247,4
182.5,5538,5408,5353,5203,4482,1276,253,7
183.5,5528,5421,5359,5210,4440,1251,262,6
184.5,5497,5393,5340,5200,4476,1263,259,1
185.5,5523,5422,5366,5217,4469,1241,250,2
186.5,5543,5451,5397,5236,4459,1309,284,2
187.5,5462,5349,5298,5160,4455,1319,278,6
188.5,5590,5487,5419,5265,4552,1290,263,4
189.5,5457,5369,5329,5188,4499,1338,292,5
190.5,5349,5252,5211,5074,4369,1252,290,3
191.5,5436,5326,5279,5138,4438,1383,310,3
192.5,5347,5246,5209,5069,4398,1384,308,5
193.5,5312,5229,5175,5026,4360,1372,308,5
194.5,5411,5327,5283,5142,4522,1482,324,8
195.5,5281,5202,5156,5026,4360,1321,323,4
196.5,5371,5291,5246,5098,4441,1427,324,5
197.5,5612,5523,5480,5313,4585,1411,308,9
198.5,5465,5382,5339,5210,4514,1436,334,6
199.5,5493,5395,5367,5216,4559,1492,349,14
200.5,5481,5382,5341,5218,4536,1486,354,12
201.5,5440,5366,5331,5225,4529,1518,329,7
202.5,5488,5418,5375,5243,4582,1519,352,7
203.5,5535,5442,5396,5278,4595,1535,392,7
204.5,5424,5342,5300,5181,4564,1529,404,7
205.5,5507,5423,5377,5253,4599,1515,361,6
206.5,5776,5703,5644,5480,4825,1627,399,11
207.5,6241,6167,6116,5961,5204,1756,458,16
208.5,7020,6945,6907,6759,5948,2071,544,11
209.5,6990,6915,6887,6706,5926,2005,501,11
210.5,6694,6630,6575,6436,5667,1983,532,15
211.5,5927,5857,5808,5680,5049,1728,415,11
212.5,5487,5411,5372,5229,4546,1624,440,13
213.5,5215,5152,5122,5005,4405,1584,421,14
214.5,5323,5259,5217,5099,4460,1559,406,4
215.5,5453,5382,5353,5217,4599,1630,443,9
216.5,5232,5177,5142,4998,4385,1564,423,9
217.5,5277,5213,5179,5045,4454,1632,432,10
218.5,5111,5056,5029,4914,4303,1586,482,11
219.5,4970,4921,4881,4767,4185,1574,434,11
220.5,5070,4996,4964,4837,4273,1571,445,11
221.5,5110,5036,4986,4837,4243,1548,421,15
222.5,5079,5013,4971,4839,4264,1610,467,16
223.5,4923,4864,4827,4689,4114,1459,434,10
224.5,4946,4889,4860,4711,4153,1546,447,11
225.5,4928,4873,4839,4720,4129,1581,470,8
226.5,5028,4973,4939,4800,4236,1650,521,18
227.5,5100,5038,5000,4885,4318,1631,503,12
228.5,5176,5103,5069,4908,4331,1660,500,17
229.5,5112,5055,5018,4890,4354,1636,526,28
230.5,5285,5224,5187,5030,4425,1742,512,17
231.5,5591,5527,5481,5317,4691,1816,546,20
232.5,5431,5389,5358,5210,4650,1846,576,22
233.5,5546,5490,5446,5298,4731,1923,595,26
234.5,5820,5756,5726,5552,4849,1977,628,21
235.5,7664,7605,7557,7353,6509,2647,846,22
236.5,13319,13266,13187,12889,11544,4750,1587,48
237.5,22849,22787,22669,22138,19915,8499,2892,123
238.5,30349,30290,30148,29510,26588,11532,3913,179
239.5,29030,28971,28844,28268,25579,11091,3677,194
240.5,20262,20192,20085,19656,17716,7779,2670,104
241.5,12122,12073,12005,11750,10573,4612,1602,93
242.5,7133,7080,7045,6894,6190,2656,873,50
243.5,5133,5096,5060,4928,4410,1920,646,35
244.5,4099,4053,4026,3917,3485,1531,539,20
245.5,3967,3909,3883,3780,3379,1391,496,21
246.5,3817,3767,3743,3656,3243,1382,483,20
247.5,3742,3690,3656,3543,3171,1313,476,29
248.5,3874,3825,3793,3686,3256,1430,507,25
249.5,3706,3648,3619,3509,3114,1358,465,25
250.5,3862,3811,3777,3664,3220,1340,476,24
251.5,3802,3749,3719,3610,3194,1374,478,33
252.5,3830,3776,3740,3652,3243,1432,524,32
253.5,3917,3862,3818,3686,3302,1468,550,42
254.5,4020,3965,3927,3800,3398,1460,535,36
255.5,3880,3834,3790,3660,3224,1434,504,34
256.5,3798,3759,3718,3613,3254,1418,506,36
257.5,3731,3685,3643,3531,3071,1370,514,32
258.5,3749,3698,3662,3546,3126,1322,467,28
259.5,3788,3739,3704,3577,3134,1355,512,45
260.5,3827,3778,3746,3628,3183,1364,511,39
261.5,3819,3771,3729,3599,3114,1364,497,38
262.5,3843,3792,3755,3617,3182,1376,513,37
263.5,3882,3833,3792,3653,3209,1372,472,27
264.5,3853,3809,3770,3636,3157,1408,518,38
265.5,3891,3846,3804,3677,3225,1405,521,35
266.5,3990,3941,3892,3734,3275,1431,528,36
267.5,4184,4138,4069,3917,3422,1494,524,41
268.5,4621,4565,4514,4344,3764,1668,655,46
269.5,5334,5276,5221,4995,4359,1950,746,52
270.5,6147,6096,6015,5805,5081,2265,877,72
271.5,6038,5988,5921,5691,5016,2089,806,58
272.5,5298,5257,5210,5034,4402,1979,766,57
273.5,4461,4419,4378,4187,3645,1578,600,48
274.5,4176,4122,4056,3860,3373,1481,555,40
275.5,4471,4417,4360,4180,3579,1526,625,44
276.5,5054,5010,4948,4727,4137,1789,686,55
277.5,5634,5585,5510,5288,4594,2073,801,67
278.5,5285,5242,5173,4983,4384,1933,728,61
279.5,4608,4563,4506,4350,3759,1656,668,48
280.5,4140,4082,4015,3857,3341,1519,575,42
281.5,3875,3817,3760,3604,3068,1292,534,42
282.5,3695,3643,3591,3436,2949,1288,495,50
283.5,3826,3763,3711,3546,3042,1255,503,38
284.5,3674,3622,3564,3408,2939,1284,496,47
285.5,3736,3709,3638,3470,2999,1303,520,47
286.5,3791,3746,3695,3513,3021,1320,507,43
287.5,3891,3838,3764,3617,3107,1381,579,40
288.5,3773,3723,3656,3463,2980,1345,542,52
289.5,3667,3623,3539,3342,2854,1219,522,59
290.5,3666,3628,3562,3402,2908,1299,502,44
291.5,3621,3590,3521,3351,2881,1328,537,53
292.5,3611,3567,3512,3331,2838,1246,487,51
293.5,3637,3596,3515,3345,2884,1282,514,60
294.5,3601,3538,3479,3310,2875,1307,524,52
295.5,3521,3481,3420,3266,2801,1276,535,64
296.5,3894,3859,3780,3607,3086,1431,571,78
297.5,4555,4502,4427,4210,3618,1725,691,81
298.5,5507,5466,5367,5135,4451,2063,905,108
299.5,6068,6024,5915,5677,4965,2389,1028,125
300.5,5332,5294,5215,4969,4320,2060,865,90
301.5,4242,4192,4108,3919,3364,1644,722,65
302.5,3749,3701,3632,3451,2954,1369,585,65
303.5,3363,3315,3245,3067,2612,1200,498,68
304.5,3414,3362,3277,3110,2659,1210,527,71
305.5,3317,3277,3202,3029,2597,1247,521,65
306.5,3354,3313,3233,3066,2599,1191,497,68
307.5,3285,3244,3152,2987,2528,1160,503,48
308.5,3203,3165,3104,2955,2537,1133,481,64
309.5,3258,3216,3148,2988,2510,1176,501,73
310.5,3248,3206,3110,2938,2531,1189,540,71
311.5,3316,3270,3196,3022,2605,1226,534,68
312.5,3228,3195,3101,2921,2458,1135,473,60
313.5,3241,3179,3106,2949,2509,1163,497,65
314.5,3263,3221,3139,2960,2518,1172,531,83
315.5,3346,3311,3217,3055,2585,1180,551,73
316.5,3276,3236,3154,2985,2569,1172,537,66
317.5,3227,3191,3117,2941,2514,1185,524,80
318.5,3372,3331,3237,3062,2599,1241,541,62
319.5,3282,3235,3152,2954,2522,1189,545,69
320.5,3473,3415,3347,3179,2739,1301,579,90
321.5,3443,3397,3307,3131,2660,1277,621,84
322.5,3284,3242,3176,3012,2524,1219,519,73
323.5,3538,3503,3420,3225,2739,1335,615,99
324.5,3818,3764,3662,3473,3009,1478,707,108
325.5,4776,4742,4630,4392,3801,1932,924,151
326.5,5831,5781,5660,5400,4663,2419,1153,179
327.5,5718,5680,5552,5298,4623,2399,1145,164
328.5,4784,4743,4617,4375,3842,1937,920,121
329.5,3935,3891,3789,3579,3053,1525,708,96
330.5,3676,3631,3533,3348,2828,1402,648,120
331.5,3580,3535,3439,3234,2785,1387,676,106
332.5,3577,3525,3412,3237,2772,1355,658,114
333.5,3836,3786,3687,3483,2952,1431,711,133
334.5,4988,4938,4816,4566,3932,2049,996,170
335.5,7850,7803,7639,7301,6459,3367,1680,314
336.5,11410,11366,11169,10640,9359,5077,2624,462
337.5,12251,12205,11961,11529,10212,5590,2870,512
338.5,9627,9595,9408,9019,7962,4382,2176,395
339.5,5958,5914,5799,5543,4856,2590,1343,224
340.5,4013,3967,3850,3641,3174,1628,847,139
341.5,3254,3211,3130,2960,2531,1245,645,103
342.5,2844,2801,2696,2537,2163,1052,521,91
343.5,2876,2841,2765,2597,2233,1063,521,95
344.5,2789,2746,2670,2508,2156,1059,541,99
345.5,2702,2658,2574,2413,2063,1021,510,86
346.5,2685,2643,2550,2414,2058,1042,521,88
347.5,2684,2646,2553,2392,2043,1042,509,92
348.5,2755,2706,2626,2479,2104,1042,487,97
349.5,2784,2744,2651,2502,2140,1078,559,103
350.5,2744,2703,2623,2460,2103,1069,531,108
351.5,2764,2735,2664,2491,2129,1061,517,100
352.5,2809,2768,2679,2512,2132,1067,536,96
353.5,2722,2680,2599,2436,2024,1034,509,96
354.5,2699,2659,2570,2397,2039,1037,516,88
355.5,2694,2656,2580,2422,2045,1012,529,118
356.5,2704,2664,2569,2415,2053,1030,506,94
357.5,2662,2617,2516,2367,2012,970,495,101
358.5,2627,2591,2494,2328,1973,980,468,99
359.5,2619,2586,2487,2334,1970,983,480,94
360.5,2693,2650,2550,2396,2018,999,503,103
361.5,2682,2627,2535,2384,1987,957,474,92
362.5,2656,2611,2526,2360,1978,984,499,99
363.5,2587,2549,2444,2282,1921,923,434,78
364.5,2707,2666,2567,2377,2016,961,460,99
365.5,2725,2684,2585,2430,2003,971,507,108
366.5,2690,2642,2534,2374,2005,1017,534,103
367.5,2770,2721,2622,2453,2085,1060,529,109
368.5,2671,2632,2526,2343,1955,1010,473,75
369.5,2654,2605,2489,2320,1918,939,468,113
370.5,2727,2685,2576,2403,2031,1023,519,90
371.5,2761,2722,2609,2434,2017,1011,505,109
372.5,2721,2688,2563,2403,2033,983,477,86
373.5,2700,2654,2530,2360,1948,974,494,103
374.5,2723,2678,2557,2373,2031,990,523,108
375.5,2713,2670,2570,2410,2016,965,478,121
376.5,2799,2751,2645,2470,2087,1048,527,106
377.5,2712,2685,2565,2396,2012,986,497,103
378.5,2741,2690,2547,2358,1972,987,495,108
379.5,2721,2681,2555,2383,1995,988,490,91
380.5,2716,2668,2548,2356,1978,997,529,113
381.5,2691,2644,2515,2312,1915,951,472,102
382.5,2678,2630,2521,2330,1944,941,467,99
383.5,2768,2721,2561,2361,1960,978,518,132
384.5,2730,2697,2568,2384,1979,949,508,103
385.5,2621,2581,2465,2306,1929,952,494,97
386.5,2762,2727,2587,2378,1964,981,501,102
387.5,2735,2701,2584,2397,1984,1011,499,110
388.5,2775,2727,2607,2417,1999,985,500,97
389.5,2736,2686,2554,2363,1957,956,467,104
390.5,2749,2702,2569,2395,1978,967,532,124
391.5,2737,2693,2567,2367,1919,956,484,113
392.5,2667,2627,2491,2299,1890,950,521,113
393.5,2757,2703,2560,2368,1966,990,512,116
394.5,2611,2564,2452,2259,1869,941,492,103
395.5,2631,2570,2427,2250,1881,941,486,108
396.5,2698,2654,2538,2331,1909,1000,515,126
397.5,2684,2634,2492,2325,1912,976,507,114
398.5,2665,2619,2483,2276,1922,990,529,116
399.5,2601,2553,2419,2235,1841,927,489,98
400.5,2574,2522,2387,2186,1856,975,521,115
401.5,2600,2562,2424,2221,1838,919,495,124
402.5,2517,2477,2328,2159,1810,946,511,125
403.5,2431,2379,2248,2069,1737,898,486,125
404.5,2510,2461,2323,2151,1806,942,527,123
405.5,2632,2586,2441,2266,1910,1023,539,130
406.5,3049,3003,2857,2679,2304,1246,685,179
407.5,3617,3563,3410,3191,2705,1516,845,199
408.5,3896,3850,3692,3473,2965,1678,940,250
409.5,3673,3633,3488,3269,2847,1638,905,239
410.5,2803,2756,2645,2474,2098,1187,643,181
411.5,2372,2331,2238,2098,1778,965,542,133
412.5,2244,2202,2100,1940,1641,871,442,115
413.5,2223,2178,2065,1912,1638,832,435,116
414.5,2230,2178,2060,1904,1612,884,499,146
415.5,2145,2099,2002,1858,1577,849,456,131
416.5,2202,2155,2043,1881,1598,864,438,118
417.5,2095,2046,1942,1795,1531,818,445,106
418.5,2180,2134,2023,1900,1612,859,473,125
419.5,2055,2011,1911,1790,1554,845,462,124
420.5,2049,2006,1901,1772,1506,803,443,118
421.5,2133,2086,1977,1824,1540,827,466,107
422.5,2064,2017,1899,1759,1481,811,446,122
423.5,2052,2002,1903,1767,1441,757,406,121
424.5,2043,2002,1902,1753,1446,794,426,115
425.5,2108,2061,1958,1822,1551,825,468,126
426.5,2105,2050,1937,1793,1497,819,474,112
427.5,1923,1883,1777,1635,1390,749,384,118
428.5,1973,1936,1838,1709,1430,753,428,109
429.5,2045,1997,1872,1722,1458,800,424,116
430.5,2040,1991,1871,1744,1476,814,472,121
431.5,1970,1928,1837,1696,1457,788,447,133
432.5,2020,1977,1856,1734,1463,813,481,128
433.5,2079,2038,1929,1786,1513,845,459,128
434.5,1983,1949,1840,1713,1459,819,462,143
435.5,1960,1918,1800,1654,1403,775,420,129
436.5,1988,1945,1827,1708,1444,815,468,122
437.5,2145,2092,1969,1815,1548,837,476,143
438.5,2099,2054,1939,1796,1523,873,518,155
439.5,2069,2031,1921,1796,1517,832,480,146
440.5,2016,1969,1871,1756,1474,842,498,134
441.5,2010,1966,1875,1743,1472,827,484,147
442.5,1943,1902,1802,1677,1437,802,470,121
443.5,1921,1881,1775,1648,1410,798,462,144
444.5,1927,1872,1775,1647,1378,781,433,111
445.5,1880,1840,1744,1607,1375,793,447,128
446.5,1855,1821,1709,1580,1329,766,443,116
447.5,1960,1915,1802,1655,1399,771,443,121
448.5,1997,1947,1846,1712,1422,779,457,148
449.5,1902,1871,1764,1645,1383,789,454,143
450.5,2044,1996,1881,1751,1532,869,473,154
451.5,2076,2031,1916,1775,1498,858,507,154
452.5,2130,2099,1989,1876,1618,939,565,163
453.5,2102,2059,1944,1832,1575,876,503,143
454.5,2027,1975,1881,1762,1509,832,488,137
455.5,1843,1795,1681,1558,1334,735,414,126
456.5,1853,1808,1699,1556,1319,724,414,133
457.5,1921,1873,1762,1633,1363,786,445,126
458.5,1872,1813,1695,1565,1339,772,437,129
459.5,2228,2179,2069,1935,1641,943,547,167
460.5,2986,2925,2759,2588,2231,1316,786,241
461.5,4285,4228,4031,3780,3274,1975,1190,412
462.5,5098,5045,4834,4549,4032,2564,1602,540
463.5,5118,5062,4838,4610,4035,2524,1508,494
464.5,3855,3803,3640,3443,3030,1863,1092,389
465.5,2548,2507,2383,2220,1917,1132,661,220
466.5,2091,2037,1923,1775,1526,889,550,186
467.5,1873,1836,1729,1609,1340,760,422,133
468.5,1760,1727,1607,1465,1231,700,417,128
469.5,1747,1703,1591,1461,1227,669,404,124
470.5,1697,1655,1547,1418,1200,681,375,118
471.5,1822,1775,1665,1530,1280,687,380,111
472.5,1856,1801,1685,1553,1307,749,447,162
473.5,1849,1796,1681,1553,1281,733,424,128
474.5,1868,1816,1692,1546,1306,708,403,132
475.5,1854,1812,1675,1542,1276,702,378,103
476.5,1940,1898,1768,1634,1381,770,432,132
477.5,1929,1884,1766,1621,1358,774,451,135
478.5,1966,1911,1787,1646,1390,782,444,121
479.5,1937,1894,1774,1645,1413,788,493,162
480.5,1839,1789,1662,1511,1287,693,415,136
481.5,1798,1746,1622,1471,1238,696,418,126
482.5,1760,1718,1592,1464,1221,705,408,130
483.5,1792,1744,1619,1473,1236,664,381,115
484.5,1780,1730,1605,1480,1237,683,396,127
485.5,1737,1701,1577,1442,1227,673,379,103
486.5,1856,1795,1658,1521,1260,674,372,121
487.5,1724,1657,1552,1416,1205,671,360,101
488.5,1790,1745,1633,1511,1277,718,433,128
489.5,1768,1726,1579,1458,1203,641,373,106
490.5,1786,1744,1629,1472,1249,678,418,123
491.5,1841,1794,1670,1532,1280,712,416,119
492.5,1748,1709,1599,1456,1208,697,413,134
493.5,1787,1742,1610,1468,1234,677,395,136
494.5,1739,1695,1571,1431,1197,661,362,126
495.5,1812,1750,1611,1481,1228,699,413,130
496.5,1790,1734,1589,1452,1224,709,408,144
497.5,1742,1682,1543,1398,1175,695,399,137
498.5,1737,1677,1566,1429,1198,673,368,117
499.5,1750,1707,1577,1444,1199,648,376,105
500.5,1744,1692,1557,1424,1194,702,394,127
501.5,1809,1756,1641,1499,1266,705,424,125
502.5,1898,1852,1713,1554,1285,726,442,135
503.5,1891,1839,1694,1560,1330,748,441,136
504.5,1948,1884,1736,1593,1340,773,459,152
505.5,1980,1938,1802,1654,1390,782,443,155
506.5,2498,2439,2268,2067,1763,1031,647,232
507.5,3721,3658,3423,3182,2720,1701,1018,375
508.5,6013,5944,5603,5278,4680,2941,1801,630
509.5,8746,8657,8272,7820,6959,4527,2881,1069
510.5,9767,9663,9293,8804,7885,5107,3254,1237
511.5,8297,8210,7885,7497,6679,4349,2687,967
512.5,5444,5389,5135,4859,4328,2778,1730,629
513.5,3223,3168,2982,2782,2389,1460,906,311
514.5,2105,2062,1914,1770,1484,868,492,168
515.5,1839,1782,1647,1521,1291,721,412,136
516.5,1750,1698,1559,1415,1195,687,375,127
517.5,1632,1592,1457,1324,1110,591,350,89
518.5,1631,1589,1470,1349,1114,627,347,116
519.5,1664,1612,1477,1364,1137,669,392,131
520.5,1734,1695,1568,1412,1186,684,390,113
521.5,1620,1572,1438,1327,1101,647,384,135
522.5,1709,1650,1495,1377,1136,626,373,123
523.5,1725,1674,1534,1394,1164,670,378,124
524.5,1730,1684,1551,1426,1190,663,366,136
525.5,1641,1586,1461,1331,1115,641,371,107
526.5,1624,1573,1447,1324,1090,622,353,129
527.5,1576,1528,1394,1257,1054,602,349,112
528.5,1687,1627,1489,1369,1130,655,385,126
529.5,1651,1603,1466,1326,1105,596,358,125
530.5,1649,1603,1457,1328,1107,620,364,130
531.5,1594,1529,1390,1271,1056,578,342,127
532.5,1566,1530,1404,1272,1051,593,350,114
533.5,1612,1578,1447,1311,1089,626,366,124
534.5,1649,1586,1470,1340,1116,653,417,143
535.5,1733,1676,1523,1383,1145,645,376,121
536.5,1609,1565,1429,1299,1087,633,352,118
537.5,1576,1529,1397,1251,1050,577,319,103
538.5,1661,1606,1447,1324,1110,600,339,111
539.5,1656,1620,1481,1341,1121,647,380,108
540.5,1624,1566,1443,1311,1112,633,383,123
541.5,1607,1556,1406,1272,1075,649,403,144
542.5,1636,1591,1456,1350,1150,647,377,132
543.5,1577,1536,1399,1296,1062,595,354,105
544.5,1621,1570,1462,1335,1104,618,378,132
545.5,1669,1610,1482,1362,1152,688,416,130
546.5,1728,1667,1523,1391,1187,700,435,148
547.5,1761,1705,1565,1421,1214,713,416,146
548.5,1747,1693,1554,1415,1189,684,393,145
549.5,1669,1608,1489,1370,1135,642,374,134
550.5,1650,1602,1491,1372,1158,653,356,111
551.5,1711,1661,1532,1393,1173,699,423,138
552.5,1632,1581,1459,1332,1107,662,394,149
553.5,1617,1566,1439,1310,1117,645,408,152
554.5,1643,1606,1461,1312,1095,656,377,107
555.5,1672,1626,1493,1377,1178,659,385,134
556.5,1544,1488,1356,1233,1055,599,346,107
557.5,1650,1603,1453,1319,1099,648,373,124
558.5,1641,1566,1441,1314,1107,634,378,147
559.5,1675,1623,1505,1380,1171,708,428,142
560.5,1776,1724,1571,1434,1205,721,448,150
561.5,2025,1979,1835,1694,1487,945,586,224
562.5,2151,2101,1911,1779,1518,931,590,205
563.5,2137,2083,1941,1791,1522,961,593,247
564.5,1946,1901,1746,1602,1361,787,475,180
565.5,1742,1695,1562,1412,1206,740,418,141
566.5,1621,1571,1439,1316,1111,637,386,138
567.5,1637,1596,1443,1320,1122,644,382,131
568.5,1646,1590,1443,1315,1104,642,381,139
569.5,1686,1642,1516,1372,1165,659,405,134
570.5,1717,1668,1537,1414,1167,683,426,145
571.5,1709,1667,1515,1393,1200,719,441,145
572.5,1806,1755,1598,1457,1243,695,428,160
573.5,1726,1680,1535,1410,1203,711,425,148
574.5,1625,1582,1470,1356,1131,646,396,147
575.5,1649,1590,1451,1336,1145,661,386,147
576.5,1690,1653,1514,1402,1182,734,453,156
577.5,1751,1698,1556,1423,1204,691,417,152
578.5,1980,1921,1750,1593,1363,825,509,180
579.5,2671,2606,2388,2180,1896,1177,727,272
580.5,5321,5224,4891,4556,4012,2624,1742,713
581.5,11380,11248,10633,10026,9007,6189,4135,1643
582.5,19483,19350,18541,17635,15976,10943,7312,2934
583.5,23552,23400,22534,21565,19574,13468,8942,3656
584.5,19458,19321,18701,17918,16296,11225,7454,3050
585.5,10844,10748,10359,9927,8996,6141,4050,1607
586.5,4715,4654,4429,4194,3730,2525,1632,645
587.5,2204,2157,2002,1851,1600,980,611,239
588.5,1555,1508,1372,1279,1088,634,378,136
589.5,1450,1402,1250,1132,931,544,308,105
590.5,1492,1446,1318,1214,1023,595,332,118
591.5,1364,1320,1205,1090,926,530,329,115
592.5,1559,1512,1375,1265,1040,608,330,122
593.5,1498,1445,1309,1186,969,535,314,98
594.5,1427,1389,1259,1133,941,518,311,102
595.5,1364,1317,1199,1093,887,496,288,87
596.5,1411,1354,1231,1114,920,535,294,95
597.5,1368,1321,1178,1060,877,511,298,95
598.5,1357,1318,1207,1093,902,500,290,112
599.5,1413,1364,1228,1101,927,536,299,102
600.5,1438,1389,1253,1135,945,520,311,113
601.5,1391,1337,1191,1079,902,494,296,94
602.5,1359,1309,1202,1097,921,530,330,119
603.5,1424,1376,1257,1142,939,568,349,117
604.5,1371,1328,1204,1078,870,488,295,91
605.5,1393,1346,1233,1115,934,537,325,115
606.5,1492,1433,1296,1176,998,554,311,99
607.5,1465,1421,1292,1193,1001,570,350,115
608.5,1527,1477,1327,1203,1017,579,346,137
609.5,1542,1481,1341,1217,1009,606,359,127
610.5,1451,1401,1281,1192,1005,617,369,145
611.5,1478,1433,1312,1195,999,578,353,117
612.5,1449,1401,1275,1155,975,557,312,107
613.5,1405,1353,1225,1114,954,555,312,117
614.5,1359,1318,1216,1094,893,528,300,102
615.5,1421,1368,1241,1126,944,564,340,125
616.5,1453,1405,1264,1138,945,549,335,129
617.5,1463,1404,1282,1178,992,554,347,120
618.5,1449,1405,1283,1148,959,553,336,108
619.5,1473,1420,1273,1166,965,584,354,119
620.5,1493,1430,1310,1184,991,583,317,108
621.5,1506,1448,1312,1211,1005,610,355,125
622.5,1439,1391,1274,1159,971,537,313,117
623.5,1483,1428,1303,1191,992,617,383,144
624.5,1422,1373,1238,1127,937,563,333,116
625.5,1531,1475,1330,1199,991,593,357,136
626.5,1463,1416,1271,1151,955,533,312,123
627.5,1480,1426,1288,1185,995,589,334,103
628.5,1463,1411,1289,1173,981,566,342,134
629.5,1546,1492,1335,1192,987,589,357,150
630.5,1433,1380,1265,1163,967,582,344,119
631.5,1520,1463,1303,1200,1009,569,339,115
632.5,1474,1426,1274,1156,969,563,336,121
633.5,1411,1369,1213,1099,907,535,309,97
634.5,1547,1492,1358,1212,1019,593,356,130
635.5,1405,1349,1232,1108,935,567,345,136
636.5,1477,1438,1292,1149,950,562,336,113
637.5,1421,1381,1256,1143,932,573,347,142
638.5,1432,1383,1239,1119,945,557,335,111
639.5,1446,1395,1285,1175,999,595,374,140
640.5,1405,1357,1218,1116,964,580,346,99
641.5,1488,1429,1300,1178,983,563,331,116
642.5,1429,1369,1257,1161,966,556,327,111
643.5,1462,1404,1265,1150,972,554,335,102
644.5,1381,1327,1187,1071,898,516,319,112
645.5,1419,1374,1246,1136,953,578,345,127
646.5,1484,1442,1312,1192,1007,573,350,120
647.5,1475,1420,1296,1172,989,578,355,121
648.5,1384,1345,1223,1111,929,548,320,101
649.5,1474,1425,1290,1169,966,568,356,126
650.5,1412,1368,1243,1144,937,555,331,127
651.5,1437,1398,1282,1185,1012,594,370,150
652.5,1437,1393,1259,1143,971,590,399,151
653.5,1405,1363,1219,1103,901,528,318,116
654.5,1352,1303,1170,1068,898,509,311,115
655.5,1410,1358,1210,1105,922,538,330,111
656.5,1480,1437,1290,1172,956,568,335,118
657.5,1470,1414,1253,1142,945,557,340,123
658.5,1415,1367,1203,1102,905,523,320,114
659.5,1517,1453,1323,1191,981,593,369,147
660.5,1472,1422,1291,1165,967,572,364,118
661.5,1462,1420,1283,1169,992,602,361,141
662.5,1401,1335,1205,1083,896,521,306,100
663.5,1446,1399,1259,1135,937,576,348,114
664.5,1386,1335,1197,1082,884,531,336,120
665.5,1521,1467,1342,1208,990,577,339,102
666.5,1418,1368,1226,1099,910,534,334,123
667.5,1488,1445,1305,1184,995,597,372,143
668.5,1431,1380,1221,1114,939,537,321,123
669.5,1505,1433,1292,1152,946,558,337,128
670.5,1543,1481,1352,1231,1037,635,373,128
671.5,1484,1414,1271,1149,945,575,365,124
672.5,1561,1515,1355,1243,1009,570,332,117
673.5,1534,1472,1326,1209,1034,626,393,153
674.5,1521,1466,1309,1196,1000,601,388,164
675.5,1582,1517,1371,1229,1028,628,381,153
676.5,1597,1545,1399,1263,1058,652,389,139
677.5,1584,1525,1370,1253,1033,631,394,154
678.5,1502,1457,1299,1177,973,600,358,129
679.5,1452,1386,1247,1132,926,539,325,110
680.5,1538,1474,1312,1189,1002,579,328,111
681.5,1448,1406,1251,1122,917,549,314,124
682.5,1479,1422,1264,1127,953,549,312,127
683.5,1503,1445,1285,1142,934,568,363,126
684.5,1543,1490,1325,1200,1000,568,333,115
685.5,1506,1430,1289,1171,974,549,319,132
686.5,1505,1450,1294,1176,989,571,333,124
687.5,1555,1504,1349,1223,1008,610,341,132
688.5,1598,1541,1377,1236,1034,633,392,127
689.5,1623,1567,1407,1278,1063,603,345,116
690.5,1573,1510,1356,1225,1006,559,363,121
691.5,1572,1509,1330,1189,987,611,367,132
692.5,1580,1516,1347,1209,1002,571,345,119
693.5,1510,1450,1284,1156,994,563,332,104
694.5,1621,1566,1395,1241,1025,593,328,105
695.5,1600,1537,1394,1250,1042,604,338,112
696.5,1604,1534,1378,1233,1026,601,368,137
697.5,1610,1543,1395,1277,1052,611,360,130
698.5,1549,1494,1338,1186,997,585,349,152
699.5,1570,1517,1361,1201,999,612,347,119
700.5,1678,1609,1437,1291,1074,644,403,145
701.5,1659,1589,1411,1260,1059,622,370,131
702.5,1748,1678,1523,1367,1143,671,411,151
703.5,1705,1649,1456,1318,1092,640,380,138
704.5,1613,1536,1372,1227,1023,645,402,151
705.5,1598,1545,1385,1249,1029,615,381,126
706.5,1596,1543,1381,1250,1030,596,359,129
707.5,1676,1598,1448,1305,1097,667,401,147
708.5,1611,1548,1388,1255,1047,631,394,150
709.5,1554,1500,1375,1252,1063,635,415,147
710.5,1522,1476,1320,1186,1012,611,363,124
711.5,1553,1477,1346,1219,1049,638,415,160
712.5,1521,1455,1299,1171,981,585,339,115
713.5,1506,1439,1296,1170,991,590,343,133
714.5,1347,1301,1170,1059,882,519,314,110
715.5,1372,1328,1201,1082,895,542,319,138
716.5,1409,1362,1246,1153,995,632,379,127
717.5,1349,1301,1183,1073,913,551,339,118
718.5,1329,1277,1162,1066,911,540,335,123
719.5,1387,1338,1215,1127,963,596,386,142
720.5,1384,1338,1216,1120,964,606,391,138
721.5,1466,1422,1280,1175,1005,624,392,153
722.5,1397,1340,1223,1121,969,620,399,153
723.5,1688,1639,1508,1381,1184,751,469,209
724.5,2327,2267,2094,1939,1692,1132,740,311
725.5,3874,3805,3574,3347,3006,2120,1449,612
726.5,5885,5806,5524,5273,4793,3415,2346,1034
727.5,6559,6482,6193,5920,5377,3882,2650,1184
728.5,5443,5381,5168,4942,4492,3226,2193,934
729.5,3503,3447,3276,3100,2786,1886,1289,556
730.5,1965,1916,1779,1636,1457,938,610,221
731.5,1438,1393,1288,1173,996,620,389,150
732.5,1271,1223,1107,1016,848,539,352,135
733.5,1300,1250,1109,1021,866,528,343,115
734.5,1253,1203,1077,979,845,505,316,119
735.5,1244,1189,1071,990,839,511,326,123
736.5,1249,1205,1086,987,843,522,341,128
737.5,1300,1251,1142,1048,907,558,339,128
738.5,1249,1200,1087,983,833,509,300,115
739.5,1236,1198,1096,983,809,492,315,125
740.5,1212,1153,1050,953,820,517,314,108
741.5,1286,1234,1114,1013,861,537,346,133
742.5,1221,1181,1061,968,839,515,332,126
743.5,1202,1142,1032,956,789,489,310,115
744.5,1200,1161,1033,953,787,465,293,121
745.5,1168,1112,1024,923,797,515,326,107
746.5,1212,1166,1063,981,833,505,339,118
747.5,1180,1135,1033,949,812,502,313,111
748.5,1170,1131,1019,934,796,504,306,118
749.5,1249,1199,1089,986,837,514,328,114
750.5,1243,1212,1086,977,816,491,312,122
751.5,1258,1209,1089,1002,855,535,361,124
752.5,1332,1280,1175,1066,918,589,399,164
753.5,1569,1540,1410,1302,1129,745,491,202
754.5,1793,1746,1595,1488,1314,891,624,255
755.5,1812,1761,1647,1520,1339,896,607,237
756.5,1689,1644,1520,1401,1225,804,516,180
757.5,1451,1400,1290,1188,1033,668,426,154
758.5,1291,1246,1123,1035,889,548,343,135
759.5,1180,1135,1044,947,811,484,320,127
760.5,1295,1253,1125,1032,892,547,337,140
761.5,1364,1328,1224,1126,971,636,387,157
762.5,1446,1389,1283,1173,1027,672,448,194
763.5,1521,1486,1397,1308,1146,763,495,202
764.5,1411,1364,1251,1171,1011,656,430,159
765.5,1199,1156,1077,1001,850,575,383,138
766.5,1061,1019,930,849,715,459,302,126
767.5,1090,1056,960,888,771,476,309,116
768.5,1051,1010,930,862,749,499,329,134
769.5,1181,1147,1060,1000,870,579,375,157
770.5,1496,1469,1368,1288,1145,772,502,219
771.5,1915,1879,1776,1673,1508,1073,742,301
772.5,1977,1948,1848,1762,1597,1115,750,314
773.5,1812,1778,1688,1604,1442,1004,674,272
774.5,1384,1347,1272,1203,1071,727,505,211
775.5,1108,1082,1015,962,842,562,381,149
776.5,973,949,883,810,719,481,317,125
777.5,932,899,828,758,672,440,285,109
778.5,942,917,851,791,682,446,289,103
779.5,928,897,817,748,648,415,273,104
780.5,1062,1037,949,891,781,527,367,138
781.5,1228,1186,1098,1023,906,602,389,156
782.5,1338,1315,1235,1166,1053,751,496,210
783.5,1445,1405,1311,1240,1112,771,521,226
784.5,1577,1542,1447,1365,1231,858,604,255
785.5,1694,1656,1580,1494,1353,911,633,272
786.5,1424,1391,1325,1243,1130,785,555,229
787.5,1147,1125,1065,1001,887,646,450,184
788.5,916,884,827,790,691,480,304,118
789.5,857,834,766,713,632,419,260,104
790.5,956,930,858,787,689,445,300,133
791.5,1134,1095,1011,940,832,572,384,149
792.5,1819,1779,1669,1579,1431,1003,686,271
793.5,2798,2746,2614,2490,2285,1630,1109,487
794.5,3636,3592,3458,3319,3049,2185,1496,669
795.5,3547,3507,3357,3205,2950,2161,1518,662
796.5,2541,2507,2404,2298,2120,1500,1085,465
797.5,1501,1459,1389,1319,1195,822,556,229
798.5,961,925,868,815,730,486,326,130
799.5,804,770,708,665,581,374,242,100
800.5,744,721,661,612,519,335,216,73
801.5,718,682,640,599,528,344,222,78
802.5,714,689,642,600,514,345,221,78
803.5,666,638,581,554,486,308,173,63
804.5,667,644,610,550,481,312,193,66
805.5,706,683,626,584,506,330,226,90
806.5,675,643,598,550,466,310,204,76
807.5,663,636,589,554,490,314,206,71
808.5,674,644,592,541,475,312,192,75
809.5,685,646,603,560,485,333,211,81
810.5,636,606,559,518,450,293,184,77
811.5,666,633,585,533,457,306,204,83
812.5,634,609,549,511,443,291,188,70
813.5,644,621,575,544,470,299,188,79
814.5,659,628,585,550,489,336,214,81
815.5,635,613,564,516,447,303,186,74
816.5,673,652,594,551,486,324,206,75
817.5,685,653,606,554,493,310,198,82
818.5,650,624,574,541,471,307,197,73
819.5,630,601,555,516,445,292,196,86
820.5,638,614,559,520,442,296,186,79
821.5,683,664,611,565,492,346,218,99
822.5,641,609,565,523,463,299,193,63
823.5,624,603,547,502,441,299,195,72
824.5,671,646,592,537,474,314,208,87
825.5,661,636,594,549,475,320,220,68
826.5,668,633,579,531,455,295,205,86
827.5,715,676,626,578,505,338,225,83
828.5,809,782,734,686,602,423,278,94
829.5,974,946,887,836,738,500,345,159
830.5,1014,989,936,878,784,562,378,152
831.5,967,944,879,827,745,511,344,157
832.5,939,915,855,800,716,493,342,139
833.5,1102,1077,1013,953,865,611,419,185
834.5,1485,1461,1390,1306,1177,849,606,268
835.5,1724,1690,1621,1547,1401,1031,720,309
836.5,1531,1499,1437,1371,1250,902,630,266
837.5,1261,1236,1187,1131,1013,711,489,211
838.5,1149,1130,1078,1016,903,637,446,191
839.5,1133,1113,1044,980,890,639,444,191
840.5,1191,1172,1122,1058,955,683,464,195
841.5,1027,1006,950,906,823,570,396,174
842.5,777,760,704,662,587,392,269,104
843.5,592,564,533,493,436,305,201,78
844.5,547,525,486,452,402,255,177,70
845.5,535,510,477,448,390,258,158,65
846.5,533,508,464,426,372,249,171,62
847.5,495,468,437,395,331,215,145,53
848.5,493,470,436,412,359,226,144,57
849.5,487,475,443,413,370,238,146,54
850.5,501,484,445,400,342,221,146,58
851.5,565,554,510,474,408,277,190,70
852.5,536,504,468,435,383,262,184,77
853.5,497,470,429,407,361,251,169,74
854.5,531,503,461,429,372,248,173,65
855.5,589,560,525,492,427,283,191,81
856.5,658,621,580,543,479,329,222,89
857.5,1032,1008,945,894,794,556,389,163
858.5,1811,1778,1663,1580,1439,1039,715,341
859.5,2895,2856,2747,2646,2425,1762,1228,569
860.5,3457,3424,3292,3156,2906,2150,1508,671
861.5,2993,2959,2850,2758,2529,1870,1299,566
862.5,1876,1842,1754,1681,1537,1111,767,355
863.5,959,936,890,852,757,532,386,155
864.5,565,545,513,487,429,293,203,93
865.5,508,489,445,414,353,223,134,54
866.5,461,433,404,389,339,225,153,62
867.5,495,466,431,393,341,233,165,61
868.5,480,451,419,385,343,237,160,67
869.5,512,502,462,424,372,242,165,68
870.5,482,456,425,396,353,242,173,85
871.5,527,504,463,425,374,245,150,59
872.5,490,474,438,403,353,239,163,68
873.5,532,507,465,437,391,254,171,69
874.5,500,469,435,402,357,222,139,63
875.5,488,469,429,409,371,231,149,57
876.5,431,410,370,348,299,203,127,48
877.5,449,434,405,378,336,219,147,52
878.5,431,411,373,349,297,207,138,47
879.5,452,434,392,362,313,208,132,51
880.5,429,406,368,337,296,191,113,45
881.5,402,383,357,328,281,190,132,52
882.5,481,460,411,379,331,223,143,63
883.5,443,428,386,353,309,210,141,48
884.5,473,456,423,384,333,228,143,69
885.5,430,413,382,354,301,211,130,60
886.5,470,456,408,373,325,225,153,64
887.5,453,436,402,376,340,209,146,54
888.5,436,416,392,368,329,214,150,64
889.5,473,451,416,382,338,227,148,63
890.5,496,463,430,393,352,239,160,67
891.5,495,479,443,412,361,261,172,81
892.5,620,598,564,530,475,312,221,94
893.5,669,650,607,572,517,361,248,107
894.5,617,589,549,507,457,323,211,82
895.5,517,503,464,444,405,271,186,79
896.5,504,477,435,397,347,246,155,57
897.5,435,420,393,365,316,214,135,62
898.5,459,439,406,382,327,226,144,51
899.5,472,452,418,392,345,238,162,71
900.5,516,492,454,422,370,260,167,59
901.5,609,584,538,508,441,303,198,86
902.5,720,699,650,609,550,382,263,99
903.5,909,891,835,795,721,497,328,147
904.5,945,918,863,809,733,549,378,155
905.5,959,930,877,826,751,535,362,151
906.5,1023,988,920,852,754,552,397,182
907.5,1757,1705,1589,1478,1324,974,641,275
908.5,4281,4208,3928,3706,3400,2546,1774,820
909.5,9120,9022,8649,8266,7623,5642,4020,1799
910.5,14930,14808,14308,13774,12792,9506,6688,3013
911.5,16989,16879,16373,15798,14699,10996,7715,3479
912.5,13313,13221,12859,12427,11561,8683,6079,2700
913.5,7063,7012,6839,6627,6173,4638,3265,1462
914.5,2582,2556,2481,2411,2251,1649,1172,513
915.5,891,872,837,794,720,502,349,136
916.5,440,421,395,357,304,203,130,59
917.5,350,327,301,274,233,146,95,45
918.5,359,338,314,276,237,162,103,44
919.5,350,335,302,284,249,161,106,46
920.5,388,367,331,301,256,172,112,38
921.5,353,336,307,281,240,166,100,42
922.5,328,312,288,267,235,165,108,48
923.5,322,309,274,247,213,143,91,47
924.5,334,318,290,264,228,150,101,43
925.5,359,342,316,291,255,159,97,43
926.5,363,342,308,278,238,157,113,42
927.5,340,320,292,268,231,159,108,42
928.5,362,348,310,287,245,170,114,45
929.5,402,378,343,320,272,177,108,42
930.5,380,360,328,309,273,174,117,48
931.5,371,347,320,300,265,178,118,38
932.5,369,350,312,287,249,167,108,38
933.5,321,298,269,242,213,142,93,37
934.5,331,318,288,271,226,141,94,38
935.5,345,324,300,272,230,159,99,35
936.5,320,302,281,256,215,134,85,28
937.5,361,342,297,272,233,157,99,33
938.5,338,316,289,261,220,152,101,42
939.5,371,360,325,297,253,149,99,41
940.5,326,309,276,256,221,149,93,34
941.5,356,343,314,287,241,161,102,30
942.5,376,360,332,308,270,181,109,50
943.5,375,358,318,302,274,186,129,48
944.5,401,385,352,329,292,192,131,58
945.5,360,344,311,280,251,158,104,42
946.5,384,362,330,304,264,168,109,44
947.5,415,400,364,331,287,186,121,40
948.5,424,411,381,362,317,217,134,49
949.5,375,359,321,296,258,172,118,49
950.5,424,402,377,358,325,222,136,56
951.5,434,420,387,356,327,213,143,51
952.5,468,443,406,374,321,223,156,69
953.5,458,441,411,388,347,236,148,58
954.5,380,369,334,304,264,184,125,52
955.5,412,399,371,342,293,191,115,45
956.5,419,403,368,342,307,215,156,64
957.5,481,469,432,410,373,248,159,66
958.5,551,537,501,469,421,280,177,75
959.5,545,525,487,456,401,281,197,95
960.5,555,532,488,455,404,286,190,74
961.5,769,737,665,613,556,385,258,107
962.5,1452,1430,1344,1271,1157,864,626,263
963.5,2533,2504,2397,2292,2098,1572,1083,503
964.5,3502,3476,3338,3204,2924,2166,1525,676
965.5,4106,4052,3882,3732,3454,2531,1783,785
966.5,4799,4727,4520,4336,3967,2955,2110,887
967.5,6832,6769,6533,6312,5824,4339,3022,1329
968.5,9415,9326,9016,8678,8060,6031,4270,1864
969.5,10049,9981,9702,9366,8658,6511,4586,2041
970.5,7457,7405,7210,6951,6469,4846,3357,1407
971.5,3842,3802,3708,3586,3325,2479,1775,773
972.5,1449,1419,1353,1286,1192,875,606,266
973.5,525,510,474,442,390,271,188,83
974.5,311,294,261,231,201,130,83,34
975.5,312,293,261,241,204,134,81,24
976.5,286,272,249,238,203,118,71,25
977.5,297,279,256,229,192,116,67,26
978.5,281,272,246,224,183,104,66,28
979.5,274,258,227,205,173,104,60,18
980.5,318,296,265,248,214,143,74,21
981.5,286,271,242,216,183,100,56,23
982.5,306,286,258,233,206,121,80,34
983.5,317,299,264,236,194,128,87,36
984.5,291,276,255,238,195,121,75,29
985.5,313,286,260,234,206,128,77,23
986.5,326,297,279,243,212,131,80,33
987.5,350,333,317,295,249,157,101,42
988.5,347,332,311,281,251,173,107,48
989.5,323,307,281,258,222,141,90,32
990.5,337,320,289,267,230,137,82,32
991.5,263,252,218,202,159,103,65,21
992.5,283,265,236,209,181,118,75,26
993.5,263,244,215,194,156,86,51,19
994.5,259,239,215,194,162,99,61,22
995.5,245,226,208,188,158,93,57,13
996.5,269,246,221,200,178,128,79,27
997.5,239,226,206,183,144,88,54,15
998.5,248,227,195,175,147,90,50,21
999.5,262,239,214,191,163,99,66,21
1000.5,249,229,206,186,159,95,59,12
1001.5,285,271,245,227,189,118,76,25
1002.5,259,244,217,193,160,102,55,17
1003.5,293,269,241,215,171,104,58,20
1004.5,255,240,208,181,152,83,48,16
1005.5,257,239,211,184,146,98,49,10
1006.5,266,247,223,198,168,104,67,19
1007.5,296,279,248,228,201,124,76,28
1008.5,235,216,197,174,149,89,49,17
1009.5,273,262,233,202,174,95,61,24
1010.5,275,254,233,213,182,103,60,24
1011.5,273,251,226,203,162,89,51,22
1012.5,268,247,226,203,172,93,58,18
1013.5,267,252,229,204,173,98,63,23
1014.5,262,246,227,204,166,105,58,19
1015.5,309,287,258,239,194,118,75,32
1016.5,265,258,231,204,170,104,57,22
1017.5,294,281,249,219,187,111,62,24
1018.5,282,264,238,205,179,108,72,23
1019.5,296,275,252,237,197,111,74,22
1020.5,274,260,239,217,188,117,71,28
1021.5,262,241,219,202,163,95,48,16
1022.5,287,272,244,222,183,121,64,25
1023.5,275,260,231,211,173,109,80,31
1024.5,270,258,229,208,176,105,60,22
1025.5,274,256,225,213,176,112,68,30
1026.5,281,258,233,211,176,108,68,24
1027.5,274,259,231,215,176,112,74,27
1028.5,295,276,242,217,184,115,63,24
1029.5,269,258,236,208,173,120,69,21
1030.5,270,255,224,205,180,121,70,24
1031.5,325,310,283,258,232,150,91,35
1032.5,386,365,326,298,259,171,125,45
1033.5,360,349,324,295,272,171,116,51
1034.5,305,285,259,241,198,126,87,26
1035.5,304,285,263,240,212,141,94,47
1036.5,269,253,227,204,167,107,67,26
1037.5,262,241,211,191,162,96,59,19
1038.5,291,277,246,225,196,113,75,30
1039.5,288,271,239,225,193,126,71,20
1040.5,297,280,257,234,200,135,85,31
1041.5,301,284,254,231,196,131,81,31
1042.5,297,282,256,237,204,130,91,32
1043.5,291,277,246,218,180,109,63,25
1044.5,229,221,189,172,143,82,50,22
1045.5,251,241,214,190,169,112,76,28
1046.5,241,227,201,180,143,97,49,23
1047.5,246,235,210,194,164,104,64,20
1048.5,242,228,196,179,152,93,55,21
1049.5,255,243,212,199,161,101,62,18
1050.5,239,227,202,187,159,101,60,25
1051.5,264,241,213,195,164,99,54,19
1052.5,283,267,230,212,180,99,70,16
1053.5,236,215,194,177,159,102,61,24
1054.5,281,269,248,227,198,121,76,25
1055.5,262,243,214,197,166,95,58,19
1056.5,259,241,210,185,159,99,56,20
1057.5,280,264,243,217,177,111,66,17
1058.5,241,225,206,180,163,109,64,25
1059.5,234,220,194,171,150,84,50,20
1060.5,246,223,197,171,147,86,57,20
1061.5,259,239,213,195,158,106,60,23
1062.5,267,253,225,205,173,113,79,27
1063.5,287,276,249,228,202,136,91,44
1064.5,345,323,300,269,236,155,103,51
1065.5,348,334,316,287,248,173,115,44
1066.5,294,279,259,243,209,120,87,26
1067.5,304,290,268,244,209,138,93,31
1068.5,300,276,239,216,187,110,66,27
1069.5,277,261,225,207,168,103,53,21
1070.5,261,246,219,198,160,90,56,25
1071.5,271,253,222,204,171,107,64,23
1072.5,263,243,208,188,159,93,57,17
1073.5,279,262,238,221,186,116,72,31
1074.5,270,255,222,195,174,111,66,26
1075.5,289,281,253,234,197,127,82,29
1076.5,368,350,321,289,255,183,118,48
1077.5,451,441,414,375,333,225,147,54
1078.5,555,539,509,480,429,300,210,83
1079.5,495,481,447,415,364,247,165,74
1080.5,462,441,413,392,358,246,152,66
1081.5,362,347,320,293,260,165,109,49
1082.5,280,266,241,225,198,120,79,27
1083.5,249,235,216,192,167,83,52,17
1084.5,264,243,217,193,166,97,61,23
1085.5,264,246,213,188,158,90,52,17
1086.5,257,243,219,194,174,105,64,29
1087.5,232,216,200,178,147,87,53,18
1088.5,232,222,199,181,152,86,51,24
1089.5,246,237,219,203,169,98,57,22
1090.5,284,266,235,211,178,116,74,18
1091.5,293,283,259,231,197,118,69,19
1092.5,314,294,270,250,219,141,92,37
1093.5,356,340,320,295,261,176,119,61
1094.5,419,400,379,353,310,217,136,59
1095.5,403,388,355,331,284,199,143,65
1096.5,316,303,277,250,208,151,100,36
1097.5,296,282,256,239,192,135,87,34
1098.5,280,262,237,209,181,117,72,29
1099.5,258,241,218,194,160,95,58,24
1100.5,258,239,204,187,163,101,52,18
1101.5,260,245,216,195,168,86,54,6
1102.5,262,240,216,188,168,106,63,17
1103.5,257,244,215,192,157,93,66,31
1104.5,241,223,204,181,147,92,58,32
1105.5,269,250,226,200,163,102,60,24
1106.5,253,232,208,185,149,94,55,14
1107.5,281,258,229,213,194,120,83,27
1108.5,310,296,262,238,212,130,81,30
1109.5,365,342,318,292,259,178,105,34
1110.5,432,415,391,368,331,223,156,76
1111.5,418,405,385,361,315,210,136,52
1112.5,385,366,338,325,280,183,115,37
1113.5,296,278,264,240,200,129,85,30
1114.5,285,269,235,205,170,102,59,26
1115.5,266,253,226,203,171,98,61,22
1116.5,272,253,229,207,177,121,66,18
1117.5,273,251,232,210,186,123,68,23
1118.5,296,285,257,228,204,129,81,39
1119.5,292,273,241,218,190,127,84,40
1120.5,270,258,230,212,178,108,65,21
1121.5,287,276,241,224,191,118,76,29
1122.5,239,227,199,190,164,110,65,24
1123.5,298,276,246,230,189,123,71,27
1124.5,224,207,179,166,136,76,43,12
1125.5,253,244,219,196,171,107,69,23
1126.5,259,247,212,183,156,100,62,22
1127.5,236,226,203,182,152,100,56,16
1128.5,234,214,186,164,129,85,50,25
1129.5,225,209,187,166,133,86,49,13
1130.5,286,274,239,217,181,90,59,21
1131.5,262,240,215,192,165,105,65,20
1132.5,226,216,185,163,140,86,58,15
1133.5,255,240,213,185,156,87,43,14
1134.5,268,255,218,203,176,108,68,29
1135.5,263,242,214,196,157,103,51,14
1136.5,242,228,195,171,133,74,42,19
1137.5,241,225,198,173,142,79,44,17
1138.5,241,221,197,177,141,93,68,19
1139.5,265,250,225,205,173,107,62,20
1140.5,246,231,207,195,171,99,64,19
1141.5,237,220,201,185,163,96,55,23
1142.5,270,249,222,198,167,101,60,23
1143.5,253,238,203,177,145,87,47,19
1144.5,235,220,192,172,147,94,59,15
1145.5,219,205,183,159,134,84,44,12
1146.5,240,229,208,188,164,100,64,21
1147.5,294,273,248,224,193,125,71,29
1148.5,273,258,225,202,172,104,54,17
1149.5,274,258,240,221,184,104,53,16
1150.5,268,251,229,212,186,114,66,17
1151.5,304,290,262,236,198,132,88,34
1152.5,330,311,280,257,219,151,94,32
1153.5,319,307,271,243,212,142,86,30
1154.5,313,292,267,246,207,129,79,27
1155.5,316,297,270,249,211,134,93,26
1156.5,248,237,211,194,170,111,60,17
1157.5,268,251,227,200,171,97,64,26
1158.5,244,234,212,193,158,96,58,20
1159.5,271,257,230,206,174,121,63,20
1160.5,238,223,193,170,143,96,54,16
1161.5,258,233,214,192,161,97,55,21
1162.5,277,261,240,209,177,112,67,29
1163.5,292,276,245,231,191,126,87,37
1164.5,280,261,228,214,181,118,73,30
1165.5,313,302,267,244,197,139,87,24
1166.5,296,280,248,225,191,119,68,27
1167.5,251,235,209,187,161,114,64,19
1168.5,245,231,203,184,147,93,53,14
1169.5,262,248,215,192,163,88,58,14
1170.5,276,261,231,218,179,107,60,23
1171.5,258,242,217,196,158,93,54,15
1172.5,274,254,224,204,171,105,65,19
1173.5,290,280,252,226,188,105,58,15
1174.5,254,243,215,192,165,92,46,14
1175.5,283,261,235,210,183,106,65,30
1176.5,260,245,216,191,158,91,60,18
1177.5,243,221,199,176,141,88,55,20
1178.5,230,217,193,175,146,87,48,15
1179.5,232,217,199,172,138,90,46,11
1180.5,279,263,228,209,175,111,66,26
1181.5,251,235,209,185,150,80,48,14
1182.5,278,265,237,218,175,110,72,20
1183.5,279,260,233,210,184,116,63,22
1184.5,229,217,186,163,131,84,55,14
1185.5,258,245,216,200,172,120,69,27
1186.5,231,215,191,171,150,87,52,23
1187.5,227,217,194,168,136,87,54,20
1188.5,253,238,212,192,155,99,56,14
1189.5,256,241,222,199,162,98,58,17
1190.5,256,242,202,183,157,87,56,17
1191.5,264,249,223,201,173,98,70,27
1192.5,258,246,219,206,176,107,66,24
1193.5,251,237,203,169,135,74,46,16
1194.5,230,217,184,164,139,77,45,15
1195.5,246,230,207,190,171,98,57,12
1196.5,240,218,193,171,145,92,56,15
1197.5,272,254,227,200,159,91,60,24
1198.5,298,277,239,224,185,113,69,29
1199.5,282,270,241,222,190,116,78,32
1200.5,255,242,213,202,165,106,74,19
1201.5,275,262,233,211,178,114,64,18
1202.5,265,246,220,203,175,108,65,15
1203.5,269,251,230,211,175,98,62,18
1204.5,232,222,202,174,149,96,56,16
1205.5,250,237,199,178,146,91,58,16
1206.5,249,229,202,183,156,93,58,10
1207.5,288,272,242,223,192,116,69,20
1208.5,253,233,202,185,157,98,62,16
1209.5,241,228,197,174,143,79,42,15
1210.5,276,262,235,207,174,96,61,20
1211.5,237,223,202,175,146,90,51,12
1212.5,278,261,229,210,185,107,65,19
1213.5,254,242,220,194,163,107,59,20
1214.5,260,251,224,188,156,92,59,17
1215.5,253,232,212,193,160,107,65,8
1216.5,277,258,230,206,168,104,65,22
1217.5,275,263,235,207,172,89,43,12
1218.5,259,246,207,182,158,102,61,13
1219.5,268,255,236,216,178,117,58,23
1220.5,263,249,222,203,175,97,60,16
1221.5,262,246,214,193,160,96,49,18
1222.5,269,256,224,190,157,100,62,16
1223.5,274,257,231,205,177,100,65,21
1224.5,257,239,213,189,160,105,63,25
1225.5,257,240,219,197,163,107,68,20
1226.5,264,247,217,189,158,102,64,22
1227.5,248,239,211,188,156,101,60,20
1228.5,253,237,208,190,153,98,61,15
1229.5,286,279,243,212,180,108,63,22
1230.5,281,272,246,214,185,110,64,25
1231.5,277,263,238,205,169,105,69,19
1232.5,240,229,213,190,153,84,46,17
1233.5,275,257,227,202,165,100,58,13
1234.5,276,262,242,215,182,115,65,18
1235.5,258,239,201,188,163,103,65,22
1236.5,259,246,224,200,168,107,66,18
1237.5,281,261,233,212,179,111,69,23
1238.5,286,271,240,208,174,102,66,26
1239.5,253,234,208,182,156,104,72,25
1240.5,246,226,202,189,161,96,58,20
1241.5,279,267,239,215,178,106,72,32
1242.5,294,279,258,236,201,139,90,22
1243.5,325,308,277,254,223,129,83,28
1244.5,370,356,322,296,254,160,95,36
1245.5,517,494,455,419,369,260,176,69
1246.5,549,533,491,463,412,287,199,82
1247.5,535,510,464,435,393,268,180,59
1248.5,474,456,429,392,350,249,150,58
1249.5,388,367,332,307,260,171,106,31
1250.5,354,336,303,266,229,153,93,36
1251.5,288,276,251,229,194,129,86,26
1252.5,273,259,226,212,176,104,64,20
1253.5,269,254,221,194,162,99,56,18
1254.5,254,234,213,193,171,97,59,28
1255.5,255,243,221,203,173,107,62,18
1256.5,248,237,207,189,160,102,54,15
1257.5,290,273,245,219,177,103,66,28
1258.5,254,238,210,192,155,99,64,20
1259.5,283,267,228,202,169,112,73,22
1260.5,278,265,239,213,189,110,65,23
1261.5,253,244,216,185,162,105,66,20
1262.5,271,257,226,208,172,96,56,15
1263.5,269,253,226,201,163,94,59,16
1264.5,275,260,234,206,166,99,56,13
1265.5,236,220,204,187,149,84,46,13
1266.5,268,260,237,213,174,112,72,25
1267.5,270,258,225,199,168,100,63,20
1268.5,285,262,232,208,190,116,71,17
1269.5,258,240,211,186,163,103,63,20
1270.5,251,238,215,185,149,95,53,11
1271.5,235,217,191,172,135,88,48,17
1272.5,275,254,221,192,160,93,50,17
1273.5,286,267,243,218,191,125,66,22
1274.5,267,252,230,213,170,107,68,20
1275.5,257,245,214,191,150,95,62,17
1276.5,290,273,252,226,188,103,63,23
1277.5,266,249,218,193,158,106,66,19
1278.5,256,244,212,190,156,98,58,12
1279.5,290,270,247,220,184,118,62,13
1280.5,281,268,239,217,183,119,70,16
1281.5,271,251,224,197,162,100,53,13
1282.5,297,282,247,216,185,117,70,18
1283.5,252,237,212,192,159,93,56,18
1284.5,291,273,235,205,175,102,63,17
1285.5,302,288,262,241,206,141,89,28
1286.5,315,300,261,238,202,122,70,20
1287.5,337,322,297,269,217,138,78,28
1288.5,318,308,283,260,209,128,81,27
1289.5,268,252,225,204,181,109,63,17
1290.5,262,246,224,196,161,104,62,13
1291.5,273,250,221,204,165,94,49,22
1292.5,248,226,202,179,147,102,67,17
1293.5,290,275,251,232,200,121,69,16
1294.5,255,243,221,200,166,106,53,14
1295.5,255,244,214,197,164,104,72,26
1296.5,226,216,195,177,146,81,56,13
1297.5,250,239,216,204,172,101,64,16
1298.5,263,250,218,196,163,90,60,21
1299.5,274,260,233,211,167,99,66,19
1300.5,257,246,223,206,173,108,64,15
1301.5,280,266,227,206,171,113,69,24
1302.5,260,249,217,193,156,104,67,22
1303.5,252,233,220,190,169,100,57,16
1304.5,248,231,206,189,161,89,57,21
1305.5,261,247,219,198,156,94,64,16
1306.5,279,265,235,213,179,122,74,26
1307.5,252,236,199,184,165,93,49,10
1308.5,275,259,238,217,194,127,76,26
1309.5,290,278,246,229,195,127,77,14
1310.5,309,289,257,230,198,127,77,18
1311.5,264,251,222,193,163,110,62,13
1312.5,265,245,217,194,155,92,60,24
1313.5,259,246,221,196,168,98,56,14
1314.5,291,274,244,222,190,123,72,27
1315.5,267,249,227,207,170,107,57,15
1316.5,273,260,224,204,173,121,70,22
1317.5,241,229,198,180,153,93,50,18
1318.5,263,245,223,188,148,90,54,20
1319.5,267,256,231,202,168,116,64,18
1320.5,268,257,230,204,171,95,61,20
1321.5,254,243,217,193,155,88,47,16
1322.5,265,250,234,215,176,105,67,19
1323.5,259,244,201,186,153,94,58,10
1324.5,271,254,229,205,168,100,59,18
1325.5,276,260,226,203,166,101,60,21
1326.5,269,256,218,195,156,93,45,16
1327.5,281,263,231,208,167,101,57,17
1328.5,242,222,194,169,134,73,42,15
1329.5,275,259,221,196,152,99,53,22
1330.5,294,276,238,211,186,118,70,20
1331.5,255,246,217,191,163,107,61,24
1332.5,283,271,241,213,182,115,71,23
1333.5,276,259,227,204,179,106,69,23
1334.5,280,262,227,203,174,106,66,17
1335.5,289,274,243,214,186,118,77,32
1336.5,289,277,253,225,184,105,68,17
1337.5,248,227,206,185,155,104,64,19
1338.5,256,237,218,195,160,103,62,12
1339.5,272,255,229,208,179,93,54,18
1340.5,267,247,217,199,174,105,72,22
1341.5,264,245,218,193,166,103,65,14
1342.5,236,228,204,177,152,90,55,17
1343.5,287,271,232,213,171,104,60,18
1344.5,265,256,231,195,165,104,59,15
1345.5,266,241,226,205,172,107,69,32
1346.5,283,269,243,219,189,116,74,19
1347.5,280,268,238,217,185,99,61,21
1348.5,270,257,226,196,166,105,54,17
1349.5,292,268,242,221,189,116,73,22
1350.5,282,269,241,207,172,103,62,28
1351.5,239,231,207,189,165,105,65,15
1352.5,282,260,239,222,185,119,72,20
1353.5,246,232,210,196,166,104,54,14
1354.5,269,258,232,208,177,101,61,16
1355.5,280,268,227,206,182,108,57,18
1356.5,276,259,230,196,170,100,56,16
1357.5,293,279,243,219,176,106,64,16
1358.5,266,247,221,208,171,113,58,19
1359.5,265,250,226,208,178,108,61,17
1360.5,260,242,220,199,170,104,62,17
1361.5,289,270,244,218,179,110,63,17
1362.5,251,239,212,190,153,86,42,15
1363.5,284,267,237,216,171,105,60,13
1364.5,267,258,234,214,175,105,63,22
1365.5,263,248,217,192,162,103,60,21
1366.5,256,231,206,179,155,90,57,21
1367.5,270,260,236,211,174,106,61,15
1368.5,248,234,208,182,150,94,62,21
1369.5,270,248,225,199,166,93,60,22
1370.5,265,253,218,195,166,102,65,14
1371.5,250,238,210,188,155,102,55,9
1372.5,272,257,237,209,177,106,71,19
1373.5,277,261,233,213,181,100,56,17
1374.5,255,246,224,199,171,106,60,14
1375.5,253,245,220,197,171,107,64,15
1376.5,249,241,222,198,179,132,73,28
1377.5,248,236,210,189,160,104,59,22
1378.5,262,245,219,201,168,115,72,24
1379.5,268,256,232,212,173,116,78,24
1380.5,250,232,203,180,148,91,62,14
1381.5,257,240,223,201,166,90,55,17
1382.5,234,225,198,180,152,102,60,13
1383.5,254,242,207,193,158,86,46,11
1384.5,216,209,187,169,135,85,47,16
1385.5,245,234,207,185,158,96,66,20
1386.5,233,220,194,178,146,80,50,13
1387.5,227,218,188,172,149,88,48,21
1388.5,234,213,199,182,159,100,64,19
1389.5,236,225,202,182,162,98,50,12
1390.5,235,222,196,178,151,96,60,21
1391.5,266,255,227,203,177,100,60,18
1392.5,219,209,184,167,139,84,58,19
1393.5,253,235,212,199,164,94,53,17
1394.5,241,227,196,178,149,95,54,12
1395.5,254,237,202,185,142,81,48,13
1396.5,221,203,187,176,146,88,56,9
1397.5,252,243,212,189,163,102,61,10
1398.5,248,241,209,176,149,94,62,20
1399.5,249,240,213,195,167,112,67,22
1400.5,230,217,198,180,152,98,58,19
1401.5,226,220,190,176,149,91,61,15
1402.5,242,233,211,191,170,98,61,24
1403.5,233,224,199,181,161,99,63,13
1404.5,231,218,189,173,135,79,43,9
1405.5,250,237,218,191,163,96,60,16
1406.5,238,227,204,182,153,96,54,17
1407.5,264,252,216,198,178,109,62,15
1408.5,235,225,213,197,175,98,54,17
1409.5,236,219,194,170,145,93,44,14
1410.5,223,208,190,171,148,87,48,16
1411.5,225,216,188,172,144,93,59,17
1412.5,228,215,197,182,156,90,56,17
1413.5,239,227,205,183,155,99,55,12
1414.5,209,196,177,160,129,81,50,16
1415.5,230,219,199,185,150,94,58,21
1416.5,227,208,182,174,148,87,49,18
1417.5,223,203,181,160,135,86,50,18
1418.5,220,209,190,173,153,95,57,15
1419.5,195,180,154,138,110,66,37,15
1420.5,212,205,178,161,137,85,53,18
1421.5,190,180,155,142,123,75,52,15
1422.5,199,186,163,151,125,80,42,17
1423.5,204,194,178,163,143,80,49,10
1424.5,203,192,171,159,139,87,59,19
1425.5,210,199,177,163,141,87,58,16
1426.5,202,188,172,160,134,81,47,18
1427.5,221,212,190,170,141,92,61,27
1428.5,207,196,178,164,142,92,56,22
1429.5,228,214,194,168,145,98,65,22
1430.5,232,215,194,175,156,108,63,17
1431.5,223,211,195,178,149,99,53,16
1432.5,227,219,200,187,162,102,69,24
1433.5,237,223,195,179,150,99,59,20
1434.5,244,226,200,180,150,107,69,19
1435.5,215,205,187,160,135,92,62,23
1436.5,243,230,202,182,161,101,66,21
1437.5,198,186,165,152,125,84,50,12
1438.5,207,194,178,158,138,84,52,17
1439.5,206,193,172,161,137,86,52,18
1440.5,218,209,190,176,151,102,60,22
1441.5,187,170,158,144,122,85,55,14
1442.5,167,156,142,133,119,70,54,18
1443.5,203,191,173,156,131,82,50,13
1444.5,197,184,165,140,114,70,39,11
1445.5,213,204,181,170,146,89,52,17
1446.5,195,184,162,144,126,77,50,17
1447.5,194,187,178,164,127,73,40,12
1448.5,190,179,156,149,128,75,51,10
1449.5,200,190,174,156,135,92,63,18
1450.5,205,190,180,168,148,92,53,17
1451.5,209,197,179,170,146,93,53,14
1452.5,204,195,175,163,138,92,51,16
1453.5,216,200,178,164,136,95,54,22
1454.5,208,198,181,164,137,83,59,24
1455.5,207,200,177,161,136,83,61,15
1456.5,211,198,179,169,145,97,66,17
1457.5,322,312,286,263,230,150,97,39
1458.5,448,436,410,384,331,226,138,50
1459.5,539,524,492,464,424,295,191,59
1460.5,607,589,561,530,477,327,207,93
1461.5,553,532,493,468,412,281,188,68
1462.5,434,422,389,364,319,218,141,53
1463.5,270,261,240,231,205,133,78,30
1464.5,198,187,170,159,138,90,63,19
1465.5,169,156,139,125,113,71,44,13
1466.5,203,187,171,158,134,76,45,9
1467.5,180,169,156,146,121,75,45,14
1468.5,171,162,149,136,117,77,49,11
1469.5,182,173,156,139,114,71,53,19
1470.5,220,204,184,172,144,86,53,16
1471.5,175,161,141,129,112,80,46,13
1472.5,170,159,143,126,107,61,40,11
1473.5,183,178,158,148,127,86,56,18
1474.5,146,135,115,103,87,54,40,14
1475.5,190,178,165,144,122,74,46,16
1476.5,160,154,134,122,107,64,42,13
1477.5,179,171,146,137,119,74,50,15
1478.5,184,173,157,145,126,80,52,22
1479.5,207,197,178,164,147,96,63,22
1480.5,159,154,137,119,100,58,36,8
1481.5,208,197,172,155,134,88,60,16
1482.5,188,178,151,141,121,80,50,19
1483.5,178,171,156,142,125,78,50,21
1484.5,164,153,138,125,105,69,46,9
1485.5,168,159,145,133,110,67,36,15
1486.5,197,180,158,148,125,76,48,20
1487.5,164,156,137,128,98,65,37,10
1488.5,174,163,152,140,119,71,44,11
1489.5,169,162,147,132,120,80,40,16
1490.5,167,159,144,132,117,78,49,12
1491.5,183,169,149,135,112,71,40,11
1492.5,194,178,158,142,125,76,44,19
1493.5,231,222,201,184,159,94,61,20
1494.5,329,319,298,280,251,170,107,43
1495.5,499,487,467,433,387,273,178,70
1496.5,555,538,509,479,439,308,199,62
1497.5,541,531,498,475,442,314,210,99
1498.5,483,469,439,409,368,272,167,56
1499.5,326,319,301,276,236,165,100,34
1500.5,317,307,286,266,235,149,102,40
1501.5,336,321,298,279,254,174,124,49
1502.5,383,373,360,349,315,225,148,49
1503.5,331,323,308,292,259,181,118,53
1504.5,294,287,259,246,214,144,93,29
1505.5,197,185,169,155,130,86,56,19
1506.5,182,170,153,143,117,73,43,19
1507.5,147,136,120,104,83,48,24,9
1508.5,183,173,154,142,123,72,35,9
1509.5,176,167,153,141,123,79,41,13
1510.5,190,180,164,147,126,75,53,15
1511.5,196,187,168,157,134,90,54,18
1512.5,284,275,257,244,226,149,97,38
1513.5,308,299,279,261,240,168,99,28
1514.5,287,276,250,235,205,146,96,30
1515.5,228,219,197,180,155,104,54,19
1516.5,199,191,170,148,128,89,55,17
1517.5,143,139,130,115,88,51,30,8
1518.5,162,158,142,129,108,71,40,8
1519.5,179,171,154,140,126,79,43,14
1520.5,161,155,140,127,112,68,44,14
1521.5,149,141,122,115,92,62,34,9
1522.5,176,167,144,127,105,68,33,10
1523.5,165,149,134,124,102,64,34,9
1524.5,159,144,131,118,97,61,36,12
1525.5,154,141,131,123,108,64,41,9
1526.5,153,141,123,111,96,61,35,12
1527.5,138,133,123,113,98,57,32,6
1528.5,168,153,137,126,109,67,37,14
1529.5,176,170,156,148,130,85,50,9
1530.5,188,172,155,146,122,79,40,12
1531.5,155,148,138,118,97,60,39,11
1532.5,165,154,136,123,99,61,41,12
1533.5,142,136,126,120,103,66,34,11
1534.5,166,152,139,125,99,64,41,13
1535.5,155,142,124,110,93,55,36,14
1536.5,178,167,153,134,107,63,41,12
1537.5,168,154,141,130,109,65,39,12
1538.5,183,167,148,135,109,64,43,19
1539.5,157,149,133,122,105,72,40,9
1540.5,179,166,148,137,119,71,44,13
1541.5,143,134,121,111,91,61,42,8
1542.5,139,129,115,103,91,52,39,10
1543.5,155,145,125,112,93,55,27,8
1544.5,157,152,134,121,103,63,36,6
1545.5,151,136,118,106,85,49,31,9
1546.5,166,159,140,124,99,63,44,13
1547.5,134,123,113,103,86,52,30,11
1548.5,168,161,144,133,113,74,55,18
1549.5,141,132,114,107,91,62,36,8
1550.5,178,167,152,139,121,74,37,12
1551.5,170,164,147,132,108,64,41,13
1552.5,155,140,123,115,100,67,43,13
1553.5,161,155,136,125,106,66,46,12
1554.5,157,147,129,117,101,63,39,7
1555.5,158,152,137,124,98,61,37,15
1556.5,227,217,202,180,158,109,66,20
1557.5,230,221,198,186,156,107,65,25
1558.5,237,227,214,194,175,118,69,20
1559.5,221,210,186,166,140,84,55,19
1560.5,168,160,149,135,108,71,42,11
1561.5,163,154,139,131,115,64,33,11
1562.5,172,163,144,132,118,73,46,21
1563.5,162,157,145,128,109,70,49,14
1564.5,158,151,132,124,105,62,38,9
1565.5,147,141,125,112,93,48,15,3
1566.5,162,152,142,129,115,64,39,10
1567.5,167,151,139,129,110,68,39,13
1568.5,141,132,116,105,86,44,28,7
1569.5,147,134,126,111,94,57,28,5
1570.5,149,143,127,109,92,69,31,8
1571.5,139,132,109,97,85,48,24,7
1572.5,171,159,149,127,111,64,37,7
1573.5,165,154,138,123,106,73,40,12
1574.5,168,157,142,129,117,74,45,15
1575.5,183,169,159,136,120,76,55,24
1576.5,167,153,138,125,106,67,47,15
1577.5,207,200,178,167,147,95,58,18
1578.5,239,233,216,195,165,108,70,23
1579.5,359,348,322,304,277,198,128,56
1580.5,382,373,344,328,297,195,129,49
1581.5,397,386,370,352,312,227,150,56
1582.5,345,331,306,284,260,195,135,50
1583.5,303,290,268,250,220,147,95,31
1584.5,328,302,273,244,221,152,105,44
1585.5,479,462,412,389,339,241,166,68
1586.5,849,833,789,745,674,484,339,120
1587.5,1377,1335,1270,1205,1107,808,533,200
1588.5,1612,1575,1474,1414,1306,939,644,242
1589.5,1512,1473,1365,1312,1161,829,568,221
1590.5,1259,1220,1093,1005,888,580,355,120
1591.5,1176,1094,945,817,689,397,221,43
1592.5,1324,1242,1065,934,732,406,209,47
1593.5,1182,1116,965,833,656,338,158,23
1594.5,811,759,670,584,455,223,108,17
1595.5,483,457,401,361,280,156,76,12
1596.5,277,259,231,208,165,91,54,11
1597.5,204,195,179,156,122,70,41,9
1598.5,173,169,154,132,105,56,32,8
1599.5,171,165,149,130,110,60,35,3
1600.5,149,139,121,112,86,42,30,10
1601.5,166,155,135,123,101,62,41,7
1602.5,174,167,152,137,110,73,47,7
1603.5,168,161,142,133,111,67,43,10
1604.5,180,171,149,128,107,65,33,13
1605.5,182,170,150,137,113,73,44,9
1606.5,163,156,148,136,113,65,36,14
1607.5,198,185,170,153,127,80,39,10
1608.5,172,161,141,130,106,62,34,9
1609.5,187,176,148,142,117,72,38,7
1610.5,169,161,148,129,108,66,37,11
1611.5,173,166,152,140,119,73,42,13
1612.5,191,180,163,150,132,84,45,15
1613.5,181,175,164,145,126,70,35,11
1614.5,173,165,140,132,108,71,39,10
1615.5,188,178,152,140,114,63,33,10
1616.5,187,180,164,154,137,86,52,14
1617.5,289,280,255,221,195,130,72,29
1618.5,443,430,408,382,338,252,155,55
1619.5,719,692,658,631,577,410,269,88
1620.5,829,820,792,745,677,499,352,135
1621.5,727,713,688,659,596,419,294,109
1622.5,574,566,531,508,463,327,213,84
1623.5,404,393,360,345,310,217,135,44
1624.5,340,327,307,278,248,181,103,32
1625.5,287,280,266,249,228,151,89,35
1626.5,289,276,254,230,196,125,82,33
1627.5,366,360,329,307,276,191,117,40
1628.5,492,485,456,426,388,277,168,61
1629.5,698,687,651,625,564,405,269,94
1630.5,891,875,846,813,740,532,353,120
1631.5,733,722,688,660,604,442,284,88
1632.5,540,532,504,485,435,303,203,76
1633.5,314,306,277,258,226,146,90,29
1634.5,252,234,218,198,165,99,66,26
1635.5,234,219,202,185,158,100,68,20
1636.5,282,273,256,237,211,146,96,27
1637.5,332,321,297,277,250,178,105,33
1638.5,324,317,301,277,244,155,96,40
1639.5,298,291,272,256,228,141,99,33
1640.5,223,217,197,177,149,89,56,18
1641.5,173,170,155,149,135,91,51,16
1642.5,170,160,151,133,123,79,48,18
1643.5,150,142,122,108,91,53,33,7
1644.5,158,149,136,119,97,53,34,10
1645.5,155,141,129,120,101,66,36,7
1646.5,159,154,140,124,100,57,33,9
1647.5,164,153,142,133,113,59,39,18
1648.5,153,135,119,107,90,57,31,6
1649.5,168,161,146,134,113,73,37,7
1650.5,187,177,156,143,121,66,29,6
1651.5,168,157,140,128,98,62,32,8
1652.5,170,163,148,136,109,73,41,10
1653.5,199,184,166,152,133,67,34,5
1654.5,153,144,125,117,101,60,31,8
1655.5,174,164,148,126,104,55,32,8
1656.5,160,154,139,127,108,68,38,5
1657.5,182,168,152,137,112,66,36,7
1658.5,144,132,110,103,88,59,28,3
1659.5,181,173,158,143,123,74,44,11
1660.5,175,165,146,126,110,66,37,12
1661.5,172,162,145,133,118,68,31,7
1662.5,187,179,156,138,118,69,47,14
1663.5,208,195,171,159,139,79,48,10
1664.5,224,218,202,181,153,88,53,16
1665.5,255,248,230,204,178,125,77,22
1666.5,251,240,225,205,177,115,68,24
1667.5,218,207,185,169,142,89,56,9
1668.5,225,217,188,167,140,97,61,12
1669.5,151,145,121,106,90,59,41,10
1670.5,160,153,142,129,107,61,36,11
1671.5,176,168,147,128,106,60,31,8
1672.5,161,155,142,128,107,63,42,11
1673.5,158,153,142,124,105,67,32,10
1674.5,168,157,141,129,113,63,37,11
1675.5,169,158,142,125,101,69,35,11
1676.5,187,177,157,142,126,76,49,17
1677.5,245,227,209,187,161,107,62,19
1678.5,208,203,184,168,152,98,56,19
1679.5,177,169,153,143,121,75,42,10
1680.5,197,187,168,147,124,78,42,12
1681.5,187,170,150,132,113,69,37,7
1682.5,197,184,160,138,115,77,42,13
1683.5,185,173,153,136,121,71,42,6
1684.5,218,204,182,165,142,93,62,22
1685.5,198,191,176,167,145,87,59,17
1686.5,217,213,194,179,150,95,59,8
1687.5,174,168,155,143,120,81,50,14
1688.5,204,194,173,162,137,81,55,16
1689.5,165,157,140,119,96,62,37,8
1690.5,166,158,146,133,115,72,47,12
1691.5,168,156,130,117,97,58,34,11
1692.5,177,167,151,143,118,73,48,14
1693.5,151,146,134,121,104,55,33,10
1694.5,143,139,129,119,102,60,39,9
1695.5,173,166,139,129,110,53,29,10
1696.5,157,148,129,114,97,64,41,12
1697.5,180,168,140,128,105,62,39,4
1698.5,168,152,142,130,108,64,38,10
1699.5,168,159,146,132,113,69,42,13
1700.5,174,162,151,136,118,68,37,17
1701.5,191,178,161,151,132,86,57,14
1702.5,187,177,167,152,128,80,49,16
1703.5,181,173,157,130,109,66,37,10
1704.5,191,179,157,143,121,74,40,11
1705.5,156,148,131,120,104,64,30,9
1706.5,181,169,141,120,103,68,44,15
1707.5,170,159,140,127,105,72,39,6
1708.5,181,168,145,132,109,74,44,11
1709.5,180,172,154,135,110,65,39,8
1710.5,172,161,146,134,114,74,40,9
1711.5,168,157,143,124,100,62,36,9
1712.5,166,156,144,132,107,66,39,5
1713.5,182,169,148,137,110,70,40,10
1714.5,167,157,140,129,107,67,37,8
1715.5,178,166,147,130,113,66,35,7
1716.5,181,173,156,140,112,72,41,10
1717.5,180,171,150,137,112,69,44,15
1718.5,166,156,145,135,114,74,47,13
1719.5,205,193,177,158,130,82,43,13
1720.5,175,165,144,130,110,62,43,13
1721.5,146,137,126,116,88,47,24,7
1722.5,184,173,165,151,127,77,39,10
1723.5,169,156,137,129,98,61,34,6
1724.5,164,158,148,136,109,63,38,7
1725.5,190,178,157,147,118,76,44,12
1726.5,175,170,157,146,120,67,44,11
1727.5,147,143,132,120,101,63,41,15
1728.5,163,156,141,122,100,71,36,12
1729.5,171,165,145,132,107,68,32,10
1730.5,179,172,153,140,113,71,32,11
1731.5,161,156,136,129,109,71,42,9
1732.5,166,158,139,121,107,66,39,9
1733.5,169,162,142,135,117,76,46,11
1734.5,182,164,147,130,113,73,40,8
1735.5,170,158,143,130,107,55,38,10
1736.5,164,154,138,124,101,59,33,11
1737.5,153,148,131,117,96,68,41,10
1738.5,168,162,141,126,109,61,43,11
1739.5,168,158,139,128,105,66,42,11
1740.5,177,169,147,139,125,78,45,12
1741.5,175,170,152,143,126,79,40,11
1742.5,173,162,142,133,114,69,41,10
1743.5,164,156,140,127,107,61,41,12
1744.5,166,155,143,136,112,72,44,8
1745.5,163,157,144,132,115,65,43,12
1746.5,166,162,141,123,99,64,39,13
1747.5,170,158,138,128,112,66,43,10
1748.5,166,157,140,127,104,58,41,10
1749.5,165,161,145,130,101,58,32,11
1750.5,153,145,134,127,107,60,39,11
1751.5,162,154,140,130,109,62,33,10
1752.5,163,153,133,121,96,59,32,11
1753.5,160,150,135,126,108,66,34,7
1754.5,157,153,132,122,106,64,42,8
1755.5,192,182,160,148,124,74,36,9
1756.5,187,175,162,154,129,75,45,9
1757.5,169,161,140,125,112,70,40,6
1758.5,169,160,135,127,108,69,40,7
1759.5,196,192,167,150,117,67,41,12
1760.5,180,173,157,140,111,64,37,7
1761.5,180,170,149,136,118,70,50,14
1762.5,219,208,189,172,145,84,49,12
1763.5,198,191,169,159,138,81,46,16
1764.5,182,176,160,138,111,65,43,11
1765.5,199,189,171,155,132,70,47,16
1766.5,179,171,148,129,107,68,40,9
1767.5,186,180,163,156,127,76,46,11
1768.5,183,171,158,134,109,64,41,12
1769.5,154,146,132,117,94,54,29,4
1770.5,180,168,153,135,114,74,46,14
1771.5,161,143,125,109,87,55,34,6
1772.5,160,151,139,123,100,52,33,6
1773.5,197,192,170,152,124,76,49,14
1774.5,186,175,158,147,128,83,47,8
1775.5,155,148,128,120,105,60,31,4
1776.5,174,164,153,140,113,74,49,14
1777.5,168,158,145,131,112,72,44,11
1778.5,175,163,153,136,113,70,28,10
1779.5,180,174,155,136,105,60,37,10
1780.5,175,166,156,136,119,82,46,9
1781.5,156,148,139,127,110,69,35,11
1782.5,200,187,172,145,119,79,43,11
1783.5,157,151,135,121,94,50,32,10
1784.5,181,168,148,129,113,72,41,9
1785.5,182,174,153,141,113,62,38,11
1786.5,172,164,150,139,124,73,42,13
1787.5,160,157,142,127,117,63,36,7
1788.5,181,167,154,137,113,67,38,8
1789.5,168,159,142,127,98,61,37,10
1790.5,183,168,151,133,108,58,29,9
1791.5,177,167,159,148,132,77,42,3
1792.5,172,165,148,133,114,64,34,11
1793.5,178,165,143,131,117,77,51,13
1794.5,201,193,166,148,117,71,36,8
1795.5,153,144,125,113,99,56,34,10
1796.5,185,173,155,143,123,75,41,5
1797.5,166,155,132,125,110,78,50,14
1798.5,153,140,126,122,107,61,34,11
1799.5,183,176,161,141,122,79,44,9
1800.5,173,165,149,138,115,72,45,6
1801.5,197,188,167,158,130,74,41,10
1802.5,180,175,157,137,122,64,38,10
1803.5,189,184,165,152,126,73,54,13
1804.5,203,195,182,161,131,85,49,13
1805.5,230,221,207,193,160,101,71,12
1806.5,192,183,168,160,131,79,54,20
1807.5,219,211,187,168,148,80,44,7
1808.5,177,165,153,134,111,72,44,14
1809.5,171,161,147,129,109,60,32,9
1810.5,173,162,147,130,104,60,29,8
1811.5,146,135,124,111,92,52,29,14
1812.5,182,172,151,139,122,78,48,6
1813.5,189,174,162,134,114,63,37,10
1814.5,173,163,150,139,109,73,48,8
1815.5,179,174,153,141,124,77,43,9
1816.5,196,185,163,150,131,76,46,9
1817.5,162,152,138,126,107,68,34,10
1818.5,170,167,141,124,110,70,37,10
1819.5,178,172,157,149,123,78,42,9
1820.5,191,181,165,151,132,85,50,12
1821.5,213,204,189,172,142,93,50,17
1822.5,190,186,162,156,136,84,54,13
1823.5,176,172,151,133,110,65,42,10
1824.5,145,140,122,111,94,65,43,14
1825.5,183,172,159,142,122,77,37,10
1826.5,187,178,159,145,123,74,42,13
1827.5,173,165,146,126,105,70,37,8
1828.5,197,186,169,156,127,82,50,14
1829.5,192,186,160,135,117,67,38,12
1830.5,191,182,167,150,121,77,38,7
1831.5,181,177,156,143,125,78,37,7
1832.5,176,163,151,138,118,68,41,9
1833.5,184,175,167,152,135,87,56,18
1834.5,176,168,152,140,114,71,36,7
1835.5,183,178,157,143,108,58,31,6
1836.5,200,187,174,157,138,82,51,6
1837.5,179,174,159,150,122,78,45,12
1838.5,175,164,153,141,120,66,43,13
1839.5,184,174,154,135,121,84,51,19
1840.5,198,188,172,159,140,95,59,14
1841.5,223,209,190,173,147,94,46,12
1842.5,205,197,171,156,130,69,50,14
1843.5,201,192,169,152,130,72,44,19
1844.5,180,171,150,132,113,74,45,12
1845.5,160,155,144,135,111,76,48,15
1846.5,179,168,139,131,114,69,47,13
1847.5,166,159,140,127,108,71,43,10
1848.5,203,190,173,165,146,95,55,16
1849.5,175,163,140,133,115,78,43,11
1850.5,183,170,157,148,125,76,43,17
1851.5,185,174,160,147,130,88,50,9
1852.5,159,151,140,127,112,77,40,14
1853.5,192,183,167,151,131,71,43,12
1854.5,173,169,160,142,118,71,38,9
1855.5,163,149,132,120,104,66,36,8
1856.5,201,190,170,160,131,74,48,15
1857.5,196,188,170,150,127,75,43,10
1858.5,166,162,144,134,115,72,46,17
1859.5,208,196,173,154,132,86,55,20
1860.5,173,169,150,136,112,63,40,10
1861.5,177,162,148,130,110,74,49,15
1862.5,177,168,155,142,119,75,39,7
1863.5,182,178,160,146,124,80,47,14
1864.5,209,202,180,170,148,91,55,14
1865.5,210,197,181,160,132,74,39,5
1866.5,182,173,152,137,119,66,43,12
1867.5,185,171,154,138,114,74,47,10
1868.5,186,184,171,160,136,80,49,14
1869.5,218,210,183,166,124,72,35,7
1870.5,182,180,156,143,126,74,43,12
1871.5,165,157,140,127,110,70,44,7
1872.5,195,189,170,160,135,74,35,12
1873.5,183,178,164,153,125,78,50,16
1874.5,182,173,168,152,132,61,36,6
1875.5,202,193,167,154,133,94,56,12
1876.5,227,213,191,177,158,102,62,17
1877.5,192,179,162,152,125,76,51,16
1878.5,211,198,185,163,135,75,44,13
1879.5,198,184,166,156,134,76,46,13
1880.5,186,173,159,144,126,78,44,15
1881.5,214,200,180,158,131,85,50,9
1882.5,176,163,150,137,117,84,53,15
1883.5,211,196,179,170,148,88,57,18
1884.5,232,227,203,185,152,99,59,19
1885.5,222,215,196,180,160,100,61,24
1886.5,232,221,197,168,151,96,63,17
1887.5,213,202,184,165,142,89,54,21
1888.5,191,182,167,155,132,83,56,15
1889.5,191,185,168,159,129,77,45,12
1890.5,204,188,173,159,142,75,44,12
1891.5,201,189,176,160,132,80,51,9
1892.5,213,207,186,172,141,81,43,6
1893.5,181,174,150,138,119,74,43,8
1894.5,185,176,154,134,107,67,35,9
1895.5,215,204,173,159,134,84,57,13
1896.5,198,186,166,152,127,87,45,13
1897.5,216,210,196,175,162,101,58,13
1898.5,181,176,156,139,118,74,42,7
1899.5,208,194,179,162,142,88,57,11
1900.5,187,178,159,148,128,83,43,13
1901.5,198,186,174,163,137,88,47,12
1902.5,184,174,163,148,127,82,43,12
1903.5,198,192,174,155,135,91,61,19
1904.5,211,206,189,172,147,99,58,14
1905.5,191,180,156,148,119,70,39,8
1906.5,167,159,141,126,106,63,34,10
1907.5,196,192,175,156,135,81,52,13
1908.5,187,176,167,152,125,72,41,9
1909.5,217,208,182,169,144,89,49,17
1910.5,209,195,169,153,128,85,46,15
1911.5,183,176,170,159,134,82,44,9
1912.5,198,188,165,145,123,75,45,7
1913.5,200,194,179,161,133,81,44,16
1914.5,205,197,175,150,127,79,36,5
1915.5,203,196,174,156,131,79,46,15
1916.5,197,187,166,147,129,77,36,5
1917.5,202,198,184,166,147,86,45,11
1918.5,191,182,169,152,128,86,51,9
1919.5,202,190,174,161,135,77,44,12
1920.5,234,222,194,183,163,102,54,16
1921.5,204,195,175,156,136,92,56,15
1922.5,224,217,198,187,160,102,53,11
1923.5,191,184,170,158,134,77,45,9
1924.5,192,182,157,144,122,65,28,11
1925.5,199,190,177,163,142,97,58,15
1926.5,186,180,162,153,139,86,51,14
1927.5,204,191,171,156,135,79,39,10
1928.5,192,182,162,151,134,88,47,11
1929.5,226,220,193,174,151,95,56,14
1930.5,206,196,166,154,124,73,37,10
1931.5,211,203,182,170,147,81,40,10
1932.5,198,194,175,165,142,87,53,12
1933.5,198,191,171,154,129,83,47,7
1934.5,187,180,164,142,123,72,49,18
1935.5,180,173,161,143,120,67,43,10
1936.5,169,160,142,133,115,64,39,11
1937.5,171,164,148,135,114,68,40,9
1938.5,192,179,168,155,132,79,53,17
1939.5,194,184,162,145,122,78,37,12
1940.5,187,181,165,161,134,84,44,9
1941.5,209,199,180,167,139,92,50,13
1942.5,191,182,171,154,132,83,49,13
1943.5,203,196,174,165,147,101,60,16
1944.5,207,199,175,157,134,90,48,14
1945.5,188,180,161,144,119,70,46,11
1946.5,176,172,157,143,111,72,46,8
1947.5,184,176,166,153,127,75,38,11
1948.5,217,211,192,178,150,99,63,13
1949.5,170,163,147,132,111,67,32,6
1950.5,218,211,196,180,152,91,55,15
1951.5,208,203,188,178,149,96,58,9
1952.5,179,176,159,149,132,92,58,14
1953.5,183,176,163,151,134,85,45,14
1954.5,198,188,172,150,123,76,44,9
1955.5,186,184,167,156,132,99,64,15
1956.5,175,168,151,142,119,68,42,12
1957.5,184,174,152,137,115,69,42,13
1958.5,182,173,153,141,124,77,51,12
1959.5,187,175,158,146,121,75,52,13
1960.5,191,180,162,150,129,84,51,15
1961.5,192,179,161,143,122,79,48,12
1962.5,196,187,168,153,131,81,48,9
1963.5,199,187,168,158,140,90,55,12
1964.5,199,187,172,154,128,76,46,10
1965.5,219,210,190,174,157,91,48,16
1966.5,192,184,164,150,126,78,43,9
1967.5,189,178,158,141,112,65,36,7
1968.5,182,173,165,150,121,82,47,11
1969.5,184,179,168,151,130,81,44,11
1970.5,209,199,188,169,148,100,59,13
1971.5,191,181,166,155,128,80,56,20
1972.5,196,191,169,154,132,78,40,8
1973.5,190,183,163,144,118,67,43,12
1974.5,166,158,141,128,115,78,52,14
1975.5,193,185,175,153,124,75,53,22
1976.5,191,184,165,155,134,79,45,11
1977.5,203,199,176,154,136,87,48,13
1978.5,186,180,161,153,132,82,59,16
1979.5,161,156,142,127,112,73,45,13
1980.5,201,188,173,160,142,85,52,18
1981.5,216,210,193,184,162,94,59,16
1982.5,181,173,154,145,128,75,46,12
1983.5,208,200,183,166,142,83,52,14
1984.5,196,183,170,153,128,73,45,7
1985.5,192,182,169,154,129,74,55,10
1986.5,179,173,159,140,119,68,44,13
1987.5,210,201,175,162,136,84,52,11
1988.5,174,161,148,127,118,80,47,11
1989.5,179,170,155,140,117,62,33,6
1990.5,219,210,184,172,133,83,50,10
1991.5,194,185,171,153,133,83,56,10
1992.5,187,177,158,145,124,79,44,7
1993.5,178,171,152,140,112,78,42,13
1994.5,186,176,156,141,118,75,47,11
1995.5,191,180,164,151,132,76,47,9
1996.5,195,190,173,160,135,88,54,13
1997.5,169,162,147,129,107,72,40,10
1998.5,178,174,160,147,129,85,51,16
1999.5,179,171,156,142,120,75,44,15
2000.5,178,171,156,136,120,63,40,9
2001.5,195,192,170,155,129,75,46,13
2002.5,214,201,180,167,145,96,57,11
2003.5,163,155,138,131,118,81,42,7
2004.5,185,174,156,144,118,74,36,7
2005.5,188,180,157,145,122,79,45,13
2006.5,185,177,158,145,128,76,47,16
2007.5,172,164,146,133,110,61,39,13
2008.5,199,190,175,158,136,86,50,11
2009.5,210,203,184,164,145,99,56,12
2010.5,185,174,154,139,119,69,35,8
2011.5,202,191,173,162,130,80,48,7
2012.5,188,178,155,141,120,75,52,16
2013.5,183,175,157,143,120,69,41,6
2014.5,175,169,152,139,126,65,37,9
2015.5,176,169,159,148,123,72,36,9
2016.5,176,170,156,137,112,74,43,10
2017.5,170,167,153,135,117,72,43,11
2018.5,172,166,154,138,119,75,51,15
2019.5,193,183,168,151,130,86,52,10
2020.5,187,180,165,155,123,76,43,13
2021.5,162,155,145,129,108,66,29,10
2022.5,186,177,161,149,123,72,49,11
2023.5,189,179,162,147,129,83,48,14
2024.5,177,174,155,140,115,81,44,15
2025.5,181,175,156,140,120,76,45,14
2026.5,199,188,170,156,128,84,51,13
2027.5,171,165,147,135,111,65,35,8
2028.5,180,172,157,143,128,83,45,13
2029.5,188,177,158,141,120,76,47,11
2030.5,205,196,179,156,134,76,50,11
2031.5,189,182,172,158,136,97,62,14
2032.5,200,190,181,170,143,81,43,18
2033.5,192,188,166,150,127,80,53,12
2034.5,210,205,188,169,154,98,59,18
2035.5,215,207,199,186,160,97,62,17
2036.5,197,185,169,152,134,93,50,11
2037.5,191,184,169,158,128,76,44,10
2038.5,203,201,183,159,131,92,51,15
2039.5,211,203,179,167,142,89,63,16
2040.5,176,168,155,135,112,75,48,12
2041.5,197,191,167,156,133,91,50,16
2042.5,199,195,182,172,143,83,48,14
2043.5,180,176,157,142,120,71,43,10
2044.5,183,175,146,138,123,74,47,21
2045.5,194,185,165,150,126,84,48,9
2046.5,192,186,167,157,134,76,48,12
2047.5,175,170,153,143,127,81,50,13
2048.5,176,162,141,130,114,58,39,7
2049.5,193,185,169,153,131,72,43,12
2050.5,163,158,147,136,118,67,46,11
2051.5,193,185,178,165,137,89,59,10
2052.5,213,202,185,175,145,81,49,13
2053.5,192,185,173,159,131,82,47,14
2054.5,184,175,163,151,129,75,39,5
2055.5,191,181,163,149,126,78,47,11
2056.5,199,194,169,158,137,88,48,10
2057.5,189,188,172,160,127,70,41,10
2058.5,180,173,163,150,128,84,51,14
2059.5,193,187,173,152,132,79,45,12
2060.5,194,183,171,148,130,84,50,16
2061.5,224,210,191,182,149,101,53,10
2062.5,210,199,180,167,149,93,65,18
2063.5,189,180,167,159,137,82,48,12
2064.5,214,205,185,175,151,91,55,12
2065.5,210,205,189,176,142,89,45,18
2066.5,189,183,168,148,131,77,47,14
2067.5,196,191,175,157,128,79,52,8
2068.5,194,183,171,162,134,86,45,15
2069.5,192,187,167,150,125,75,44,14
2070.5,165,157,141,129,113,67,37,6
2071.5,190,185,167,152,122,81,49,12
2072.5,225,211,188,180,156,98,61,12
2073.5,186,181,172,154,140,83,48,10
2074.5,184,180,167,155,128,80,44,11
2075.5,192,187,166,149,124,73,38,15
2076.5,209,201,178,164,143,95,51,14
2077.5,186,177,156,143,128,77,52,8
2078.5,174,169,148,138,120,86,53,17
2079.5,206,192,178,168,145,88,54,18
2080.5,190,186,176,162,141,91,54,13
2081.5,201,193,173,155,139,95,53,16
2082.5,192,180,164,155,136,74,48,10
2083.5,189,181,159,149,130,79,52,9
2084.5,166,160,146,130,107,71,35,12
2085.5,181,172,155,149,130,76,44,14
2086.5,190,182,166,148,132,80,43,11
2087.5,205,195,181,169,147,89,52,15
2088.5,199,192,175,160,137,94,50,15
2089.5,188,182,161,148,131,88,54,19
2090.5,226,218,205,188,161,102,62,22
2091.5,211,205,186,168,141,90,55,15
2092.5,197,190,176,167,145,85,48,16
2093.5,228,221,192,181,155,93,60,11
2094.5,215,205,180,174,142,81,44,11
2095.5,206,193,167,157,136,85,57,20
2096.5,288,278,254,223,192,114,78,21
2097.5,345,333,310,282,230,154,97,29
2098.5,467,458,416,386,334,224,137,48
2099.5,701,692,660,619,544,370,229,69
2100.5,1041,1024,977,920,847,597,374,106
2101.5,1255,1245,1212,1150,1046,717,468,152
2102.5,1352,1337,1292,1232,1114,795,525,172
2103.5,1230,1213,1169,1121,995,686,432,132
2104.5,853,847,802,763,688,452,300,89
2105.5,516,501,475,444,385,251,157,50
2106.5,339,336,311,293,247,166,99,29
2107.5,286,276,254,229,202,123,67,13
2108.5,252,243,230,205,169,103,64,17
2109.5,219,205,187,171,154,98,65,15
2110.5,259,256,229,215,193,113,70,22
2111.5,204,198,183,173,147,89,53,16
2112.5,229,221,204,191,172,104,67,18
2113.5,209,200,179,165,141,90,54,15
2114.5,221,212,193,181,159,93,53,13
2115.5,204,194,177,164,141,91,53,16
2116.5,218,214,197,186,158,105,57,11
2117.5,217,207,182,164,143,91,52,12
2118.5,227,216,194,168,146,89,53,19
2119.5,233,224,202,187,163,101,63,17
2120.5,206,194,176,163,144,93,57,19
2121.5,241,229,208,192,167,104,55,10
2122.5,225,216,199,184,153,92,54,18
2123.5,225,217,193,177,162,110,56,10
2124.5,202,194,175,157,136,83,44,11
2125.5,213,204,188,173,153,111,64,16
2126.5,217,204,188,171,140,91,58,10
2127.5,187,179,159,149,121,81,49,14
2128.5,264,253,232,210,187,117,76,21
2129.5,221,215,202,187,165,104,60,12
2130.5,222,214,201,177,151,87,44,8
2131.5,224,217,200,181,160,105,52,13
2132.5,228,221,198,180,160,90,51,11
2133.5,214,206,191,177,155,97,51,17
2134.5,243,231,204,193,167,108,67,18
2135.5,210,204,188,171,148,93,58,14
2136.5,226,216,198,183,155,99,56,12
2137.5,235,223,200,182,159,89,49,10
2138.5,230,224,206,187,174,105,66,20
2139.5,222,214,197,183,156,101,60,15
2140.5,223,215,202,186,153,101,50,14
2141.5,233,227,205,188,151,104,54,11
2142.5,237,227,207,195,168,113,57,8
2143.5,217,208,190,177,148,97,58,12
2144.5,177,173,164,151,133,93,49,11
2145.5,206,198,177,162,133,66,31,12
2146.5,219,216,200,184,159,100,61,19
2147.5,219,216,194,176,151,86,52,12
2148.5,237,231,218,203,175,109,64,20
2149.5,224,217,194,182,153,89,58,18
2150.5,227,214,193,181,158,97,57,13
2151.5,218,211,195,182,162,96,54,10
2152.5,225,213,195,177,157,96,62,11
2153.5,215,209,187,167,143,91,49,14
2154.5,244,233,208,195,164,116,67,15
2155.5,210,202,190,176,153,101,62,12
2156.5,211,205,187,171,147,93,65,15
2157.5,245,238,217,199,168,105,54,18
2158.5,229,219,200,182,158,90,59,14
2159.5,227,221,207,192,174,118,70,16
2160.5,243,230,204,186,159,98,58,15
2161.5,229,220,202,184,156,108,64,18
2162.5,211,208,188,175,156,96,58,10
2163.5,230,224,211,187,160,102,56,22
2164.5,244,234,208,188,151,98,54,12
2165.5,231,222,207,197,171,103,56,15
2166.5,234,222,202,180,147,94,46,14
2167.5,258,251,230,209,185,112,62,18
2168.5,225,216,197,179,158,114,76,24
2169.5,228,223,202,185,157,108,68,16
2170.5,251,245,216,205,169,115,64,26
2171.5,216,209,187,173,150,91,61,14
2172.5,277,259,240,223,199,126,69,19
2173.5,238,233,210,189,164,108,68,22
2174.5,221,213,186,170,142,94,47,10
2175.5,246,241,226,201,177,97,56,13
2176.5,220,214,201,182,154,93,62,14
2177.5,226,216,198,187,156,98,58,16
2178.5,238,231,207,176,149,103,67,16
2179.5,224,218,195,171,147,83,46,9
2180.5,225,216,194,178,149,99,54,20
2181.5,230,215,194,180,153,98,61,14
2182.5,237,230,214,194,164,108,58,14
2183.5,252,237,221,201,170,117,60,19
2184.5,215,203,183,172,142,88,57,12
2185.5,259,245,220,202,177,97,49,10
2186.5,247,239,217,192,169,114,61,23
2187.5,224,220,197,187,154,107,67,21
2188.5,237,232,214,198,177,110,63,16
2189.5,261,250,228,211,175,111,64,19
2190.5,258,249,220,201,165,99,62,15
2191.5,245,234,212,200,166,97,61,18
2192.5,247,237,205,187,148,97,61,14
2193.5,255,247,229,217,186,112,63,12
2194.5,283,273,252,236,204,118,73,19
2195.5,209,201,181,160,141,92,52,13
2196.5,283,268,245,228,198,126,76,20
2197.5,258,246,230,210,178,109,59,22
2198.5,255,247,225,212,187,119,69,18
2199.5,236,230,211,196,171,113,65,21
2200.5,253,242,215,198,174,119,71,18
2201.5,243,238,207,195,170,107,55,16
2202.5,255,245,221,199,166,100,57,16
2203.5,244,236,214,196,175,110,67,17
2204.5,246,241,227,210,186,123,77,26
2205.5,241,230,215,195,157,95,51,12
2206.5,250,243,221,206,177,107,61,17
2207.5,228,224,211,192,159,96,62,11
2208.5,234,229,210,198,161,105,60,23
2209.5,237,231,215,206,181,118,76,16
2210.5,247,236,208,186,158,111,58,15
2211.5,258,247,224,208,186,114,72,20
2212.5,238,231,212,191,167,97,56,16
2213.5,245,240,221,202,178,103,60,20
2214.5,248,238,218,196,169,99,58,15
2215.5,254,250,227,209,178,115,68,22
2216.5,236,228,212,200,178,107,58,12
2217.5,254,247,225,209,181,110,60,14
2218.5,264,250,224,207,185,123,70,21
2219.5,249,237,212,194,163,99,56,14
2220.5,250,245,217,200,171,111,77,23
2221.5,249,241,222,204,177,114,66,15
2222.5,262,252,230,205,172,112,57,15
2223.5,277,267,233,213,182,115,72,24
2224.5,255,249,219,199,175,102,62,17
2225.5,243,236,218,199,179,104,65,11
2226.5,267,256,234,214,185,119,57,15
2227.5,256,248,232,213,179,107,68,22
2228.5,219,209,195,183,156,107,68,20
2229.5,225,219,196,180,154,98,59,20
2230.5,258,249,222,210,175,116,74,25
2231.5,252,249,225,211,183,99,57,9
2232.5,285,277,255,231,194,127,73,20
2233.5,279,268,248,235,202,145,89,27
2234.5,237,229,213,194,171,97,56,15
2235.5,256,246,214,196,170,101,63,19
2236.5,272,265,249,220,190,126,66,18
2237.5,260,253,229,212,182,125,77,18
2238.5,296,279,254,226,199,129,69,19
2239.5,230,221,203,179,151,94,59,19
2240.5,261,256,236,212,181,116,72,21
2241.5,253,245,219,205,177,106,71,21
2242.5,262,258,237,219,188,116,74,18
2243.5,272,259,239,216,188,126,69,21
2244.5,269,259,237,208,185,114,68,22
2245.5,292,281,261,238,212,132,75,14
2246.5,274,267,240,215,183,123,70,21
2247.5,253,247,215,196,170,111,61,19
2248.5,271,260,234,218,186,118,66,17
2249.5,281,273,249,233,201,128,79,20
2250.5,253,248,222,210,182,112,71,21
2251.5,285,277,257,237,201,123,79,20
2252.5,297,288,264,243,211,132,73,14
2253.5,255,248,230,197,165,104,62,13
2254.5,262,258,231,209,175,99,56,13
2255.5,261,252,229,208,177,115,67,14
2256.5,262,255,237,217,186,113,62,13
2257.5,291,280,251,231,198,126,87,19
2258.5,287,281,254,233,189,115,64,18
2259.5,236,234,215,190,171,103,60,11
2260.5,257,245,224,201,173,104,64,10
2261.5,304,299,271,242,205,124,78,18
2262.5,300,285,268,245,206,139,80,20
2263.5,290,281,250,234,203,123,71,13
2264.5,279,267,243,223,193,123,70,21
2265.5,270,257,237,217,180,116,73,18
2266.5,268,262,234,216,185,111,61,16
2267.5,293,276,248,223,190,109,66,17
2268.5,294,279,255,238,211,146,81,16
2269.5,289,278,257,237,209,122,67,12
2270.5,282,266,240,221,190,120,72,19
2271.5,299,287,264,244,205,119,67,20
2272.5,292,283,266,240,202,115,73,21
2273.5,279,273,242,220,194,119,67,19
2274.5,294,287,265,241,200,111,74,15
2275.5,268,259,236,208,180,111,69,20
2276.5,300,284,258,229,200,130,81,23
2277.5,287,279,257,237,196,125,64,16
2278.5,284,278,253,234,198,126,85,20
2279.5,297,285,262,239,201,105,67,12
2280.5,334,319,294,273,239,152,83,25
2281.5,300,289,263,246,217,135,88,18
2282.5,302,295,273,245,220,147,83,32
2283.5,319,308,287,263,237,151,88,19
2284.5,270,260,241,214,180,117,83,21
2285.5,283,271,240,219,196,127,76,17
2286.5,260,250,228,211,167,107,69,19
2287.5,276,265,236,211,179,102,69,17
2288.5,294,288,270,242,208,116,74,25
2289.5,319,310,285,260,229,156,88,25
2290.5,294,284,256,227,193,128,75,21
2291.5,313,301,276,253,218,128,84,22
2292.5,308,294,255,232,186,125,67,16
2293.5,307,291,265,243,205,134,72,18
2294.5,312,298,278,254,218,137,87,19
2295.5,316,304,265,243,199,130,80,15
2296.5,307,301,278,260,229,150,88,15
2297.5,331,323,289,264,230,148,80,18
2298.5,312,304,272,247,222,138,91,18
2299.5,321,312,279,265,225,148,90,29
2300.5,315,300,269,248,215,130,95,25
2301.5,312,304,275,252,218,137,82,24
2302.5,308,299,264,241,208,141,84,18
2303.5,308,298,262,236,210,132,79,22
2304.5,298,288,271,245,204,125,71,12
2305.5,322,313,276,254,218,128,85,25
2306.5,289,283,246,226,193,115,68,14
2307.5,287,277,254,231,194,131,75,23
2308.5,322,308,284,265,225,139,76,11
2309.5,313,307,278,254,221,133,72,21
2310.5,323,313,285,261,223,125,71,13
2311.5,312,306,292,267,230,152,89,24
2312.5,301,289,258,240,209,119,74,15
2313.5,352,344,325,293,252,160,93,16
2314.5,299,289,266,239,207,115,70,17
2315.5,327,309,274,256,221,137,79,19
2316.5,294,286,257,233,201,123,70,22
2317.5,297,284,255,237,207,125,76,18
2318.5,314,304,279,255,214,132,77,19
2319.5,323,313,291,259,225,135,82,16
2320.5,295,286,260,230,196,120,83,17
2321.5,322,309,289,262,229,138,79,16
2322.5,344,331,296,273,235,142,83,22
2323.5,362,348,308,278,225,132,76,11
2324.5,342,330,295,249,205,118,62,22
2325.5,342,331,305,283,238,146,79,25
2326.5,353,344,319,300,255,149,89,22
2327.5,348,332,306,273,233,150,94,26
2328.5,334,323,293,272,239,143,91,26
2329.5,360,347,311,281,240,151,96,19
2330.5,351,337,297,271,234,135,76,13
2331.5,313,307,282,257,212,127,69,16
2332.5,337,329,291,266,237,139,89,31
2333.5,355,344,316,286,241,141,82,21
2334.5,334,323,286,263,222,145,92,25
2335.5,358,339,305,274,231,137,75,21
2336.5,383,372,350,322,272,175,100,21
2337.5,357,340,307,274,227,143,92,30
2338.5,357,349,319,291,244,146,89,19
2339.5,350,343,306,281,248,148,88,26
2340.5,340,333,297,260,221,137,80,24
2341.5,365,352,330,301,261,171,113,23
2342.5,327,317,285,257,228,136,79,18
2343.5,363,352,315,286,233,141,83,20
2344.5,360,352,322,293,256,168,93,15
2345.5,330,324,289,268,237,157,96,18
2346.5,378,367,330,303,252,165,93,20
2347.5,359,345,316,276,232,136,85,20
2348.5,332,318,291,275,237,145,89,22
2349.5,360,345,317,291,255,159,90,19
2350.5,392,381,340,313,271,169,99,20
2351.5,397,386,337,311,263,163,83,24
2352.5,340,328,302,278,237,153,91,22
2353.5,362,352,320,290,242,149,81,17
2354.5,384,372,330,297,258,166,95,20
2355.5,339,326,294,263,220,140,90,20
2356.5,373,356,327,288,238,144,76,25
2357.5,378,366,319,293,246,149,74,22
2358.5,350,332,310,285,239,152,88,23
2359.5,419,410,371,325,284,173,101,22
2360.5,384,375,343,303,263,156,87,22
2361.5,375,362,330,295,253,143,82,30
2362.5,397,383,355,316,279,174,102,33
2363.5,388,373,341,317,251,156,81,23
2364.5,363,351,317,283,242,163,89,20
2365.5,376,362,317,293,253,153,92,27
2366.5,386,374,345,313,268,157,100,30
2367.5,372,356,325,294,250,151,89,21
2368.5,367,342,306,277,241,158,84,26
2369.5,377,371,334,302,256,166,96,30
2370.5,378,368,334,307,248,144,80,18
2371.5,364,344,311,289,240,151,93,19
2372.5,394,378,353,326,282,170,95,15
2373.5,344,333,302,272,235,135,79,19
2374.5,328,316,288,267,225,147,89,25
2375.5,368,355,330,301,249,160,89,21
2376.5,360,352,312,283,247,146,82,24
2377.5,367,356,331,299,269,171,109,23
2378.5,343,330,307,286,238,158,95,21
2379.5,357,346,320,296,257,165,89,30
2380.5,346,335,316,291,256,159,97,28
2381.5,291,279,260,246,212,138,84,22
2382.5,278,277,256,234,211,129,84,14
2383.5,276,274,255,232,199,119,66,19
2384.5,284,280,261,240,204,134,83,22
2385.5,248,244,226,206,185,117,62,15
2386.5,303,298,274,257,228,149,87,29
2387.5,286,280,262,251,224,160,102,22
2388.5,266,262,250,233,211,138,86,26
2389.5,251,244,233,215,192,128,86,28
2390.5,257,255,245,225,205,128,77,25
2391.5,237,233,220,209,191,130,80,26
2392.5,227,224,211,197,176,116,69,14
2393.5,259,255,238,229,203,145,89,22
2394.5,241,238,229,217,182,119,78,27
2395.5,243,240,229,219,190,124,84,32
2396.5,234,230,215,201,180,121,68,18
2397.5,229,223,207,200,181,127,77,18
2398.5,257,250,236,224,196,133,82,25
2399.5,261,256,245,223,191,120,71,18
2400.5,235,230,218,205,178,110,69,22
2401.5,257,251,238,229,199,128,81,15
2402.5,249,245,232,213,188,119,76,19
2403.5,252,246,236,221,191,130,77,17
2404.5,224,222,211,201,184,127,78,19
2405.5,227,223,209,198,176,124,77,22
2406.5,247,245,227,205,180,136,86,24
2407.5,245,241,233,214,187,128,79,23
2408.5,210,206,193,181,170,117,66,16
2409.5,221,215,202,188,169,119,68,18
2410.5,211,207,198,192,169,108,78,16
2411.5,213,206,189,183,157,110,74,26
2412.5,212,207,187,177,157,103,58,20
2413.5,222,221,212,204,179,121,81,26
2414.5,228,224,205,192,172,116,69,20
2415.5,212,209,195,184,162,106,67,18
2416.5,209,206,199,179,161,110,70,24
2417.5,229,227,214,208,183,121,73,24
2418.5,226,221,208,197,169,109,66,20
2419.5,233,229,216,201,180,124,81,23
2420.5,232,227,209,195,175,124,80,19
2421.5,206,204,193,181,163,116,71,16
2422.5,189,186,175,167,149,103,73,17
2423.5,249,248,236,223,197,139,92,23
2424.5,212,208,192,181,163,111,82,28
2425.5,203,197,182,174,157,113,76,22
2426.5,217,212,203,190,171,104,58,17
2427.5,198,195,191,180,158,108,64,11
2428.5,209,207,203,189,162,109,71,18
2429.5,208,205,195,173,157,109,76,26
2430.5,219,216,196,180,158,112,69,20
2431.5,198,197,187,177,163,120,84,21
2432.5,175,173,162,154,135,91,58,18
2433.5,218,213,199,187,163,104,66,18
2434.5,198,195,181,174,151,97,66,21
2435.5,208,204,190,174,149,94,58,16
2436.5,200,194,184,173,151,98,63,11
2437.5,187,183,171,164,142,91,53,12
2438.5,210,207,201,192,161,99,68,18
2439.5,205,203,189,172,155,105,67,29
2440.5,177,177,170,156,144,98,52,12
2441.5,191,188,177,156,146,93,66,20
2442.5,195,194,185,178,161,116,76,25
2443.5,205,204,192,176,159,107,61,19
2444.5,210,207,196,186,157,101,55,19
2445.5,178,171,162,148,128,90,58,15
2446.5,170,169,162,153,137,87,48,16
2447.5,163,160,152,136,121,74,46,9
2448.5,192,191,178,168,147,98,64,20
2449.5,204,198,193,183,169,113,76,14
2450.5,194,193,186,173,157,103,53,9
2451.5,160,159,153,134,116,75,49,12
2452.5,164,161,149,143,125,88,52,19
2453.5,196,192,180,170,153,101,66,18
2454.5,165,163,153,141,119,84,52,14
2455.5,170,166,154,141,134,91,52,15
2456.5,197,194,187,178,161,116,76,22
2457.5,170,167,160,148,132,94,61,23
2458.5,194,189,177,172,157,114,76,19
2459.5,180,175,163,153,140,93,69,20
2460.5,177,176,167,157,140,95,67,22
2461.5,156,155,144,138,126,77,52,25
2462.5,154,150,144,142,126,75,52,13
2463.5,187,185,184,173,154,110,71,19
2464.5,150,147,140,131,110,73,51,14
2465.5,137,136,128,120,107,65,34,7
2466.5,146,142,135,128,116,77,46,13
2467.5,150,150,140,134,121,68,38,10
2468.5,152,151,137,128,113,71,45,10
2469.5,170,169,160,152,141,101,75,22
2470.5,121,121,116,111,98,64,45,14
2471.5,158,155,140,133,119,87,54,7
2472.5,138,138,128,121,103,75,49,12
2473.5,150,149,141,134,119,85,54,19
2474.5,126,126,116,113,98,65,40,9
2475.5,126,125,117,109,98,57,33,10
2476.5,108,106,97,94,83,52,34,7
2477.5,110,108,102,97,88,54,38,13
2478.5,154,151,147,140,125,77,47,20
2479.5,149,145,139,131,113,81,41,11
2480.5,119,119,117,110,98,73,43,8
2481.5,104,102,95,88,80,50,39,10
2482.5,125,124,119,113,96,71,51,15
2483.5,131,130,127,118,102,63,46,17
2484.5,129,128,121,113,99,71,42,17
2485.5,124,122,115,112,101,75,46,13
2486.5,108,106,104,96,89,63,37,13
2487.5,129,126,120,111,102,79,42,16
2488.5,99,98,97,95,91,69,40,11
2489.5,126,124,121,113,102,61,35,13
2490.5,117,116,112,104,93,67,41,13
2491.5,118,112,109,101,91,67,45,17
2492.5,95,90,87,82,73,43,28,12
2493.5,109,107,99,93,82,57,35,5
2494.5,105,103,101,97,90,57,42,12
2495.5,91,91,82,80,69,48,34,8
2496.5,111,111,107,103,93,65,44,19
2497.5,88,86,84,79,73,50,35,10
2498.5,92,91,87,83,69,43,28,8
2499.5,79,79,75,72,66,49,31,7
2500.5,92,91,82,77,69,45,22,7
2501.5,84,83,80,73,62,49,31,8
2502.5,76,74,73,70,60,41,25,9
2503.5,87,87,84,82,71,52,34,8
2504.5,84,83,79,74,69,50,31,11
2505.5,66,65,63,58,52,35,21,5
2506.5,71,71,66,61,58,39,28,5
2507.5,80,80,74,70,65,41,24,5
2508.5,57,55,55,53,45,30,23,8
2509.5,59,59,56,55,51,30,23,7
2510.5,74,73,68,65,60,45,30,8
2511.5,60,60,59,57,43,28,18,6
2512.5,68,66,65,60,55,38,19,4
2513.5,62,61,60,58,50,27,18,5
2514.5,67,64,61,59,54,39,23,8
2515.5,62,60,56,51,43,34,21,4
2516.5,54,52,47,43,39,29,22,7
2517.5,72,71,68,64,60,46,30,11
2518.5,61,61,60,59,50,35,24,10
2519.5,75,73,70,69,59,42,27,11
2520.5,55,55,54,50,45,31,19,7
2521.5,45,44,44,37,34,21,13,3
2522.5,44,43,41,38,34,24,19,9
2523.5,66,63,60,54,47,32,21,4
2524.5,46,46,45,41,40,26,17,5
2525.5,56,55,53,52,45,33,19,6
2526.5,48,48,47,43,41,31,21,7
2527.5,64,63,62,58,52,38,27,9
2528.5,57,55,55,52,51,36,19,8
2529.5,40,39,39,38,34,23,13,4
2530.5,58,58,57,53,45,31,12,5
2531.5,44,44,39,37,31,24,19,3
2532.5,49,49,45,45,44,30,19,7
2533.5,56,55,54,53,45,27,15,6
2534.5,66,66,62,61,55,43,25,10
2535.5,44,42,40,35,34,22,17,4
2536.5,64,61,58,55,53,37,22,10
2537.5,57,57,54,53,48,34,24,10
2538.5,46,45,44,39,37,26,14,4
2539.5,40,40,39,37,34,21,10,3
2540.5,40,39,39,36,33,21,9,2
2541.5,47,47,45,41,36,28,21,7
2542.5,37,37,35,35,31,21,13,3
2543.5,33,33,33,30,28,18,13,2
2544.5,45,44,44,43,34,27,15,7
2545.5,27,27,27,27,26,19,16,6
2546.5,42,42,39,37,35,24,11,2
2547.5,49,49,49,48,42,31,22,7
2548.5,44,44,40,36,32,24,11,5
2549.5,35,35,34,30,27,17,14,1
2550.5,37,37,36,33,32,16,13,6
2551.5,50,49,48,45,41,32,23,12
2552.5,49,48,48,46,44,27,15,6
2553.5,51,51,49,47,40,27,17,6
2554.5,44,41,39,36,35,25,18,6
2555.5,48,48,48,47,40,25,15,3
2556.5,43,42,39,39,35,23,18,10
2557.5,47,47,42,40,39,27,16,5
2558.5,44,44,43,40,34,21,18,4
2559.5,53,52,51,48,46,29,19,6
2560.5,42,42,42,40,35,28,16,6
2561.5,34,34,31,30,28,20,10,4
2562.5,41,40,37,36,31,22,16,4
2563.5,58,57,56,53,47,35,25,10
2564.5,44,44,40,39,37,26,19,9
2565.5,45,45,44,43,42,32,25,8
2566.5,43,43,42,41,41,31,21,5
2567.5,39,39,39,38,31,21,12,7
2568.5,49,49,45,45,40,32,26,9
2569.5,40,40,39,35,32,25,16,7
2570.5,53,52,51,49,44,28,20,8
2571.5,38,38,38,35,32,24,17,4
2572.5,40,40,40,39,32,23,19,5
2573.5,42,41,39,37,33,24,20,4
2574.5,40,39,39,37,35,25,15,5
2575.5,41,40,39,37,32,20,14,4
2576.5,49,48,46,43,39,28,20,8
2577.5,37,37,34,33,28,17,14,5
2578.5,46,45,43,41,37,31,23,8
2579.5,36,36,36,34,30,21,15,5
2580.5,39,39,38,36,32,24,16,9
2581.5,45,45,43,40,34,25,20,9
2582.5,52,51,50,48,46,35,29,8
2583.5,29,29,27,27,26,16,8,2
2584.5,40,40,39,38,36,28,21,11
2585.5,43,43,40,39,34,23,19,6
2586.5,39,39,38,35,33,26,17,4
2587.5,35,35,34,33,28,15,8,4
2588.5,36,34,33,33,31,19,15,5
2589.5,51,50,49,49,47,30,20,5
2590.5,45,45,43,41,41,30,21,7
2591.5,36,36,35,33,30,15,9,3
2592.5,58,56,55,50,44,36,27,6
2593.5,41,41,36,34,28,22,16,8
2594.5,44,44,43,40,37,26,15,9
2595.5,32,32,30,30,27,19,9,5
2596.5,60,59,55,52,48,31,23,8
2597.5,45,45,45,43,37,23,10,5
2598.5,53,52,52,51,44,33,24,3
2599.5,54,54,53,53,46,33,22,6
2600.5,49,49,46,45,42,33,26,8
2601.5,61,60,59,56,51,38,23,6
2602.5,63,60,55,54,47,24,16,5
2603.5,87,84,77,74,72,58,40,14
2604.5,86,81,73,68,63,43,27,12
2605.5,122,114,100,92,82,60,45,17
2606.5,143,137,114,106,90,70,46,17
2607.5,197,192,155,135,118,78,48,18
2608.5,289,284,237,199,174,125,89,32
2609.5,536,532,488,449,388,281,179,61
2610.5,1228,1221,1127,1067,961,671,453,138
2611.5,2893,2877,2771,2645,2433,1745,1169,383
2612.5,5653,5623,5483,5247,4848,3559,2317,697
2613.5,8183,8146,7960,7671,7088,5175,3484,1087
2614.5,9262,9237,9023,8722,7961,5807,3844,1155
2615.5,7530,7494,7324,7108,6526,4709,3195,977
2616.5,4390,4366,4263,4105,3736,2631,1740,550
2617.5,1942,1927,1872,1789,1607,1142,750,233
2618.5,646,644,614,584,527,373,256,78
2619.5,178,176,173,165,145,100,57,24
2620.5,39,39,39,38,32,24,15,6
2621.5,8,7,7,7,7,3,3,1
2622.5,7,7,7,6,6,3,3,1
2623.5,9,9,9,9,9,6,3,2
2624.5,11,10,10,10,9,7,5,1
2625.5,9,8,7,7,7,4,3,2
2626.5,11,10,9,9,7,4,3,1
2627.5,13,13,13,13,12,7,7,2
2628.5,12,11,11,11,11,9,7,1
2629.5,13,13,11,9,9,3,2,1
2630.5,7,6,6,5,5,4,3,1
2631.5,9,9,8,8,7,4,3,0
2632.5,13,12,11,11,10,8,4,0
2633.5,6,6,6,6,6,6,5,1
2634.5,9,9,9,9,8,6,4,0
2635.5,8,8,7,6,5,4,2,1
2636.5,2,2,2,2,2,1,0,0
2637.5,8,8,7,7,7,5,3,1
2638.5,3,3,3,3,3,2,1,0
2639.5,7,7,7,7,7,5,3,1
2640.5,16,16,14,13,11,7,6,0
2641.5,10,9,8,7,6,4,2,1
2642.5,5,5,5,5,3,3,2,1
2643.5,10,10,10,10,9,6,5,1
2644.5,9,9,9,8,8,7,5,2
2645.5,14,14,13,12,11,7,4,1
2646.5,13,12,12,12,11,8,5,2
2647.5,6,6,5,4,4,2,2,1
2648.5,10,10,9,9,9,7,6,2
2649.5,7,7,7,6,6,6,4,0
2650.5,7,7,7,6,6,5,5,1
2651.5,4,4,4,3,3,1,0,0
2652.5,4,4,4,4,4,3,0,0
2653.5,13,13,12,12,12,10,7,0
2654.5,10,10,10,10,8,4,1,0
2655.5,7,7,7,7,7,6,4,2
2656.5,4,4,4,4,3,2,1,0
2657.5,11,11,10,10,8,7,5,3
2658.5,4,4,4,4,3,3,1,0
2659.5,8,8,8,8,8,6,3,2
2660.5,7,7,7,7,6,5,4,1
2661.5,8,8,7,7,5,4,4,0
2662.5,4,4,4,4,4,2,2,1
2663.5,3,3,3,3,3,3,2,0
2664.5,11,11,11,11,10,7,6,2
2665.5,0,0,0,0,0,0,0,0
2666.5,6,6,6,4,4,3,3,0
2667.5,11,11,11,10,6,4,2,1
2668.5,3,3,3,2,2,2,1,0
2669.5,13,13,13,12,12,7,5,1
2670.5,2,2,2,2,1,1,1,0
2671.5,7,5,5,4,3,1,1,0
2672.5,8,7,7,7,7,5,5,0
2673.5,9,8,8,8,8,4,3,0
2674.5,9,9,8,7,7,5,2,0
2675.5,5,4,4,4,4,1,0,0
2676.5,7,6,6,6,6,4,2,0
2677.5,6,6,6,6,6,5,3,0
2678.5,13,13,13,13,9,7,5,2
2679.5,8,8,8,8,6,4,2,1
2680.5,5,5,4,4,4,4,1,1
2681.5,7,7,6,6,4,3,2,1
2682.5,13,13,12,12,12,10,7,2
2683.5,13,13,12,12,8,8,3,2
2684.5,9,9,9,8,7,5,3,1
2685.5,9,8,8,8,8,8,7,2
2686.5,19,19,18,18,16,13,9,4
2687.5,7,7,7,7,7,6,2,1
2688.5,17,16,14,14,13,11,7,4
2689.5,10,10,9,9,8,6,3,1
2690.5,11,9,9,9,8,5,3,1
2691.5,7,7,7,7,6,5,4,3
2692.5,2,2,2,2,2,0,0,0
2693.5,10,10,10,10,9,9,6,1
2694.5,5,5,5,4,4,2,1,0
2695.5,9,9,9,9,9,6,4,2
2696.5,12,11,10,10,10,10,5,0
2697.5,14,14,14,11,10,7,6,4
2698.5,16,16,15,14,13,11,7,3
2699.5,6,6,6,6,4,3,1,0
2700.5,4,3,3,3,2,2,0,0
2701.5,5,5,5,5,5,3,3,1
2702.5,15,14,14,12,11,11,7,4
2703.5,5,5,5,4,4,1,1,0
2704.5,6,6,5,5,5,3,2,0
2705.5,9,9,9,9,9,6,5,2
2706.5,9,9,8,8,7,4,3,1
2707.5,4,4,4,4,4,1,0,0
2708.5,10,9,9,9,8,5,3,0
2709.5,11,11,11,11,9,9,8,4
2710.5,2,2,1,1,1,0,0,0
2711.5,5,5,5,5,4,3,3,1
2712.5,5,5,5,5,5,3,2,1
2713.5,9,9,9,8,6,4,4,2
2714.5,10,10,9,7,7,7,5,2
2715.5,10,9,9,9,7,6,5,3
2716.5,8,8,8,8,8,5,5,4
2717.5,5,5,5,5,5,4,3,3
2718.5,3,3,3,3,3,2,2,0
2719.5,7,7,7,6,6,5,3,1
2720.5,10,10,10,9,6,4,3,1
2721.5,5,5,5,5,3,3,2,0
2722.5,3,3,3,2,1,0,0,0
2723.5,11,11,10,10,8,7,4,2
2724.5,7,7,7,7,6,4,4,3
2725.5,9,9,7,6,6,5,4,2
2726.5,7,7,7,7,6,4,4,1
2727.5,5,5,4,4,4,4,2,0
2728.5,5,5,5,4,3,3,3,2
2729.5,9,9,8,6,5,2,0,0
2730.5,8,8,7,7,5,4,4,1
2731.5,5,5,5,5,5,3,3,2
2732.5,7,7,7,7,7,5,3,0
2733.5,5,5,5,5,4,3,2,0
2734.5,9,9,9,9,8,5,2,2
2735.5,12,12,10,10,7,5,5,1
2736.5,11,11,11,11,10,7,3,1
2737.5,10,10,9,8,8,7,4,4
2738.5,8,7,7,7,6,5,3,0
2739.5,7,7,7,6,4,4,4,1
2740.5,4,4,4,4,4,3,2,1
2741.5,5,5,5,5,4,3,2,0
2742.5,9,9,8,8,8,7,3,1
2743.5,9,9,9,9,8,6,4,1
2744.5,8,8,8,8,7,2,2,1
2745.5,11,11,11,11,9,4,2,1
2746.5,13,13,12,11,9,7,5,2
2747.5,4,4,4,4,4,4,3,1
2748.5,6,6,6,4,3,3,3,1
2749.5,14,14,14,14,12,10,8,2
2750.5,3,3,3,3,3,2,2,0
2751.5,4,4,4,4,4,2,1,0
2752.5,8,8,8,6,6,3,3,3
2753.5,13,13,13,11,11,5,3,0
2754.5,8,7,7,7,6,3,1,0
2755.5,3,3,3,3,3,2,2,0
2756.5,11,11,11,11,11,7,3,1
2757.5,10,10,9,8,6,4,3,1
2758.5,4,4,4,4,4,4,4,3
2759.5,8,8,7,7,7,5,4,3
2760.5,5,5,5,4,3,2,2,0
2761.5,6,6,6,6,6,4,4,3
2762.5,12,12,11,11,10,4,4,0
2763.5,13,13,13,12,10,6,5,1
2764.5,10,8,8,8,8,4,1,1
2765.5,12,11,11,10,8,8,5,2
2766.5,6,6,5,5,5,5,4,2
2767.5,9,8,8,7,7,5,5,3
2768.5,7,7,7,7,6,5,2,0
2769.5,6,5,5,5,5,4,4,0
2770.5,5,5,5,5,4,3,1,1
2771.5,10,10,10,10,10,7,6,3
2772.5,8,8,8,8,6,4,2,2
2773.5,7,6,6,6,6,5,5,1
2774.5,6,5,5,5,4,3,1,1
2775.5,5,5,5,5,4,3,3,2
2776.5,6,6,6,6,6,6,3,0
2777.5,12,12,11,11,10,7,6,3
2778.5,3,3,3,3,2,1,0,0
2779.5,7,6,6,6,6,5,5,1
2780.5,6,6,6,6,5,3,2,2
2781.5,4,4,3,2,2,2,1,0
2782.5,9,9,8,8,7,5,3,1
2783.5,7,7,7,7,7,5,4,2
2784.5,9,8,8,8,7,4,4,1
2785.5,8,7,6,5,5,1,1,0
2786.5,6,6,6,6,6,5,4,1
2787.5,10,8,8,8,8,7,4,2
2788.5,5,5,5,5,4,3,2,1
2789.5,8,7,6,6,4,4,2,0
2790.5,4,4,3,3,3,3,2,1
2791.5,15,15,14,14,13,10,7,3
2792.5,7,6,6,6,5,3,2,2
2793.5,6,4,4,4,3,3,3,1
2794.5,4,4,4,4,4,1,1,0
2795.5,9,7,7,7,7,5,3,2
2796.5,10,10,10,10,9,4,3,1
2797.5,8,8,7,7,6,4,4,0
2798.5,7,7,7,7,5,0,0,0
2799.5,8,7,7,7,7,6,4,2
2800.5,8,8,8,8,7,5,5,2
2801.5,1,1,1,1,1,1,1,0
2802.5,7,7,7,6,6,6,4,1
2803.5,6,6,5,5,5,3,3,0
2804.5,8,7,5,5,5,2,2,1
2805.5,8,8,8,7,7,5,3,2
2806.5,6,6,6,6,6,4,4,1
2807.5,8,8,7,7,6,5,4,0
2808.5,0,0,0,0,0,0,0,0
2809.5,8,8,8,8,8,6,4,0
2810.5,7,6,6,5,5,4,4,0
2811.5,9,9,9,8,6,5,4,0
2812.5,5,5,4,4,4,1,0,0
2813.5,7,7,7,7,7,6,2,2
2814.5,7,7,6,5,4,2,2,2
2815.5,2,2,2,2,2,1,0,0
2816.5,3,3,3,3,2,2,1,0
2817.5,8,8,8,8,8,7,7,3
2818.5,6,5,4,4,3,2,2,0
2819.5,7,7,7,7,6,4,2,2
2820.5,10,10,10,9,8,4,4,2
2821.5,9,9,9,9,8,6,5,4
2822.5,6,6,5,5,4,2,2,2
2823.5,5,5,5,5,5,4,3,1
2824.5,3,3,3,2,1,0,0,0
2825.5,7,7,7,7,7,5,4,1
2826.5,7,7,7,7,6,5,3,1
2827.5,6,6,5,4,4,4,0,0
2828.5,3,3,3,3,3,2,1,0
2829.5,5,5,5,5,5,4,2,0
2830.5,7,7,7,7,6,6,4,1
2831.5,7,7,7,7,7,5,3,1
2832.5,3,3,3,2,2,2,2,1
2833.5,2,2,2,2,2,2,1,1
2834.5,5,5,5,5,5,4,4,0
2835.5,5,5,5,5,5,5,4,2
2836.5,7,6,6,6,6,4,4,2
2837.5,4,4,4,3,3,3,2,1
2838.5,5,5,5,5,4,2,0,0
2839.5,4,4,4,3,2,2,2,2
2840.5,7,6,4,4,4,3,2,1
2841.5,1,1,1,1,1,1,1,0
2842.5,4,4,4,4,4,3,2,0
2843.5,4,4,4,4,4,3,1,0
2844.5,5,5,5,5,4,4,1,0
2845.5,2,2,2,2,2,1,1,1
2846.5,4,4,4,4,2,2,0,0
2847.5,7,7,7,7,7,4,1,1
2848.5,10,9,8,8,8,7,5,2
2849.5,3,3,3,3,3,1,1,0
2850.5,5,5,5,5,4,4,3,2
2851.5,6,6,6,6,6,4,3,0
2852.5,6,4,4,4,4,3,1,1
2853.5,4,4,4,4,4,4,4,2
2854.5,6,6,6,6,6,6,6,3
2855.5,6,5,5,5,5,3,0,0
2856.5,4,4,4,4,4,3,2,1
2857.5,6,5,5,5,5,5,5,3
2858.5,5,5,5,4,4,3,2,0
2859.5,5,5,5,5,4,3,2,1
2860.5,3,3,3,3,3,1,1,0
2861.5,6,6,5,4,4,2,1,0
2862.5,5,5,5,5,5,5,4,2
2863.5,4,4,4,4,4,3,3,0
2864.5,5,4,4,4,4,2,2,1
2865.5,10,10,10,9,9,6,6,3
2866.5,5,5,5,5,4,4,2,0
2867.5,7,6,6,6,6,3,3,0
2868.5,4,4,4,4,4,3,3,1
2869.5,5,5,5,5,5,2,2,1
2870.5,2,2,2,2,2,1,1,1
2871.5,5,5,5,5,5,4,3,0
2872.5,4,4,4,4,4,4,3,0
2873.5,7,7,7,7,7,5,4,0
2874.5,2,2,2,2,1,0,0,0
2875.5,3,3,3,3,3,2,2,1
2876.5,7,7,7,7,7,4,3,2
2877.5,7,7,7,6,4,4,4,1
2878.5,3,3,3,3,3,3,2,0
2879.5,5,5,5,5,5,4,1,0
2880.5,4,4,4,4,4,3,3,1
2881.5,7,6,6,6,6,4,3,0
2882.5,6,5,5,5,5,3,2,2
2883.5,3,3,3,3,3,3,2,0
2884.5,11,10,10,9,9,4,3,1
2885.5,2,2,2,2,2,2,1,0
2886.5,8,8,8,8,6,6,6,3
2887.5,5,4,4,4,3,1,1,1
2888.5,8,8,8,7,6,6,3,1
2889.5,5,5,4,4,4,3,2,1
2890.5,5,5,5,5,5,4,3,1
2891.5,5,5,5,5,5,5,3,1
2892.5,6,6,6,6,6,6,6,4
2893.5,5,4,4,4,4,3,3,2
2894.5,9,8,8,7,7,5,5,3
2895.5,3,3,3,3,3,3,2,0
2896.5,1,1,1,1,1,1,1,0
2897.5,4,4,4,4,4,4,2,2
2898.5,7,5,5,5,5,4,2,0
2899.5,7,7,7,5,5,4,3,3
2900.5,2,2,2,2,1,1,0,0
2901.5,2,2,2,2,1,1,1,0
2902.5,8,8,7,7,7,3,1,0
2903.5,4,4,4,4,4,4,3,2
2904.5,4,4,4,3,3,3,1,1
2905.5,6,6,5,5,5,4,3,1
2906.5,5,5,5,4,4,4,1,1
2907.5,7,7,7,6,6,5,2,1
2908.5,5,5,5,4,4,4,2,1
2909.5,4,4,4,4,4,3,3,1
2910.5,7,6,5,5,5,4,2,0
2911.5,5,5,5,5,4,4,4,1
2912.5,5,4,4,4,4,3,1,0
2913.5,9,9,9,9,9,9,6,2
2914.5,3,3,3,3,3,3,1,0
2915.5,8,8,8,8,5,3,3,1
2916.5,6,5,5,5,5,3,2,2
2917.5,2,2,2,2,2,1,0,0
2918.5,7,3,3,3,2,2,2,2
2919.5,4,4,4,4,4,2,1,0
2920.5,4,4,4,3,3,3,2,1
2921.5,8,8,8,8,7,6,2,1
2922.5,4,4,3,3,3,3,2,1
2923.5,5,4,4,4,4,3,3,1
2924.5,7,7,7,7,7,5,3,2
2925.5,3,3,3,3,3,1,1,0
2926.5,6,5,5,5,5,5,5,1
2927.5,6,6,5,5,5,5,3,1
2928.5,5,5,5,4,4,3,2,1
2929.5,3,3,3,2,2,2,0,0
2930.5,4,4,3,3,3,2,1,0
2931.5,10,9,9,9,8,6,3,3
2932.5,8,7,7,7,7,6,5,1
2933.5,2,2,2,2,2,2,1,1
2934.5,4,4,4,3,3,3,2,2
2935.5,2,2,2,2,2,2,1,0
2936.5,5,5,5,5,5,4,1,0
2937.5,6,6,5,5,5,5,3,1
2938.5,3,2,2,2,2,2,1,0
2939.5,5,5,5,5,5,5,3,1
2940.5,4,4,4,3,2,1,0,0
2941.5,6,6,6,6,4,4,4,2
2942.5,9,9,9,9,9,7,7,3
2943.5,8,8,8,7,5,3,3,1
2944.5,3,3,3,2,2,0,0,0
2945.5,4,4,4,4,4,2,0,0
2946.5,4,4,3,3,3,2,1,1
2947.5,7,7,7,7,7,6,3,1
2948.5,6,6,6,6,6,4,1,1
2949.5,4,4,4,4,3,3,2,0
2950.5,4,4,4,3,3,3,1,0
2951.5,3,3,3,3,2,1,1,0
2952.5,3,3,3,2,2,2,2,1
2953.5,10,9,8,8,7,3,2,1
2954.5,5,5,5,5,3,3,2,1
2955.5,4,3,3,3,3,0,0,0
2956.5,3,3,3,3,3,2,2,1
2957.5,6,6,6,6,6,4,2,1
2958.5,5,5,5,5,5,4,3,2
2959.5,4,4,3,3,3,2,1,1
2960.5,6,6,6,5,5,4,2,1
2961.5,7,5,5,5,5,3,3,3
2962.5,3,3,3,3,3,3,3,2
2963.5,5,5,5,5,5,4,3,1
2964.5,3,3,3,3,2,2,2,0
2965.5,2,2,2,2,2,2,2,0
2966.5,5,5,5,5,5,5,3,2
2967.5,3,3,2,2,2,2,2,1
2968.5,3,3,3,3,3,3,2,0
2969.5,3,3,3,3,3,3,3,1
2970.5,3,3,2,2,2,1,0,0
2971.5,4,4,3,3,3,2,2,0
2972.5,3,3,3,2,2,1,1,1
2973.5,3,2,2,2,2,1,0,0
2974.5,4,4,3,2,2,1,1,1
2975.5,8,7,6,6,5,3,1,0
2976.5,3,3,3,3,3,3,1,0
2977.5,2,2,2,2,2,2,0,0
2978.5,4,4,4,4,4,4,4,2
2979.5,6,6,6,6,6,6,4,2
2980.5,3,3,3,3,3,3,2,1
2981.5,4,4,4,4,4,3,2,1
2982.5,6,6,5,5,5,5,3,1
2983.5,0,0,0,0,0,0,0,0
2984.5,1,1,1,1,1,1,1,0
2985.5,4,3,2,2,2,1,0,0
2986.5,1,1,1,0,0,0,0,0
2987.5,4,4,4,3,3,3,3,1
2988.5,3,3,3,3,3,3,1,0
2989.5,8,8,7,7,7,6,6,3
2990.5,2,2,1,1,1,1,1,0
2991.5,7,7,7,6,6,6,5,4
2992.5,4,4,4,4,4,4,2,0
2993.5,5,4,4,4,4,4,1,1
2994.5,2,1,1,1,1,1,1,0
2995.5,3,2,2,2,2,2,2,1
2996.5,5,5,5,5,5,3,2,1
2997.5,2,2,2,2,2,1,1,0
2998.5,8,8,8,8,7,7,5,0
2999.5,2,2,2,2,2,1,0,0
3000.5,6,6,5,5,4,1,1,0
3001.5,1,1,1,1,1,1,0,0
3002.5,4,4,4,4,4,4,3,2
3003.5,7,7,6,6,6,4,2,0
3004.5,1,1,1,1,1,1,0,0
3005.5,1,1,1,1,1,1,1,1
3006.5,10,10,9,8,8,7,5,2
3007.5,4,4,4,4,4,4,3,2
3008.5,3,3,3,3,2,2,1,0
3009.5,4,4,4,4,4,2,2,1
3010.5,2,2,1,1,1,1,1,0
3011.5,0,0,0,0,0,0,0,0
3012.5,0,0,0,0,0,0,0,0
3013.5,0,0,0,0,0,0,0,0
3014.5,0,0,0,0,0,0,0,0
3015.5,0,0,0,0,0,0,0,0
3016.5,0,0,0,0,0,0,0,0
3017.5,0,0,0,0,0,0,0,0
3018.5,0,0,0,0,0,0,0,0
3019.5,0,0,0,0,0,0,0,0
3020.5,0,0,0,0,0,0,0,0
3021.5,0,0,0,0,0,0,0,0
3022.5,0,0,0,0,0,0,0,0
3023.5,0,0,0,0,0,0,0,0
3024.5,0,0,0,0,0,0,0,0
3025.5,0,0,0,0,0,0,0,0
3026.5,0,0,0,0,0,0,0,0
3027.5,0,0,0,0,0,0,0,0
3028.5,0,0,0,0,0,0,0,0
3029.5,0,0,0,0,0,0,0,0
3030.5,0,0,0,0,0,0,0,0
3031.5,0,0,0,0,0,0,0,0
3032.5,0,0,0,0,0,0,0,0
3033.5,0,0,0,0,0,0,0,0
3034.5,0,0,0,0,0,0,0,0
3035.5,0,0,0,0,0,0,0,0
3036.5,0,0,0,0,0,0,0,0
3037.5,0,0,0,0,0,0,0,0
3038.5,0,0,0,0,0,0,0,0
3039.5,0,0,0,0,0,0,0,0
3040.5,0,0,0,0,0,0,0,0
3041.5,0,0,0,0,0,0,0,0
3042.5,0,0,0,0,0,0,0,0
3043.5,0,0,0,0,0,0,0,0
3044.5,0,0,0,0,0,0,0,0
3045.5,0,0,0,0,0,0,0,0
3046.5,0,0,0,0,0,0,0,0
3047.5,0,0,0,0,0,0,0,0
3048.5,0,0,0,0,0,0,0,0
3049.5,0,0,0,0,0,0,0,0
3050.5,0,0,0,0,0,0,0,0
3051.5,0,0,0,0,0,0,0,0
3052.5,0,0,0,0,0,0,0,0
3053.5,0,0,0,0,0,0,0,0
3054.5,0,0,0,0,0,0,0,0
3055.5,0,0,0,0,0,0,0,0
3056.5,0,0,0,0,0,0,0,0
3057.5,0,0,0,0,0,0,0,0
3058.5,0,0,0,0,0,0,0,0
3059.5,0,0,0,0,0,0,0,0
3060.5,0,0,0,0,0,0,0,0
3061.5,0,0,0,0,0,0,0,0
3062.5,0,0,0,0,0,0,0,0
3063.5,0,0,0,0,0,0,0,0
3064.5,0,0,0,0,0,0,0,0
3065.5,0,0,0,0,0,0,0,0
3066.5,0,0,0,0,0,0,0,0
3067.5,0,0,0,0,0,0,0,0
3068.5,0,0,0,0,0,0,0,0
3069.5,0,0,0,0,0,0,0,0
3070.5,0,0,0,0,0,0,0,0
3071.5,0,0,0,0,0,0,0,0
3072.5,0,0,0,0,0,0,0,0
3073.5,0,0,0,0,0,0,0,0
3074.5,0,0,0,0,0,0,0,0
3075.5,0,0,0,0,0,0,0,0
3076.5,0,0,0,0,0,0,0,0
3077.5,0,0,0,0,0,0,0,0
3078.5,0,0,0,0,0,0,0,0
3079.5,0,0,0,0,0,0,0,0
3080.5,0,0,0,0,0,0,0,0
3081.5,0,0,0,0,0,0,0,0
3082.5,0,0,0,0,0,0,0,0
3083.5,0,0,0,0,0,0,0,0
3084.5,0,0,0,0,0,0,0,0
3085.5,0,0,0,0,0,0,0,0
3086.5,0,0,0,0,0,0,0,0
3087.5,0,0,0,0,0,0,0,0
3088.5,0,0,0,0,0,0,0,0
3089.5,0,0,0,0,0,0,0,0
3090.5,0,0,0,0,0,0,0,0
3091.5,0,0,0,0,0,0,0,0
3092.5,0,0,0,0,0,0,0,0
3093.5,0,0,0,0,0,0,0,0
3094.5,0,0,0,0,0,0,0,0
3095.5,0,0,0,0,0,0,0,0
3096.5,0,0,0,0,0,0,0,0
3097.5,0,0,0,0,0,0,0,0
3098.5,0,0,0,0,0,0,0,0
3099.5,0,0,0,0,0,0,0,0
3100.5,0,0,0,0,0,0,0,0
3101.5,0,0,0,0,0,0,0,0
3102.5,0,0,0,0,0,0,0,0
3103.5,0,0,0,0,0,0,0,0
3104.5,0,0,0,0,0,0,0,0
3105.5,0,0,0,0,0,0,0,0
3106.5,0,0,0,0,0,0,0,0
3107.5,0,0,0,0,0,0,0,0
3108.5,0,0,0,0,0,0,0,0
3109.5,0,0,0,0,0,0,0,0
3110.5,0,0,0,0,0,0,0,0
3111.5,0,0,0,0,0,0,0,0
3112.5,0,0,0,0,0,0,0,0
3113.5,0,0,0,0,0,0,0,0
3114.5,0,0,0,0,0,0,0,0
3115.5,0,0,0,0,0,0,0,0
3116.5,0,0,0,0,0,0,0,0
3117.5,0,0,0,0,0,0,0,0
3118.5,0,0,0,0,0,0,0,0
3119.5,0,0,0,0,0,0,0,0
3120.5,0,0,0,0,0,0,0,0
3121.5,0,0,0,0,0,0,0,0
3122.5,0,0,0,0,0,0,0,0
3123.5,0,0,0,0,0,0,0,0
3124.5,0,0,0,0,0,0,0,0
3125.5,0,0,0,0,0,0,0,0
3126.5,0,0,0,0,0,0,0,0
3127.5,0,0,0,0,0,0,0,0
3128.5,0,0,0,0,0,0,0,0
3129.5,0,0,0,0,0,0,0,0
3130.5,0,0,0,0,0,0,0,0
3131.5,0,0,0,0,0,0,0,0
3132.5,0,0,0,0,0,0,0,0
3133.5,0,0,0,0,0,0,0,0
3134.5,0,0,0,0,0,0,0,0
3135.5,0,0,0,0,0,0,0,0
3136.5,0,0,0,0,0,0,0,0
3137.5,0,0,0,0,0,0,0,0
3138.5,0,0,0,0,0,0,0,0
3139.5,0,0,0,0,0,0,0,0
3140.5,0,0,0,0,0,0,0,0
3141.5,0,0,0,0,0,0,0,0
3142.5,0,0,0,0,0,0,0,0
3143.5,0,0,0,0,0,0,0,0
3144.5,0,0,0,0,0,0,0,0
3145.5,0,0,0,0,0,0,0,0
3146.5,0,0,0,0,0,0,0,0
3147.5,0,0,0,0,0,0,0,0
3148.5,0,0,0,0,0,0,0,0
3149.5,0,0,0,0,0,0,0,0
3150.5,0,0,0,0,0,0,0,0
3151.5,0,0,0,0,0,0,0,0
3152.5,0,0,0,0,0,0,0,0
3153.5,0,0,0,0,0,0,0,0
3154.5,0,0,0,0,0,0,0,0
3155.5,0,0,0,0,0,0,0,0
3156.5,0,0,0,0,0,0,0,0
3157.5,0,0,0,0,0,0,0,0
3158.5,0,0,0,0,0,0,0,0
3159.5,0,0,0,0,0,0,0,0
3160.5,0,0,0,0,0,0,0,0
3161.5,0,0,0,0,0,0,0,0
3162.5,0,0,0,0,0,0,0,0
3163.5,0,0,0,0,0,0,0,0
3164.5,0,0,0,0,0,0,0,0
3165.5,0,0,0,0,0,0,0,0
3166.5,0,0,0,0,0,0,0,0
3167.5,0,0,0,0,0,0,0,0
3168.5,0,0,0,0,0,0,0,0
3169.5,0,0,0,0,0,0,0,0
3170.5,0,0,0,0,0,0,0,0
3171.5,0,0,0,0,0,0,0,0
3172.5,0,0,0,0,0,0,0,0
3173.5,0,0,0,0,0,0,0,0
3174.5,0,0,0,0,0,0,0,0
3175.5,0,0,0,0,0,0,0,0
3176.5,0,0,0,0,0,0,0,0
3177.5,0,0,0,0,0,0,0,0
3178.5,0,0,0,0,0,0,0,0
3179.5,0,0,0,0,0,0,0,0
3180.5,0,0,0,0,0,0,0,0
3181.5,0,0,0,0,0,0,0,0
3182.5,0,0,0,0,0,0,0,0
3183.5,0,0,0,0,0,0,0,0
3184.5,0,0,0,0,0,0,0,0
3185.5,0,0,0,0,0,0,0,0
3186.5,0,0,0,0,0,0,0,0
3187.5,0,0,0,0,0,0,0,0
3188.5,0,0,0,0,0,0,0,0
3189.5,0,0,0,0,0,0,0,0
3190.5,0,0,0,0,0,0,0,0
3191.5,0,0,0,0,0,0,0,0
3192.5,0,0,0,0,0,0,0,0
3193.5,0,0,0,0,0,0,0,0
3194.5,0,0,0,0,0,0,0,0
3195.5,0,0,0,0,0,0,0,0
3196.5,0,0,0,0,0,0,0,0
3197.5,0,0,0,0,0,0,0,0
3198.5,0,0,0,0,0,0,0,0
3199.5,0,0,0,0,0,0,0,0
