threshold,selected_events,selected_fraction,geometric_mean_pb_improvement,minimum_peak_retention,mean_peak_retention,pooled_net_peak_retention,all_peak_statistics_reliable,sensitivity_geometric_mean_pb_improvement_excluding_209,sensitivity_minimum_peak_retention_excluding_209,sensitivity_mean_peak_retention_excluding_209,sensitivity_statistics_reliable_excluding_209
0.0,2886112,1.0,1.0,1.0,1.0,1.0,True,1.0,1.0,1.0,True
0.0005,2886112,1.0,1.0,1.0,1.0,1.0,True,1.0,1.0,1.0,True
0.001,2886112,1.0,1.0,1.0,1.0,1.0,True,1.0,1.0,1.0,True
0.0015,2886112,1.0,1.0,1.0,1.0,1.0,True,1.0,1.0,1.0,True
0.002,2886112,1.0,1.0,1.0,1.0,1.0,True,1.0,1.0,1.0,True
0.0025,2886112,1.0,1.0,1.0,1.0,1.0,True,1.0,1.0,1.0,True
0.003,2886112,1.0,1.0,1.0,1.0,1.0,True,1.0,1.0,1.0,True
0.0035,2886100,0.9999958421571997,0.9999949074227517,0.9999490753945467,0.9999949075394546,0.9999968920076288,True,0.9999943415824362,0.9999490753945467,0.9999943417105052,True
0.004,2886059,0.9999816361942988,1.000044961252537,0.9999844151993851,1.0000035398548095,1.000003238261815,True,1.0000499570720465,0.9999844151993851,1.0000039331720105,True
0.0045000000000000005,2885912,0.9999307026199954,1.0002686407678871,0.999932332776548,1.0000673015770294,1.0000094455341693,True,1.0002984941965485,0.999932332776548,1.0000747795300329,True
0.005,2885673,0.9998478922508898,1.0003776413759493,0.9998790990685482,1.0000495556460398,0.9999928638889646,True,1.0004196103311198,0.9998790990685482,1.0000550618289332,True
0.0055,2885322,0.9997262753489816,1.0007449684078011,0.9996224674273372,1.0000332828906053,0.9999941082034445,True,1.0008277769256724,0.9996224674273372,1.0000369809895615,True
0.006,2884843,0.9995603081238704,1.001440020392457,0.9997396717244479,1.000092727229415,1.0000020238314342,True,1.0016001506073322,0.9997396717244479,1.0001030302549054,True
0.006500000000000001,2884376,0.9993984987415596,1.0020737112703204,0.9996805873569459,1.0001884995157404,1.000055454195952,True,1.002304388920034,0.9996805873569459,1.0002094439063782,True
0.007,2883871,0.9992235228570479,1.002560334297286,0.9995144859081492,1.0002407596389176,1.0000570001081408,True,1.0028452202281415,0.9995144859081492,1.0002675107099084,True
0.0075,2883398,0.9990596345533368,1.0028486406051373,0.999744288057915,1.0002067796450138,1.0000640804324559,True,1.0031656567164062,0.999744288057915,1.0002297551611266,True
0.008,2882975,0.998913070594627,1.0030943072878515,0.9997279434261723,1.0002131604415265,1.0000693216235021,True,1.003438709700821,0.9997279434261723,1.0002368449350294,True
0.0085,2882548,0.998765120688317,1.003212458596061,0.9997186757318461,1.0001300339002455,1.000048510433321,True,1.0035700348648964,0.9997186757318461,1.0001444821113838,True
0.009000000000000001,2882175,0.9986358810746083,1.0032685054838797,0.999042997208209,1.0000997876204045,1.0000423456363083,True,1.003632331574558,0.999042997208209,1.0001108751337826,True
0.0095,2881821,0.9985132247120001,1.0035825516935284,0.9989814392644125,1.0001476310925657,1.0000652110989108,True,1.0039814044172335,0.9989814392644125,1.0001640345472953,True
0.01,2881479,0.9983947261921922,1.0036563712504252,0.9985914562879341,1.0001280684375797,1.0000451409282747,True,1.004063459080229,0.9985914562879341,1.0001422982639774,True
0.0105,2881196,0.9982966703994856,1.0039411500075934,0.99928800607159,1.000263354186099,1.000046364165804,True,1.004380013252809,0.99928800607159,1.0002926157623324,True
0.011,2880915,0.998199307580579,1.0042751658116205,0.9996222615137297,1.0003240216692344,1.0000607438202207,True,1.0047513110214006,0.9996222615137297,1.000360024076927,True
0.0115,2880643,0.9981050631437727,1.0044107272573686,0.9994933533528424,1.0003519023301295,1.0000266723335727,True,1.0048863629497884,0.9994933533528424,1.0003778286485694,True
0.012,2880393,0.9980184414187668,1.0044395787061149,0.9987590012883724,1.0003027107466347,1.000021365944801,True,1.0048969443853308,0.9987590012883724,1.0003050722920312,True
0.0125,2880156,0.9979363240234613,1.004650017458838,0.9994222390743334,1.0002720565274656,1.0000300381692344,True,1.0051279289073507,0.9994222390743334,1.0002685317913302,True
0.013000000000000001,2879950,0.9978649477220565,1.0046940108408824,0.9991875472133737,1.000213381160212,1.0000153549733637,True,1.0052129273741666,0.9991875472133737,1.000239249070187,True
0.0135,2879738,0.9977914924992516,1.0048087844887896,0.9991863162051264,1.000157163315952,1.0000145269081508,True,1.0053403246852126,0.9991863162051264,1.0001766201381448,True
0.014,2879529,0.9977190767371468,1.0049483083478812,0.999334477827312,1.0002353939181865,1.0000261631277487,True,1.005513491087587,0.999334477827312,1.0002814990951967,True
0.0145,2879336,0.9976522047654423,1.005102958044108,0.9992835532218588,1.0003261382122581,1.000047920056837,True,1.005685422192058,0.9992835532218588,1.0003823260886098,True
0.015,2879141,0.9975846398199377,1.005092635634174,0.9991427116941749,1.00024086550231,1.0000236547076296,True,1.0056664343389554,0.9991427116941749,1.0002851739208505,True
0.0155,2878973,0.9975264300207338,1.0051425388222806,0.9988403929529239,1.0001997234992954,1.000022860395452,True,1.005739977416438,0.9988403929529239,1.000257416649848,True
0.016,2878811,0.99747029914293,1.0052380724731185,0.9985007900525311,1.0001498312881774,1.000032514134766,True,1.0058248662126958,0.9985007900525311,1.0001840464136935,True
0.0165,2878628,0.9974068920402257,1.0052664847386923,0.998667630301516,1.000121231009563,1.0000264524788658,True,1.005889600611793,0.998667630301516,1.00018521143333,True
0.017,2878457,0.9973476427803217,1.0053568804563204,0.9987310100757428,1.0001212943738391,1.0000233403379697,True,1.0059868442911681,0.9987310100757428,1.0001853034708965,True
0.0175,2878291,0.997290125954918,1.005375313320049,0.9984856627832214,1.0000790732638958,1.0000084367398308,True,1.0059809586634076,0.9984856627832214,1.0001228870426255,True
0.018000000000000002,2878146,0.9972398853544145,1.0053405062325356,0.9988213241159973,0.9999976834333288,0.9999977110655462,True,1.0059481964267913,0.9988213241159973,1.0000429690615518,True
0.0185,2877973,0.9971799431207105,1.0055116226061738,0.9989474940846346,1.0000348369156047,1.0000091202004677,True,1.0060923023208475,0.9989474940846346,1.000048218542076,True
0.019,2877826,0.997129009546407,1.0055667328461537,0.9989007308542251,1.0000373437283927,1.0000050101774447,True,1.006138562565027,0.9989007308542251,1.0000411458374678,True
0.0195,2877679,0.9970780759721036,1.0056139152954693,0.9988870583847951,1.0000363695260923,1.0000014887764,True,1.006141583217764,0.9988870583847951,1.000004015187996,True
0.02,2877543,0.9970309537537004,1.0057478964473432,0.9989770256827226,1.0000906426837397,1.000013320546975,True,1.0062445309231827,0.9989770256827226,1.0000283903520106,True
0.0205,2877386,0.9969765553103969,1.005872050909605,0.9988215314903026,1.0001280519161662,1.0000184675868222,True,1.0064081480056495,0.9988215314903026,1.0000954057521507,True
0.021,2877244,0.9969273541705935,1.0060749244870488,0.998960045283062,1.0001595931426048,1.0000240475967839,True,1.0066495612945345,0.998960045283062,1.0001571640687168,True
0.021500000000000002,2877092,0.9968746881617899,1.006288427032116,0.9993613096239528,1.0003105081932333,1.0000458426263046,True,1.0067984483523165,0.9993613096239528,1.0002504674149832,True
0.022,2876962,0.996829644864787,1.006480381233554,0.9994120918653732,1.0003956663693585,1.0000528735312415,True,1.0069573420623912,0.9994120918653732,1.0002992576331133,True
0.0225,2876833,0.996784948054684,1.0067009049981943,0.9994120918653732,1.00048885548102,1.0000772083443106,True,1.0071428432746068,0.9994120918653732,1.0003593287857513,True
0.023,2876700,0.9967388652969809,1.0066510216523048,0.9994120918653732,1.0004111240715587,1.0000703407657023,True,1.0070873632713089,0.9994120918653732,1.0002768595091187,True
0.0235,2876596,0.9967028306593785,1.0066223839922928,0.9993951357262744,1.000353267740451,1.0000581469359404,True,1.006988320655733,0.9993951357262744,1.0001587917947619,True
0.024,2876470,0.9966591733099754,1.006614579677387,0.9993951357262744,1.0003095344224007,1.0000478510962558,True,1.006942031131245,0.9993951357262744,1.0000813077613158,True
0.0245,2876364,0.9966224456985731,1.0065608636730279,0.9993561434094966,1.0002352760263336,1.0000341423993768,True,1.0068685277331968,0.9993561434094966,0.9999883364682025,True
0.025,2876243,0.9965805207836702,1.0066436392387217,0.9993786219190585,1.0002557636055214,1.000040317952609,True,1.0069380666561774,0.9993786219190585,0.9999977312541721,True
0.025500000000000002,2876129,0.9965410212770676,1.0066536429706614,0.999209204050101,1.0002481497564788,1.000028489540584,True,1.00690366828225,0.999209204050101,0.9999509411472823,True
0.026000000000000002,2876021,0.996503600691865,1.006669748824196,0.9992738274159884,1.0002371050789303,1.000020615593029,True,1.0069118547170886,0.9992738274159884,0.9999360335805273,True
0.0265,2875932,0.996472763357763,1.0066997760113883,0.9992514039257995,1.0002409996071584,1.0000186336004664,True,1.0069812880975906,0.9992514039257995,0.9999762729654752,True
0.027,2875835,0.9964391541284607,1.0067044483350767,0.9992004793203462,1.000228132923573,1.0000134769274214,True,1.0069659925021102,0.9992004793203462,0.9999471549090025,True
0.0275,2875732,0.9964034659777583,1.0067173829266673,0.9988231830926808,1.0001853882577438,1.0000208605847865,True,1.0069857009068226,0.9988231830926808,0.9999069236571333,True
0.028,2875613,0.9963622340366556,1.0068323031539583,0.9988231830926808,1.0002226910118677,1.0000365401507088,True,1.0070644914062399,0.9988231830926808,0.9999099405995128,True
0.0285,2875515,0.9963282783204532,1.0069780457116746,0.9988231830926808,1.0002702453452306,1.000052794659498,True,1.0071623195588824,0.9988231830926808,0.9999139595503185,True
0.029,2875408,0.9962912042221508,1.0069940299998137,0.9988231830926808,1.0002502113616731,1.0000492282133746,True,1.0072192376016016,0.9988231830926808,0.9999326562746992,True
0.029500000000000002,2875310,0.9962572485059484,1.0070439404724751,0.9988231830926808,1.0002377633471018,1.0000616207324666,True,1.0072800370646782,0.9988231830926808,0.999926087502681,True
0.03,2875224,0.9962274506325465,1.0070805899874051,0.9988231830926808,1.0002494952684629,1.0000683073629517,True,1.0073141624645598,0.9988231830926808,0.9999363350113123,True
0.0305,2875124,0.9961928019425441,1.0072648873945604,0.9988231830926808,1.000308205505784,1.000094528650409,True,1.0074544776529635,0.9988231830926808,0.9999484115315583,True
0.031,2875025,0.9961584997394418,1.00745328637364,0.9992350611521474,1.0003862427502521,1.0000939009649297,True,1.0076605334445634,0.9992350611521474,1.0000351011825828,True
0.0315,2874929,0.9961252369970396,1.0075102307766814,0.9993260952127039,1.0003346083588556,1.000084375761826,True,1.007725773529688,0.9993260952127039,0.9999829665651087,True
0.032,2874821,0.9960878164118371,1.0074667671967505,0.9991822525592141,1.0002570377341755,1.0000629209306202,True,1.0077315774488864,0.9991822525592141,0.9999506451791726,True
0.0325,2874715,0.9960510888004346,1.0075387430628264,0.9994343418043509,1.0002749665544912,1.0000627277376517,True,1.0078285101258406,0.9994343418043509,0.9999931397312724,True
0.033,2874618,0.9960174795711324,1.0076191461449837,0.9994343418043509,1.0003236231756258,1.000069740860165,True,1.0078719180727285,0.9994343418043509,1.0000113119922829,True
0.0335,2874529,0.9959866422370303,1.0073963910675383,0.9983234641515955,1.0000832353790874,1.0000595279320548,True,1.0076060264908573,0.9983234641515955,0.9997343379526006,True
0.034,2874419,0.9959485286780277,1.0075017012838607,0.9985071711773914,1.000092899671506,1.0000433118666863,True,1.0077388729027277,0.9985071711773914,0.9997608142558079,True
0.0345,2874330,0.9959176913439257,1.0075227968277725,0.9985071711773914,1.0000949624785003,1.000035491245638,True,1.0077399316612417,0.9985071711773914,0.9997498163951666,True
0.035,2874246,0.9958885864443238,1.0075498393642426,0.9985071711773914,1.0000909041788515,1.000026397074273,True,1.0077582628683321,0.9985071711773914,0.9997421503228158,True
0.035500000000000004,2874150,0.9958553237019214,1.0075931415284523,0.9985071711773914,1.0001002732057054,1.0000303690737773,True,1.0077966584004092,0.9985071711773914,0.9997499245409318,True
0.036000000000000004,2874076,0.9958296836713197,1.0077562455891262,0.9985071711773914,1.0001726863648808,1.0000308240388145,True,1.007971630745321,0.9985071711773914,0.9998278644132991,True
0.0365,2873986,0.9957984998503177,1.0080459377810638,0.9985071711773914,1.0002930644122527,1.0000346492024075,True,1.0082966118293128,0.9985071711773914,0.9999697156444665,True
0.037,2873899,0.9957683554900156,1.008046143648689,0.9978016132147313,1.0002535629681966,1.0000346510586156,True,1.0082548534340487,0.9978016132147313,0.9998957131235575,True
0.0375,2873802,0.9957347462607133,1.0082355633459592,0.9978016132147313,1.0003427965046612,1.0000463056845441,True,1.0084312640846684,0.9978016132147313,0.9999661725946467,True
0.038,2873732,0.9957104921777118,1.0082625828371925,0.9978016132147313,1.0003525930162709,1.0000490101923651,True,1.008438418225286,0.9978016132147313,0.9999661449513337,True
0.0385,2873647,0.9956810407912098,1.0083157813217158,0.9978016132147313,1.000384613834878,1.0000379014890506,True,1.0084493373695282,0.9978016132147313,0.9999635969422237,True
0.039,2873568,0.9956536683261079,1.0083499887542542,0.9978016132147313,1.0003952901218165,1.0000433079758775,True,1.0084842081476852,0.9978016132147313,0.9999728145770589,True
0.0395,2873472,0.9956204055837057,1.0083064311071623,0.9978016132147313,1.00033879729361,1.000029822367339,True,1.0084613646718978,0.9978016132147313,0.999935494354274,True
0.04,2873393,0.9955930331186038,1.0082939164857105,0.9978016132147313,1.0003008990098974,1.0000187338102102,True,1.00847927435635,0.9978016132147313,0.9999268711620037,True
0.0405,2873312,0.9955649676797019,1.0085159356309783,0.9978016132147313,1.0004121477820063,1.0000346649123724,True,1.0086685604943062,0.9978016132147313,1.0000021517391213,True
0.041,2873239,0.9955396741360003,1.008572053471209,0.9978016132147313,1.0004451127026213,1.0000457297688956,True,1.0086907712161581,0.9978016132147313,1.0000049923517689,True
0.0415,2873152,0.9955095297756983,1.0085325278627586,0.9977820193723892,1.000391690228414,1.000041752253621,True,1.0086624590045874,0.9977820193723892,0.999961207577342,True
0.042,2873083,0.9954856221795967,1.0085887161895564,0.9977820193723892,1.0004240837832217,1.0000479835466984,True,1.0086755565585945,0.9977820193723892,0.9999612341063452,True
0.0425,2873016,0.9954624075572951,1.0085857074120919,0.9977820193723892,1.0004103839716287,1.0000327421425115,True,1.0086741614460857,0.9977820193723892,0.999951249380394,True
0.043000000000000003,2872943,0.9954371140135934,1.008618900014383,0.9977820193723892,1.0004267052339897,1.0000277203299526,True,1.0086863112723201,0.9977820193723892,0.9999513455380336,True
0.043500000000000004,2872860,0.9954083556008915,1.0086274956001682,0.9977820193723892,1.0004126434513376,1.000030259779813,True,1.008710944647816,0.9977820193723892,0.9999511970998546,True
0.044,2872786,0.9953827155702897,1.008627897140586,0.9977820193723892,1.0003735733917514,1.0000243365224701,True,1.0087084439732816,0.9977820193723892,0.9999053056152101,True
0.0445,2872731,0.9953636587907885,1.0086405998401096,0.9977820193723892,1.000375871815879,1.0000255740636341,True,1.008695640994421,0.9977820193723892,0.9998879821890478,True
0.045,2872646,0.9953342074042865,1.008706800980043,0.9977820193723892,1.000404987951789,1.000039435698301,True,1.0087340212603162,0.9977820193723892,0.9998918771755457,True
0.0455,2872567,0.9953068349391846,1.008749416947412,0.9977820193723892,1.0004242446029297,1.0000446268087704,True,1.0087725652621302,0.9977820193723892,0.9999110780190537,True
0.046,2872492,0.9952808484216829,1.0087614170723629,0.9977820193723892,1.000414417211052,1.0000407548310746,True,1.0088039236000363,0.9977820193723892,0.9999181147604256,True
0.0465,2872422,0.9952565943386812,1.0087843775096117,0.9977820193723892,1.0004114600933427,1.0000481792343814,True,1.0088440920797639,0.9977820193723892,0.9999351662176177,True
0.047,2872339,0.9952278359259793,1.0088849202026566,0.9977820193723892,1.0004037019930776,1.0000494263807307,True,1.0089679517305705,0.9977820193723892,0.9999395416502792,True
0.0475,2872272,0.9952046213036777,1.008934225889173,0.9977820193723892,1.000431713009934,1.0000620208379432,True,1.0089978321556838,0.9977820193723892,0.9999524874034049,True
0.048,2872208,0.9951824461420763,1.008958819003676,0.9977820193723892,1.0004441593533042,1.0000646505068853,True,1.0090177765490544,0.9977820193723892,0.9999628856824183,True
0.0485,2872133,0.9951564596245746,1.008995908520705,0.9977820193723892,1.000456002751085,1.000065533656613,True,1.0090557555986608,0.9977820193723892,0.9999761056371042,True
0.049,2872070,0.9951346309498731,1.0090103387374878,0.9977820193723892,1.000452972367116,1.0000574864298524,True,1.0090683605104025,0.9977820193723892,0.9999726346852543,True
0.0495,2871996,0.9951089909192713,1.0090657541505401,0.9977820193723892,1.0004901864792823,1.000060610062676,True,1.0090720028668512,0.9977820193723892,0.9999680103315072,True
0.05,2871919,0.9950823114279695,1.0092159370849862,0.9977820193723892,1.000555508136192,1.0000670183991722,True,1.0092428907779465,0.9977820193723892,1.0000464088701506,True
0.0505,2871854,0.995059789779468,1.0092673391904838,0.9977820193723892,1.00057578462949,1.0000760394464845,True,1.0093000059154698,0.9977820193723892,1.0000689383071484,True
0.051000000000000004,2871791,0.9950379611047665,1.0093308846984477,0.9977820193723892,1.0005845853865398,1.000088813033871,True,1.0093639084018695,0.9977820193723892,1.0000786405883098,True
0.051500000000000004,2871714,0.9950112816134647,1.0093937563424762,0.9970764614097292,1.0005545648335619,1.000085656546524,True,1.0094303364125972,0.9970764614097292,1.0000451802390093,True
0.052000000000000005,2871655,0.9949908388863634,1.009523890212244,0.9977756039682658,1.0006300368154424,1.0000896082917017,True,1.0095749358768629,0.9977756039682658,1.0001290379966543,True
0.0525,2871572,0.9949620804736614,1.0094959996355666,0.9977756039682658,1.0005907621110677,1.0000840442876036,True,1.009587550116398,0.9977756039682658,1.0001288050882513,True
0.053,2871517,0.9949430236941602,1.0094174150047346,0.9977756039682658,1.0005015776075337,1.0000641357636189,True,1.0095045192976677,0.9977756039682658,1.0000372654024803,True
0.0535,2871463,0.994924313401559,1.0095143719972484,0.9977756039682658,1.0005461030517018,1.0000648825433236,True,1.0096090226893764,0.9977756039682658,1.0000867989924254,True
0.054,2871390,0.9948990198578572,1.0094868562890003,0.9977756039682658,1.000510522927049,1.0000543158339945,True,1.009616697717136,0.9977756039682658,1.0000858084188498,True
0.0545,2871321,0.9948751122617556,1.009578253543864,0.9977756039682658,1.0005580651628372,1.0000725099412415,True,1.0096906226674642,0.9977756039682658,1.0001181786455264,True
0.055,2871260,0.9948539765608542,1.0096653254847106,0.9977756039682658,1.0005983333277388,1.000088503626877,True,1.009799847044177,0.9977756039682658,1.0001786208725332,True
0.0555,2871189,0.9948293759909526,1.009736876928911,0.9977756039682658,1.0006283091895598,1.0000973057594933,True,1.00986295814181,0.9977756039682658,1.0002073064118764,True
0.056,2871119,0.9948051219079509,1.0097234681381153,0.9977756039682658,1.0005956036464365,1.0000862668561148,True,1.009863882170281,0.9977756039682658,1.0001867051200377,True
0.0565,2871058,0.9947839862070494,1.0097234506815016,0.9977756039682658,1.0005870218591841,1.0000793643998411,True,1.0098756833921196,0.9977756039682658,1.0001926668567778,True
0.057,2871004,0.9947652759144482,1.0097104145576683,0.9977756039682658,1.0005650403664768,1.0000694294705468,True,1.0098549253981823,0.9977756039682658,1.0001652951385638,True
0.0575,2870926,0.9947382499362464,1.0097129118625734,0.9977756039682658,1.0005553235582827,1.0000639648436012,True,1.009833002598702,0.9977756039682658,1.0001365254361518,True
0.058,2870874,0.9947202326174452,1.0097162523469048,0.9977756039682658,1.0005458340941806,1.0000647950716812,True,1.0098610245887685,0.9977756039682658,1.0001519744150633,True
0.0585,2870828,0.9947042942200441,1.0097832104888511,0.9977756039682658,1.0005766911258431,1.0000708204254631,True,1.0098972124106553,0.9977756039682658,1.000155304358645,True
0.059000000000000004,2870775,0.994685930414343,1.0099119444192008,0.9977756039682658,1.0006667068090445,1.0000855200499426,True,1.0099975151413032,0.9977756039682658,1.0002193924760052,True
0.059500000000000004,2870714,0.9946647947134415,1.0099234150673713,0.9984847378688639,1.0006164659779386,1.0000755591614212,True,1.0099822254943809,0.9984847378688639,1.0001455704406448,True
0.06,2870653,0.99464365901254,1.0100356158853254,0.9984847378688639,1.0006529843054939,1.0000754801643692,True,1.0101324869505475,0.9984847378688639,1.0002115959464837,True
0.0605,2870590,0.9946218303378386,1.0101403835641245,0.9984847378688639,1.0007207646074785,1.0000863370254005,True,1.01020632028199,0.9984847378688639,1.0002511173501583,True
0.061,2870518,0.9945968832810369,1.010182924905484,0.9984847378688639,1.000737144822492,1.0000886392535795,True,1.0102289894113285,0.9984847378688639,1.0002514230268496,True
0.0615,2870465,0.9945785194753357,1.0102619037063234,0.9984847378688639,1.0007803532773334,1.0001073958353581,True,1.010273811843105,0.9984847378688639,1.0002633373404477,True
0.062,2870409,0.9945591162089343,1.010293047971752,0.9984847378688639,1.000784483653116,1.0001119443820743,True,1.01030512889843,0.9984847378688639,1.0002679480873193,True
0.0625,2870365,0.9945438707853334,1.0101827376420176,0.9977791799062038,1.000666439627743,1.000103363070753,True,1.0102186493542227,0.9977791799062038,1.000172700190488,True
0.063,2870307,0.994523774545132,1.010243338070852,0.9977791799062038,1.0007030711051623,1.0001153040500106,True,1.0102506275255394,0.9977791799062038,1.000184840219231,True
0.0635,2870249,0.9945036783049307,1.0102961178665353,0.9977791799062038,1.0007265239663419,1.000118152191565,True,1.0102921103956863,0.9977791799062038,1.00020041909282,True
0.064,2870191,0.9944835820647293,1.010366445809673,0.9977791799062038,1.0007673218975213,1.00012830919535,True,1.0103489693365646,0.9977791799062038,1.000227855606429,True
0.0645,2870140,0.9944659112328281,1.010352986856138,0.9977791799062038,1.000742562986483,1.0001212042033845,True,1.0103646320179949,0.9977791799062038,1.0002341017042495,True
0.065,2870099,0.9944517052699271,1.0103974912467055,0.9977791799062038,1.0007649049323426,1.0001250364206171,True,1.0103894331176728,0.9977791799062038,1.0002409917843242,True
0.0655,2870042,0.9944319555166258,1.0104168274878387,0.9977791799062038,1.000769437886283,1.0001200315134053,True,1.0104352093043019,0.9977791799062038,1.0002720205472724,True
0.066,2869985,0.9944122057633245,1.010499777974971,0.9977791799062038,1.0007842107357319,1.0001282613069669,True,1.0105529651371392,0.9977791799062038,1.0003138844107713,True
0.0665,2869926,0.9943917630362231,1.0104645964072463,0.9977791799062038,1.0007386553496418,1.0001225954842041,True,1.0105625033398777,0.9977791799062038,1.0003149177103166,True
0.067,2869871,0.9943727062567218,1.0104466390670717,0.9977791799062038,1.0007127165384682,1.0001230114474213,True,1.0105666717173598,0.9977791799062038,1.0003119244158623,True
0.0675,2869816,0.9943536494772206,1.0104858711094982,0.9978001117146533,1.0007443401106435,1.0001211506244736,True,1.0105675576889626,0.9978001117146533,1.000311192805236,True
0.068,2869770,0.9943377110798195,1.010471893090125,0.9978001117146533,1.000714437934495,1.000115646560946,True,1.010585923455066,0.9978001117146533,1.0003116624312725,True
0.0685,2869715,0.9943186543003182,1.010509273461828,0.9978001117146533,1.0007324187740405,1.00012049376904,True,1.0106156485179087,0.9978001117146533,1.0003217212058348,True
0.069,2869664,0.994300983468417,1.0105358538726692,0.9978001117146533,1.0007474083966386,1.0001225567636842,True,1.010623877381651,0.9978001117146533,1.0003204820385736,True
0.0695,2869618,0.994285045071016,1.010557708089803,0.9978001117146533,1.0007605444699306,1.0001230053832522,True,1.010641681616916,0.9978001117146533,1.0003324202730133,True
0.07,2869557,0.9942639093701146,1.0105249465292703,0.9978001117146533,1.000693759861017,1.000120842125245,True,1.0105866171920266,0.9978001117146533,1.0002481132411971,True
0.07050000000000001,2869498,0.9942434666430131,1.0106507603208787,0.9984993287927177,1.0007464277258646,1.0001212160862323,True,1.0107562530615213,0.9984993287927177,1.0003372552957144,True
0.07100000000000001,2869459,0.9942299536539122,1.010652315266511,0.9984993287927177,1.0007377362808625,1.0001223899503688,True,1.0107760517832052,0.9984993287927177,1.0003455542002813,True
0.07150000000000001,2869404,0.994210896874411,1.0106500103230633,0.9984993287927177,1.0007229040201118,1.0001229178726307,True,1.0107701736300583,0.9984993287927177,1.0003290740898567,True
0.07200000000000001,2869367,0.9941980768591101,1.0106705002021845,0.9984993287927177,1.0007375853026923,1.0001217404883966,True,1.0107715547829168,0.9984993287927177,1.000327430662425,True
0.0725,2869314,0.9941797130534089,1.010824576424317,0.9992015448632533,1.0008247373123085,1.0001310760505908,True,1.0109427691527624,0.9992015448632533,1.0004242662286655,True
0.073,2869266,0.9941630816822078,1.0108871859788746,0.9992015448632533,1.0008402553564013,1.000145432845529,True,1.0109875894288312,0.9992015448632533,1.0004235136565631,True
0.0735,2869232,0.994151301127607,1.0108293582159333,0.9992015448632533,1.000781246391151,1.0001326748946116,True,1.0109529674131428,0.9992015448632533,1.0003892163443107,True
0.074,2869192,0.994137441651606,1.010893174741828,0.9992015448632533,1.000824106166623,1.0001401389407483,True,1.0110024908702655,0.9992015448632533,1.0004188822486124,True
0.0745,2869139,0.9941190778459048,1.0109446279255005,0.9992015448632533,1.0008512688489892,1.000146608792072,True,1.011065001093522,0.9992015448632533,1.0004563251485046,True
0.075,2869103,0.994106604317504,1.0109414955062366,0.9992015448632533,1.0008234865683252,1.000149683865549,True,1.0110762567369693,0.9992015448632533,1.0004433939432746,True
0.0755,2869054,0.9940896264594028,1.0108741274815274,0.9984959869005933,1.0007454416379715,1.0001448310041279,True,1.0109957964317904,0.9984959869005933,1.000354420854575,True
0.076,2869004,0.9940723021144017,1.0108733938299712,0.9984959869005933,1.0007249285120445,1.0001409655432016,True,1.0110130591846473,0.9984959869005933,1.0003495845581143,True
0.0765,2868947,0.9940525523611003,1.0108622873577064,0.9984959869005933,1.0007057448988266,1.0001411340858513,True,1.0110229800395067,0.9984959869005933,1.0003536804689328,True
0.077,2868900,0.9940362674767992,1.0109123684088688,0.9984959869005933,1.0007414961918257,1.000150483879528,True,1.0110572580126334,0.9984959869005933,1.00037546947191,True
0.0775,2868852,0.9940196361055981,1.0109062166253766,0.9984959869005933,1.0007354119582739,1.0001442678947856,True,1.0110504217202778,0.9984959869005933,1.0003687092124078,True
0.078,2868807,0.994004044195097,1.0109425559216565,0.9984959869005933,1.000752827661421,1.0001454276472843,True,1.0110638324451104,0.9984959869005933,1.0003678689210012,True
0.0785,2868757,0.9939867198500959,1.0109169042876323,0.9984959869005933,1.00072210071315,1.0001404849559352,True,1.0110534068406147,0.9984959869005933,1.000351683933047,True
0.079,2868711,0.9939707814526948,1.0111169436479064,0.999195349322022,1.000825497644679,1.0001514148852557,True,1.0112757052523242,0.999195349322022,1.0004665694125239,True
0.0795,2868670,0.9939565754897939,1.0110672649377512,0.998489791359362,1.0007517160457498,1.00015252653547,True,1.0112322615675582,0.998489791359362,1.00040002727398,True
0.08,2868632,0.993943408987593,1.0111216371819662,0.998489791359362,1.000790069856116,1.0001588666423984,True,1.01125952748423,0.998489791359362,1.0004148280697747,True
0.0805,2868583,0.9939264311294919,1.011245951177246,0.998489791359362,1.0008118614601165,1.0001608963248705,True,1.0114220229384234,0.998489791359362,1.000465033783704,True
0.081,2868520,0.9939046024547904,1.0111538477881326,0.998489791359362,1.0007078936540872,1.000156523310991,True,1.0112798005239905,0.998489791359362,1.0003216417712866,True
0.0815,2868479,0.9938903964918895,1.0111269143282047,0.998489791359362,1.0006740324590844,1.0001449930131197,True,1.01126465954896,0.998489791359362,1.000301995454748,True
0.082,2868430,0.9938734186337883,1.0111132156226392,0.998489791359362,1.000656700622548,1.00014139449664,True,1.0112439076318087,0.998489791359362,1.0002805411744804,True
0.0825,2868393,0.9938605986184874,1.0111377392757404,0.998489791359362,1.000672880058253,1.0001444801391124,True,1.0112497096165471,0.998489791359362,1.0002805239080503,True
0.083,2868354,0.9938470856293865,1.0110498391349176,0.9977842333967019,1.0005859989142059,1.000137747430562,True,1.011170114367653,0.9977842333967019,1.0002019453692341,True
0.0835,2868309,0.9938314937188855,1.0111866323893361,0.9984850717474443,1.0006702406323957,1.000137722980746,True,1.011300745765505,0.9984850717474443,1.0002776123570796,True
0.084,2868267,0.9938169412690845,1.011219997628874,0.9984850717474443,1.0006848583835535,1.000142690893449,True,1.0113378225055114,0.9984850717474443,1.0002938543028101,True
0.0845,2868220,0.9938006563847834,1.0112576977902372,0.9984850717474443,1.0006983975145216,1.000147474621477,True,1.0113636731916937,0.9984850717474443,1.0002982253768602,True
0.085,2868175,0.9937850644742824,1.0112987656968693,0.9984850717474443,1.000715880960965,1.0001556643861684,True,1.011405941794074,0.9984850717474443,1.000317613015422,True
0.0855,2868125,0.9937677401292812,1.0112534859577762,0.9984850717474443,1.0006610378418652,1.000145641236184,True,1.0114021214417936,0.9984850717474443,1.0003061298737512,True
0.08600000000000001,2868065,0.9937469509152798,1.0114206562588761,0.9984850717474443,1.0006392684275254,1.0001512932089736,True,1.011610199501822,0.9984850717474443,1.0003073725837675,True
0.08650000000000001,2868023,0.9937323984654788,1.0114620058636534,0.9984850717474443,1.0006674591650733,1.0001592195102829,True,1.0116228771545788,0.9984850717474443,1.0003108013095252,True
0.08700000000000001,2867967,0.9937129951990775,1.0114740686830554,0.9984850717474443,1.0006602524174588,1.0001465894697334,True,1.011639390956191,0.9984850717474443,1.0003081855079978,True
0.08750000000000001,2867925,0.9936984427492765,1.0115581927099433,0.9984850717474443,1.0007237366925632,1.0001560195594243,True,1.0116686817432679,0.9984850717474443,1.0003248979006019,True
0.088,2867884,0.9936842367863756,1.0114684112166432,0.9984850717474443,1.0006265543063388,1.0001373347331541,True,1.0116412831591677,0.9984850717474443,1.0002887417341857,True
0.0885,2867843,0.9936700308234746,1.011360793730908,0.9977795137847841,1.000511302302264,1.000121913165214,True,1.0115460524216484,0.9977795137847841,1.0001866766845113,True
0.089,2867810,0.9936585967557738,1.0113953508392903,0.9977795137847841,1.0005369102707997,1.0001228234623283,True,1.0115631057199574,0.9977795137847841,1.000197234771844,True
0.0895,2867763,0.9936423118714728,1.0113938618487177,0.9977795137847841,1.0005302089098191,1.0001210248386805,True,1.0115582008743065,0.9977795137847841,1.0001898498582154,True
0.09,2867719,0.9936270664478717,1.011388625579366,0.9977795137847841,1.0005220215256574,1.0001155508311805,True,1.0115563928107603,0.9977795137847841,1.000188062542711,True
0.0905,2867663,0.9936076631814704,1.0114298909647306,0.9977795137847841,1.0005331280137986,1.000122536945817,True,1.011608516496348,0.9977795137847841,1.0002084395586814,True
0.091,2867615,0.9935910318102693,1.0114126782759836,0.9977795137847841,1.0005086813653425,1.0001208565567856,True,1.0116150470630825,0.9977795137847841,1.000206726202286,True
0.0915,2867572,0.9935761328735683,1.0114311176053794,0.9977795137847841,1.000518076570825,1.000122663450189,True,1.0116150470630825,0.9977795137847841,1.000206726202286,True
0.092,2867541,0.9935653917796676,1.01142380058762,0.9977795137847841,1.0005076503293413,1.0001203811780697,True,1.0116069155681682,0.9977795137847841,1.0001951414895263,True
0.0925,2867504,0.9935525717643667,1.0114524454754616,0.9977795137847841,1.0005225667443434,1.0001266186134232,True,1.0116387490337049,0.9977795137847841,1.0002117152839731,True
0.093,2867462,0.9935380193145658,1.0114279894903722,0.9977795137847841,1.0004918555167994,1.000125447035337,True,1.0116477861356556,0.9977795137847841,1.0002135038291742,True
0.0935,2867416,0.9935220809171647,1.0114275125881687,0.9977795137847841,1.0004817394254313,1.0001276064454583,True,1.011643957425785,0.9977795137847841,1.0002022847427032,True
0.094,2867374,0.9935075284673637,1.011410212080316,0.9977795137847841,1.0004645871933122,1.0001213904607158,True,1.0116428426910935,0.9977795137847841,1.0002011827726962,True
0.0945,2867342,0.993496440886563,1.0114253013589876,0.9977795137847841,1.0004766050763265,1.0001182718702026,True,1.011638249201536,0.9977795137847841,1.0001966411399015,True
0.095,2867295,0.9934801560022619,1.0114391354921843,0.9977795137847841,1.0004793115538408,1.0001182446321852,True,1.0116717363830878,0.9977795137847841,1.00021760440282,True
0.0955,2867238,0.9934604062489606,1.0114492728655216,0.9977795137847841,1.000477693411625,1.000121862275272,True,1.0116892739526682,0.9977795137847841,1.0002238428393067,True
0.096,2867202,0.9934479327205598,1.0114402662940285,0.9977795137847841,1.000463529921431,1.0001165678649842,True,1.0116759652775251,0.9977795137847841,1.0002081266841436,True
0.0965,2867152,0.9934306083755585,1.0114269973293337,0.9977795137847841,1.0004418139184448,1.0001083085299434,True,1.0116911231719898,0.9977795137847841,1.0002173910734586,True
0.097,2867106,0.9934146699781574,1.011460537439613,0.9977795137847841,1.0004482918073967,1.0001129605195753,True,1.0117442846935745,0.9977795137847841,1.0002403269283695,True
0.0975,2867067,0.9934011569890565,1.011447203898212,0.9977795137847841,1.0004198017713182,1.0001130174266748,True,1.0117471983053052,0.9977795137847841,1.0002262980708143,True
0.098,2867019,0.9933845256178554,1.0114544664156326,0.9977795137847841,1.0004144308266798,1.000118026688069,True,1.0117338924542532,0.9977795137847841,1.0002024355473518,True
0.0985,2866980,0.9933710126287545,1.0114521290391492,0.9977795137847841,1.0004005774079316,1.0001153666057274,True,1.0117397872147484,0.9977795137847841,1.000202501067144,True
0.099,2866930,0.9933536882837534,1.0115453751576398,0.9977795137847841,1.000421435109676,1.000111472306756,True,1.0118767242491074,0.9977795137847841,1.000259107996789,True
0.0995,2866880,0.9933363639387522,1.0115499834305408,0.9977795137847841,1.0004196688194125,1.000107268624612,True,1.0118604124101473,0.9977795137847841,1.0002392104068085,True
0.1,2866826,0.993317653646151,1.0115396593248327,0.9977795137847841,1.0003966256296957,1.0001053404281348,True,1.0118730904871767,0.9977795137847841,1.0002426375609035,True
0.1005,2866775,0.9932999828142498,1.011595178752159,0.9977795137847841,1.000412916612942,1.0001074008862014,True,1.0119167248991023,0.9977795137847841,1.0002483997043476,True
0.101,2866722,0.9932816190085485,1.0115629689401107,0.9977795137847841,1.000377248125291,1.000097662009922,True,1.0119170046706505,0.9977795137847841,1.0002445155234627,True
0.1015,2866694,0.9932719173753479,1.0115610973862414,0.9977795137847841,1.0003727425587727,1.000094651415814,True,1.0119149244387617,0.9977795137847841,1.0002395093384422,True
0.10200000000000001,2866656,0.993258750873147,1.011547630126712,0.9977795137847841,1.0003577739477252,1.0000888553868157,True,1.011913809415921,0.9977795137847841,1.0002384073684347,True
0.10250000000000001,2866613,0.9932438519364459,1.0114904635742465,0.9977795137847841,1.0002986789799764,1.0000754333984354,True,1.0119206232168083,0.9977795137847841,1.0002423526907203,True
0.10300000000000001,2866564,0.9932268740783449,1.0115038615185732,0.9977795137847841,1.0003012583154154,1.00007543392191,True,1.0119504208734624,0.9977795137847841,1.0002632360121548,True
0.10350000000000001,2866525,0.993213361089244,1.0115252523880027,0.9977795137847841,1.0002907745276801,1.0000765196056522,True,1.011971230974858,0.9977795137847841,1.0002491068517383,True
0.10400000000000001,2866489,0.9932008875608431,1.0115520229998132,0.9977795137847841,1.0003113185575605,1.0000796377577914,True,1.0119580256854874,0.9977795137847841,1.0002360225356461,True
0.1045,2866438,0.9931832167289419,1.0115769806173467,0.9977795137847841,1.0003305315248094,1.0000847890860618,True,1.0119640465413815,0.9977795137847841,1.0002392111361076,True
0.105,2866392,0.9931672783315408,1.0115693115812343,0.9977795137847841,1.0003137547596386,1.00008208972334,True,1.0119467022034043,0.9977795137847841,1.0002184150033644,True
0.1055,2866348,0.9931520329079399,1.0116644673501511,0.9977795137847841,1.000354441104055,1.000087717293605,True,1.0120461438301007,0.9977795137847841,1.0002606540457586,True
0.106,2866293,0.9931329761284385,1.011672159332549,0.9977795137847841,1.000350882844436,1.000092104524016,True,1.0120213308766237,0.9977795137847841,1.000228804827167,True
0.1065,2866256,0.9931201561131376,1.011672159332549,0.9977795137847841,1.000350882844436,1.000092104524016,True,1.0120213308766237,0.9977795137847841,1.000228804827167,True
0.107,2866222,0.9931083755585369,1.011669218764619,0.9977795137847841,1.0003447816926283,1.000092213310843,True,1.0120234214800787,0.9977795137847841,1.0002292891551332,True
0.1075,2866171,0.9930907047266357,1.011744579915083,0.9977795137847841,1.0003973843681275,1.0001036704988273,True,1.0120214929269775,0.9977795137847841,1.0002216339936265,True
0.108,2866134,0.9930778847113348,1.0118951194415926,0.9984871037733015,1.0004867200267207,1.0001097970822366,True,1.0121888062310187,0.9984871037733015,1.0003208958365082,True
0.1085,2866097,0.993065064696034,1.0119152606352624,0.9984871037733015,1.000498859826985,1.0001116339359462,True,1.0122187621814336,0.9984871037733015,1.0003418780241213,True
0.109,2866051,0.993049126298633,1.0119020548869468,0.9984871037733015,1.0004831242032828,1.0001056918768536,True,1.0122222268871328,0.9984871037733015,1.000342350063466,True
0.1095,2866025,0.9930401176392323,1.0119020548869468,0.9984871037733015,1.0004831242032828,1.0001056918768536,True,1.0122222268871328,0.9984871037733015,1.000342350063466,True
0.11,2865983,0.9930255651894313,1.0118832940903635,0.9984871037733015,1.000458002000452,1.000104787924575,True,1.0122195200115018,0.9984871037733015,1.0003323925704457,True
0.1105,2865938,0.9930099732789303,1.011853864319592,0.9984871037733015,1.0004271285715158,1.0000904039668406,True,1.0121921680150379,0.9984871037733015,1.0003053521675689,True
0.111,2865889,0.9929929954208291,1.0118946369421447,0.9984871037733015,1.0004496244866163,1.0000984201088332,True,1.012224697534493,0.9984871037733015,1.0003196548852236,True
0.1115,2865845,0.9929777499972281,1.0118735573440996,0.9984871037733015,1.000426595442549,1.0000944946291732,True,1.012203659643614,0.9984871037733015,1.0002988498099314,True
0.112,2865792,0.9929593861915269,1.0118897545495904,0.9984871037733015,1.0004301018811241,1.000091548355235,True,1.0122247793001133,0.9984871037733015,1.0003077911634644,True
0.1125,2865749,0.9929444872548259,1.0118798210251996,0.9984871037733015,1.0004118319680448,1.0000884714680145,True,1.0122318876237475,0.9984871037733015,1.0003054473257234,True
0.113,2865704,0.9929288953443248,1.0119249226965448,0.9984871037733015,1.0004475756318385,1.0000915858545862,True,1.0122175470884474,0.9984871037733015,1.000291257368923,True
0.1135,2865670,0.992917114789724,1.0119401560544368,0.9984871037733015,1.0004548285769825,1.000091640255516,True,1.0122342810656348,0.9984871037733015,1.0002991515436537,True
0.114,2865635,0.9929049877482232,1.0119468449718076,0.9984871037733015,1.0004565948593178,1.0000939445177195,True,1.0122417153589596,0.9984871037733015,1.0003011140795823,True
0.1145,2865598,0.9928921677329223,1.0119228812280947,0.9984871037733015,1.0004296426761983,1.0000908230222294,True,1.0122332246102408,0.9984871037733015,1.0002891232751299,True
0.115,2865558,0.9928783082569215,1.0118802262179896,0.9984871037733015,1.000385517091973,1.0000826483409442,True,1.0122402627706129,0.9984871037733015,1.0002939630452543,True
0.1155,2865505,0.9928599444512202,1.011912837037554,0.9984871037733015,1.000403451340746,1.0000903166584052,True,1.012233479601153,0.9984871037733015,1.0002779196055518,True
0.116,2865466,0.9928464314621193,1.011896308115238,0.9985057024061225,1.0003840671042963,1.0000849036037402,True,1.0122023196553676,0.9985057024061225,1.0002456888080573,True
0.1165,2865426,0.9928325719861183,1.0119459094431376,0.9985057024061225,1.000416202639587,1.0000926676544282,True,1.0122572521282767,0.9985057024061225,1.000281230303808,True
0.117,2865383,0.9928176730494174,1.0118666690196636,0.9978001444434624,1.0003348380512045,1.000089492671341,True,1.0121691805079092,0.9978001444434624,1.0001908252056046,True
0.11750000000000001,2865339,0.9928024276258163,1.0118658497273092,0.9978001444434624,1.000333974464041,1.000085914601999,True,1.0121678760853445,0.9978001444434624,1.0001895363552602,True
0.11800000000000001,2865283,0.992783024359415,1.0119378400460128,0.9978001444434624,1.0003872080178424,1.000091443449834,True,1.0121834574934678,0.9978001444434624,1.00019479980494,True
0.11850000000000001,2865242,0.9927688183965141,1.0119680563688396,0.9978001444434624,1.000406232685323,1.0000922584819103,True,1.0122170393902084,0.9978001444434624,1.000215938324363,True
0.11900000000000001,2865197,0.992753226486013,1.0119374321405312,0.9978001444434624,1.000372681699859,1.000082921013354,True,1.0122192834472723,0.9978001444434624,1.000214571582986,True
0.11950000000000001,2865157,0.9927393670100121,1.0118986862499202,0.9978001444434624,1.000328978928413,1.0000826391732835,True,1.0121578186087754,0.9978001444434624,1.0001530634855806,True
0.12,2865108,0.9927223891519109,1.0119138118992757,0.9978001444434624,1.000332743321491,1.0000859263165398,True,1.0121927708158422,0.9978001444434624,1.0001752022102366,True
0.1205,2865061,0.9927061042676099,1.011916827051415,0.9978001444434624,1.0003319361908818,1.0000862990349735,True,1.0122001616739356,0.9978001444434624,1.0001801237534111,True
0.121,2865020,0.9926918983047089,1.0119173217901543,0.9978001444434624,1.0003321579395372,1.000086558039622,True,1.0122005146183728,0.9978001444434624,1.0001802054808817,True
0.1215,2864987,0.9926804642370082,1.011957031691772,0.9978001444434624,1.0003601254888466,1.0000927314539045,True,1.012223152851931,0.9978001444434624,1.0001933051326175,True
0.122,2864942,0.9926648723265071,1.0119896583338384,0.9978001444434624,1.0003757154013062,1.0000930563958939,True,1.0122590204685744,0.9978001444434624,1.0002102979396978,True
0.1225,2864902,0.9926510128505062,1.0119772276269983,0.9978001444434624,1.0003594976227905,1.000090307870256,True,1.0122673889270317,0.9978001444434624,1.0002160526504,True
0.123,2864850,0.9926329955317049,1.0119825686475579,0.9978001444434624,1.0003586285952548,1.0000871509437244,True,1.0122697991548755,0.9978001444434624,1.0002149232787179,True
0.1235,2864812,0.9926198290295041,1.0120178518492586,0.9978001444434624,1.0003786229977485,1.000094028895115,True,1.0123090139154034,0.9978001444434624,1.0002371392814888,True
0.124,2864779,0.9926083949618033,1.0120062267083139,0.9978001444434624,1.0003637376941126,1.0000882488878644,True,1.0123078984513822,0.9978001444434624,1.0002360373114816,True
0.1245,2864726,0.992590031156102,1.0119673356407954,0.9978001444434624,1.0003159755146647,1.0000813407665152,True,1.0123158773555434,0.9978001444434624,1.0002368976342035,True
0.125,2864680,0.992574092758701,1.011975803763847,0.9978001444434624,1.00031737474756,1.0000851880244062,True,1.0123217160572515,0.9978001444434624,1.0002382492550106,True
0.1255,2864627,0.9925557289529997,1.0120423988299019,0.9977941432665876,1.0003291587757301,1.0000911439806097,True,1.0123808959035498,0.9977941432665876,1.0002389425799922,True
0.126,2864584,0.9925408300162988,1.0120449649661218,0.9977941432665876,1.00032874322901,1.0000900036053664,True,1.0123804904002733,0.9977941432665876,1.0002385420005935,True
0.1265,2864544,0.9925269705402978,1.0120425928432357,0.9977941432665876,1.0003263991615379,1.0000826578278825,True,1.0123778538347041,0.9977941432665876,1.00023593748118,True
0.127,2864490,0.9925082602476966,1.0120445844348827,0.9977941432665876,1.0003197259779584,1.0000796883824061,True,1.0123829773782311,0.9977941432665876,1.0002365209648052,True
0.1275,2864449,0.9924940542847956,1.0121700121026167,0.9977941432665876,1.0003579971222885,1.000084832567363,True,1.012548133054497,0.9977941432665876,1.000304494044838,True
0.128,2864408,0.9924798483218946,1.0122163053582311,0.9977941432665876,1.0003890726408162,1.0000949004789499,True,1.0125724478926084,0.9977941432665876,1.0003187909236955,True
0.1285,2864367,0.9924656423589937,1.0122344136427133,0.9977941432665876,1.0003826617655633,1.0001052175008591,True,1.0125925753079223,0.9977941432665876,1.00031166772897,True
0.129,2864313,0.9924469320663925,1.0122881776673143,0.9977941432665876,1.0004008991771003,1.0001139613105705,True,1.012653410489011,0.9977941432665876,1.0003352698569412,True
0.1295,2864275,0.9924337655641915,1.0122708297895828,0.9977941432665876,1.0003837469449812,1.000107745325828,True,1.01265229467579,0.9977941432665876,1.0003341678869342,True
0.13,2864221,0.9924150552715902,1.0122499154472284,0.9977941432665876,1.0003526653900932,1.0001020822188074,True,1.0126620120214656,0.9977941432665876,1.0003355069976965,True
0.1305,2864188,0.9924036212038895,1.0122891888209353,0.9977941432665876,1.0003829526357815,1.0001087466200895,True,1.0126809800476357,0.9977941432665876,1.0003485472142342,True
0.131,2864124,0.9923814460422881,1.01230393784416,0.9977941432665876,1.000388468364066,1.0001061612598543,True,1.012675896399629,0.9977941432665876,1.0003367403017083,True
0.1315,2864081,0.992366547105587,1.0122243598085856,0.9971092409575908,1.0003055721207772,1.000097286037059,True,1.0126077759755665,0.9971092409575908,1.0002667187673049,True
0.132,2864041,0.9923526876295861,1.0122162388789084,0.9971092409575908,1.000291270957184,1.0000942200258431,True,1.0125772027175954,0.9971092409575908,1.0002328345916243,True
0.1325,2863995,0.9923367492321851,1.0122068178278447,0.9971092409575908,1.000268371279299,1.0000915355501194,True,1.0126190013479868,0.9971092409575908,1.0002590408369667,True
0.133,2863941,0.9923180389395838,1.012311168196814,0.9971092409575908,1.00027957158547,1.0000871415889439,True,1.0127425806426829,0.9971092409575908,1.000278979142254,True
0.1335,2863906,0.9923059118980829,1.0122958286682908,0.9971092409575908,1.0002644154319948,1.0000813094916363,True,1.012741464664363,0.9971092409575908,1.0002778771722467,True
0.134,2863854,0.9922878945792818,1.0123418303504035,0.9971092409575908,1.0002934984836602,1.0000844338546597,True,1.012771040241947,0.9971092409575908,1.000292197765039,True
0.1345,2863799,0.9922688377997805,1.0122775655661185,0.9971092409575908,1.0002272650777426,1.0000761823993123,True,1.0127177850879856,0.9971092409575908,1.0002365611574773,True
0.135,2863749,0.9922515134547794,1.0122739357861954,0.9971092409575908,1.0002190739142196,1.000071689814421,True,1.012716669092718,0.9971092409575908,1.0002354591874698,True
0.1355,2863709,0.9922376539787784,1.012275929338187,0.9971092409575908,1.0002180812420738,1.0000685816491268,True,1.0127155530876117,0.9971092409575908,1.0002343572174626,True
0.136,2863657,0.9922196366599771,1.0123201099157746,0.9971092409575908,1.0002376494164422,1.0000774152484424,True,1.0127182134897366,0.9971092409575908,1.0002201133585948,True
0.1365,2863613,0.9922043912363762,1.012316977167006,0.9971092409575908,1.0002345537199333,1.000074307256071,True,1.012714731289503,0.9971092409575908,1.0002166736958076,True
0.137,2863560,0.9921860274306749,1.0123157190060295,0.9971092409575908,1.0002197640505506,1.0000682036567283,True,1.0127077550560897,0.9971092409575908,1.0001980237161288,True
0.1375,2863504,0.9921666241642736,1.0122858970183097,0.9971092409575908,1.0001779364817163,1.0000644085634893,True,1.0127155816707558,0.9971092409575908,1.0001924740667314,True
0.138,2863459,0.9921510322537725,1.0122810603705337,0.9971092409575908,1.0001714947514968,1.000059191974038,True,1.012714059982419,0.9971092409575908,1.0001909715173252,True
0.1385,2863412,0.9921347473694715,1.0122904008370275,0.9971092409575908,1.0001684160098465,1.0000595128101664,True,1.0127244427231246,0.9971092409575908,1.0001875506932691,True
0.139,2863357,0.9921156905899702,1.0123580989460195,0.9971092409575908,1.0001436006452225,1.0000662803664646,True,1.012836073842354,0.9971092409575908,1.0001958901972703,True
0.1395,2863310,0.9920994057056691,1.0123782069580325,0.9971092409575908,1.0001514792997488,1.0000704438766603,True,1.0128743736899548,0.9971092409575908,1.0002203824583757,True
0.14,2863265,0.9920838137951681,1.0123560092674133,0.9971092409575908,1.0001212844780663,1.0000642571893739,True,1.0128860947161569,0.9971092409575908,1.0002227447878673,True
0.1405,2863226,0.9920703008060672,1.012390028401343,0.9971092409575908,1.000146995914456,1.000071092068442,True,1.0128905084088158,0.9971092409575908,1.000223458733989,True
0.14100000000000001,2863179,0.992054015921766,1.0123926333088709,0.9971092409575908,1.000135310844136,1.0000743386785735,True,1.0129298055786415,0.9971092409575908,1.0002463874538834,True
0.14150000000000001,2863129,0.9920366915767649,1.0124024960323357,0.9971092409575908,1.000140524752875,1.000070406208059,True,1.0129407699807913,0.9971092409575908,1.000252180685816,True
0.14200000000000002,2863082,0.9920204066924637,1.0124153751177056,0.9971092409575908,1.0001500317527052,1.000072450970767,True,1.0129411234473706,0.9971092409575908,1.0002522624175008,True
0.14250000000000002,2863031,0.9920027358605625,1.0124327592976077,0.9971092409575908,1.000161428721052,1.0000731938079708,True,1.0129574742816976,0.9971092409575908,1.0002624454330806,True
0.14300000000000002,2862987,0.9919874904369615,1.0123966446576587,0.9971092409575908,1.0001257531322318,1.0000625727869812,True,1.0129431270887246,0.9971092409575908,1.0002482554762804,True
0.14350000000000002,2862931,0.9919680871705603,1.012413134155455,0.9971092409575908,1.000136071778709,1.0000612298824116,True,1.0129342923338607,0.9971092409575908,1.0002395105841897,True
0.14400000000000002,2862882,0.9919511093124591,1.012448333037463,0.9971092409575908,1.0001607536586632,1.0000637069818066,True,1.012961525670237,0.9971092409575908,1.0002570165007951,True
0.1445,2862836,0.991935170915058,1.0124160111653966,0.9971092409575908,1.0001259026948826,1.000054994218245,True,1.012958738914797,0.9971092409575908,1.0002542646364077,True
0.145,2862792,0.991919925491457,1.012423515313502,0.9971092409575908,1.0001285939857802,1.0000555840544298,True,1.0129746801266213,0.9971092409575908,1.0002647484802807,True
0.1455,2862749,0.991905026554756,1.0124200057189332,0.9971092409575908,1.000118756663635,1.0000585614309623,True,1.0129707784549316,0.9971092409575908,1.000253818122341,True
0.146,2862706,0.9918901276180551,1.012400729937125,0.9971092409575908,1.0000934602485232,1.0000541866226862,True,1.0129857729507779,0.9971092409575908,1.0002616231258001,True
0.1465,2862655,0.9918724567861539,1.012403785645553,0.9971092409575908,1.000093506222906,1.0000483609569233,True,1.0129835404156122,0.9971092409575908,1.0002594191857854,True
0.147,2862595,0.9918516675721525,1.0124030022477752,0.9971092409575908,1.000079553015659,1.000048686746843,True,1.0130062680957435,0.9971092409575908,1.0002691341914838,True
0.1475,2862539,0.9918322643057511,1.0124303134309938,0.9971092409575908,1.0000899447400557,1.0000532479144593,True,1.0130330759113382,0.9971092409575908,1.000280496905618,True
0.148,2862487,0.9918142469869499,1.0124568097193252,0.9971092409575908,1.0001093122327016,1.0000594741130384,True,1.013037791712578,0.9971092409575908,1.0002814044407178,True
0.1485,2862439,0.9917976156157488,1.0124509780949005,0.9971092409575908,1.000099922047085,1.0000592886198392,True,1.0130387131264982,0.9971092409575908,1.0002782997296427,True
0.149,2862380,0.9917771728886474,1.0125394055161179,0.9977936056810081,1.0001370046956377,1.0000591179262726,True,1.0131734686520628,0.9977936056810081,1.00035541480384,True
0.1495,2862328,0.9917591555698462,1.0125430892681437,0.9977936056810081,1.0001258944626714,1.000065363184076,True,1.0131957919258854,0.9977936056810081,1.0003610261662248,True
0.15,2862276,0.991741138251045,1.0125441534373933,0.9977936056810081,1.0001050082974614,1.0000672548550267,True,1.0131969750984335,0.9977936056810081,1.0003378193159913,True
0.1505,2862236,0.9917272787750441,1.0125953826159821,0.9977936056810081,1.0001208326346052,1.0000729871599465,True,1.0132721652452052,0.9977936056810081,1.0003733579784981,True
0.151,2862179,0.9917075290217428,1.0125743617881926,0.9977936056810081,1.0000961192040116,1.0000661694622293,True,1.0132534231285737,0.9977936056810081,1.0003509119125815,True
0.1515,2862144,0.991695401980242,1.0125785438895445,0.9977936056810081,1.0000970862928555,1.0000692001000155,True,1.0132580730251834,0.9977936056810081,1.0003519864557413,True
0.152,2862101,0.9916805030435409,1.0126171199660137,0.9977578651721565,1.0001062671769687,1.0000787975362022,True,1.0133055945888776,0.9977936056810081,1.000367200733059,True
0.1525,2862047,0.9916617927509397,1.012606950557823,0.9975964324061759,1.0000901068661443,1.0000756394669719,True,1.0133091651737516,0.9977936056810081,1.000367181806141,True
0.153,2861986,0.9916406570500382,1.012596409297177,0.9974348278150512,1.0000742376596299,1.00007601755538,True,1.0133156848613607,0.9977936056810081,1.0003675054201389,True
0.1535,2861925,0.9916195213491368,1.0125969455610375,0.9972732232239265,1.0000497166356501,1.0000790482253572,True,1.0133345247430159,0.9977936056810081,1.0003582159036195,True
0.154,2861859,0.9915966532137352,1.0125893637061345,0.997039099483761,1.0000321155176257,1.0000766732784143,True,1.0133473536930655,0.9977936056810081,1.000364672854722,True
0.1545,2861811,0.9915800218425341,1.0126131372028184,0.9969737352458503,1.0000397338983726,1.0000792841991166,True,1.0133791830290648,0.9977936056810081,1.0003804004153196,True
0.155,2861758,0.9915616580368329,1.0126074302603258,0.9968121204594478,1.0000229162567094,1.000074478827745,True,1.013387754282532,0.9977936056810081,1.0003796713452942,True
0.1555,2861710,0.9915450266656318,1.0126176835530856,0.9967667186258967,1.0000236401662095,1.0000704767349813,True,1.0134022967479626,0.9977936056810081,1.0003855203373555,True
0.156,2861624,0.9915152287922299,1.0126257349683792,0.9968129428653494,1.0000244585614564,1.0000737256178076,True,1.0134017358416894,0.9977936056810081,1.0003812936388017,True
0.1565,2861567,0.9914954790389285,1.0125873904666385,0.9966712990606648,0.9999865959701891,1.0000655474063382,True,1.0133750989831356,0.9977936056810081,1.0003549622934695,True
0.157,2861519,0.9914788476677274,1.012601456751503,0.9966912513791537,0.9999944151294317,1.0000676375376492,True,1.013385148835397,0.9977936056810081,1.0003614333239073,True
0.1575,2861460,0.991458404940626,1.0125912483298454,0.9967330019933354,0.9999809310641015,1.0000560085193022,True,1.013365293198558,0.9977936056810081,1.0003418120719645,True
0.158,2861401,0.9914379622135246,1.01253064618316,0.9968222663662961,0.9999176884223064,1.0000446180012816,True,1.013285980141491,0.997088047718348,1.0002616242063076,True
0.1585,2861337,0.9914157870519231,1.012508421634727,0.9966606617751715,0.9998901240753394,1.0000386765839895,True,1.0132795216381423,0.997088047718348,1.0002489532198025,True
0.159,2861292,0.9914001951414221,1.0125488874045743,0.9969183282446804,0.9999168506785956,1.0000467641483832,True,1.013290092294151,0.997088047718348,1.0002500198379196,True
0.1595,2861237,0.9913811383619208,1.0126016113423908,0.997088047718348,0.9999420121690168,1.0000522407332106,True,1.0133152072515366,0.997088047718348,1.000250103593996,True
0.16,2861177,0.9913603491479194,1.0126077857077358,0.997088047718348,0.9999430864478122,1.0000522282852056,True,1.0133283972037763,0.997088047718348,1.0002593351634042,True
0.1605,2861110,0.9913371345256179,1.0126222311118516,0.997088047718348,0.9999503048192532,1.000049466479189,True,1.0133444590876537,0.997088047718348,1.0002673555761161,True
0.161,2861050,0.9913163453116165,1.012609710006378,0.996867801730486,0.9999295664732593,1.0000452807215425,True,1.0133564040663159,0.997088047718348,1.0002697625557895,True
0.1615,2860993,0.9912965955583152,1.0126127520210586,0.9968681337701882,0.9999295996772295,1.0000452871073566,True,1.0133564040663159,0.997088047718348,1.0002697625557895,True
0.162,2860926,0.9912733809360136,1.0126587621607857,0.9970299068029632,0.9999643819125733,1.000051495734288,True,1.0133859509328589,0.997088047718348,1.00029043470253,True
0.1625,2860875,0.9912557101041124,1.012720826436737,0.997088047718348,1.0000125881811042,1.0000608592822846,True,1.0134116150480772,0.997088047718348,1.0003079423281056,True
0.163,2860804,0.9912311095342108,1.0127700549226988,0.997088047718348,1.0000469841675543,1.0000670616239873,True,1.0134232126884442,0.997088047718348,1.00031026894118,True
0.1635,2860739,0.9912085878857092,1.012964910650935,0.997088047718348,1.0000931896347864,1.0000721860740576,True,1.0136474746983646,0.997088047718348,1.000369101869869,True
0.164,2860676,0.9911867592110077,1.0130199222088456,0.997088047718348,1.000129595805293,1.0000783932630677,True,1.013665477301424,0.997088047718348,1.000373642699386,True
0.1645,2860616,0.9911659699970063,1.0130708898520453,0.997088047718348,1.0001623049373376,1.0000908036956615,True,1.013683262045553,0.997088047718348,1.000381569477779,True
0.165,2860545,0.9911413694271047,1.0130957112313357,0.997088047718348,1.0001775392163856,1.0000908636268084,True,1.0136858775785893,0.997088047718348,1.0003804853811222,True
0.1655,2860483,0.9911198872393032,1.0131132576144093,0.997088047718348,1.0001700035152457,1.0000889844771785,True,1.0136900854515354,0.997088047718348,1.0003621579800084,True
0.166,2860439,0.9911046418157022,1.013108162266231,0.997088047718348,1.000153152484921,1.0000861280936744,True,1.0136920289460571,0.997088047718348,1.000350928133634,True
0.1665,2860371,0.9910810807065007,1.013156296972089,0.997088047718348,1.000189857089934,1.000093907525238,True,1.0136905173915978,0.997088047718348,1.0003459028924544,True
0.167,2860319,0.9910630633876994,1.01314784448589,0.997088047718348,1.000178117568748,1.0000909238400504,True,1.0136811207925593,0.997088047718348,1.000332858980026,True
0.1675,2860252,0.9910398487653979,1.0131720756949307,0.997088047718348,1.00019738553013,1.000091848801348,True,1.013674610160352,0.997088047718348,1.0003264141197665,True
0.168,2860188,0.9910176736037963,1.0132166214227312,0.997088047718348,1.0002302788396904,1.000092297903278,True,1.013699382133775,0.997088047718348,1.0003423504618831,True
0.1685,2860125,0.9909958449290949,1.013230101677623,0.997088047718348,1.0002359414290551,1.0000886419025148,True,1.013714367342341,0.997088047718348,1.000348642227844,True
0.169,2860082,0.990980945992394,1.0132655574523102,0.997088047718348,1.0002627791674708,1.0000917757118328,True,1.0137320966771333,0.997088047718348,1.000360399281619,True
0.1695,2860020,0.9909594638045924,1.0132155377926853,0.997088047718348,1.0002071925819176,1.000088586889265,True,1.0136731766154505,0.997088047718348,1.0002986564257539,True
0.17,2859953,0.990936249182291,1.0132525326835036,0.997088047718348,1.0002303732823135,1.000094309460813,True,1.0136927714201114,0.997088047718348,1.0003064767241323,True
0.1705,2859888,0.9909137275337894,1.0132829016945923,0.997088047718348,1.0002432177855018,1.0000932139510035,True,1.0137319044978883,0.997088047718348,1.000328010296381,True
0.171,2859842,0.9908977891363884,1.0133066259237669,0.997088047718348,1.0002603665539938,1.0000994723278298,True,1.0137367479447401,0.997088047718348,1.0003291285312939,True
0.1715,2859775,0.9908745745140868,1.013301899298607,0.997088047718348,1.000250543076818,1.0000942856303987,True,1.0137472574938193,0.997088047718348,1.0003337870530518,True
0.17200000000000001,2859704,0.9908499739441852,1.0133077776594894,0.997088047718348,1.0002540420669976,1.0000922674071557,True,1.0137465103531837,0.997088047718348,1.0003327704913128,True
0.17250000000000001,2859634,0.9908257198611835,1.013386748305637,0.997088047718348,1.0003108909606078,1.000106551009746,True,1.013778383686544,0.997088047718348,1.0003493513261843,True
0.17300000000000001,2859566,0.9908021587519819,1.013386993046995,0.997088047718348,1.000302833693704,1.0001021597224518,True,1.013777779446386,0.997088047718348,1.0003452391985108,True
0.17350000000000002,2859490,0.9907758257475802,1.0133705703813916,0.997088047718348,1.0002848127278818,1.0000915788175408,True,1.0137466926551504,0.997088047718348,1.0003145215921305,True
0.17400000000000002,2859431,0.9907553830204787,1.013365157210769,0.997088047718348,1.0002665649840783,1.0000906070153393,True,1.0137595484033137,0.997088047718348,1.000317985836285,True
0.17450000000000002,2859366,0.9907328613719772,1.0133950432911474,0.997088047718348,1.0002690185178114,1.0000897082881635,True,1.013755904571013,0.997088047718348,1.0002899921456045,True
0.17500000000000002,2859300,0.9907099932365757,1.01340417873395,0.997088047718348,1.0002696982358956,1.0000886212482498,True,1.0137541596525315,0.997088047718348,1.0002808298451782,True
0.17550000000000002,2859236,0.9906878180749742,1.0133232348919372,0.997088047718348,1.000183306866497,1.0000809281646346,True,1.0137005945970718,0.997088047718348,1.0002207515660961,True
0.176,2859169,0.9906646034526727,1.0132823650156195,0.9963824897556879,1.000138472017658,1.000082729154492,True,1.0136208157589535,0.9963824897556879,1.0001423046399323,True
0.1765,2859088,0.9906365380137708,1.0133147340096764,0.9963824897556879,1.0001437155928508,1.0000743283914306,True,1.013644228155273,0.9963824897556879,1.0001432296545092,True
0.177,2859008,0.9906088190617689,1.0133588349786098,0.9963824897556879,1.0001704970497258,1.0000736237213388,True,1.0136899723508848,0.9963824897556879,1.0001730452183573,True
0.1775,2858921,0.9905786747014669,1.0133128850655413,0.9963824897556879,1.000110536213184,1.0000581518838165,True,1.0136890120001663,0.9963824897556879,1.0001558545333655,True
0.178,2858839,0.9905502627756649,1.013334966544093,0.9963824897556879,1.0001259387045607,1.000056106465315,True,1.0136919627293226,0.9963824897556879,1.0001549755073134,True
0.1785,2858756,0.990521504362963,1.0132629211467528,0.9956769317930279,1.000052155369855,1.0000436709897522,True,1.0136085657941134,0.9956769317930279,1.0000730142802645,True
0.179,2858684,0.9904965573061614,1.0132500089822443,0.9956769317930279,1.000037756475282,1.0000390820996246,True,1.0136092445304725,0.9956769317930279,1.000072326909022,True
0.1795,2858604,0.9904688383541596,1.0132840984249496,0.9956769317930279,1.0000600773689836,1.0000454114560922,True,1.0136255435028225,0.9956769317930279,1.0000791350463132,True
0.18,2858529,0.9904428518366578,1.0133362647586122,0.9956769317930279,1.0000302042486264,1.0000468053167135,True,1.0137176906792156,0.9956769317930279,1.0000796369565614,True
0.1805,2858441,0.9904123609894557,1.0132836206309521,0.9956769317930279,0.9999726791498368,1.000026241810226,True,1.013706338374018,0.9956769317930279,1.0000626726989883,True
0.181,2858340,0.9903773658125533,1.0133096263577295,0.9956769317930279,0.9999572562704359,1.0000297092862094,True,1.0137770671352455,0.9956769317930279,1.000088709898121,True
0.1815,2858250,0.9903461819915512,1.0135056511901364,0.9963671530064925,1.000065863916447,1.0000366470837323,True,1.0139398783372873,0.9963671530064925,1.0001635190615614,True
0.182,2858165,0.9903167306050493,1.0135248525214255,0.9963671530064925,1.0000703602871555,1.0000219648266053,True,1.013952330824653,0.9963671530064925,1.0001663374881355,True
0.1825,2858088,0.9902900511137475,1.0134840793264515,0.9963671530064925,1.0000301626662587,1.000006424864749,True,1.013943455292885,0.9963671530064925,1.0001575855962779,True
0.183,2857995,0.9902578278320453,1.0135222216882178,0.9963671530064925,1.0000528416876153,1.0000035563195833,True,1.013944222360726,0.9963671530064925,1.000149288155041,True
0.1835,2857917,0.9902308018538435,1.0134898294339973,0.9963671530064925,1.000018087782711,0.9999910198542402,True,1.0139273140548553,0.9963671530064925,1.0001314545127147,True
0.184,2857826,0.9901992715459413,1.0134748507086677,0.9963671530064925,0.9999849873928032,0.9999872679752932,True,1.0139364966404274,0.9963671530064925,1.0001201258880394,True
0.1845,2857734,0.9901673947511392,1.0135318284889323,0.9963671530064925,1.0000139241472656,0.9999899098086749,True,1.0139869847423983,0.9963671530064925,1.0001415831585305,True
0.185,2857617,0.9901268557838365,1.0134981584172653,0.9963671530064925,0.9999731226343591,0.999971651276077,True,1.0139860178406084,0.9963671530064925,1.000132160275551,True
0.1855,2857515,0.9900915141200342,1.0135826550616658,0.9963671530064925,0.999968326846534,0.999957245457858,True,1.0140799486288448,0.9963671530064925,1.0001268316224121,True
0.186,2857435,0.9900637951680323,1.0136307372613418,0.9963671530064925,0.9999942375609467,0.9999558982600095,True,1.014133399647734,0.9963671530064925,1.000155621305093,True
0.1865,2857328,0.9900267210697298,1.0137091882137195,0.9956822506974957,0.9999763583357293,0.9999508797749466,True,1.0142086901105856,0.9956822506974957,1.0001258379120535,True
0.187,2857210,0.989985835615527,1.0136825783878451,0.9949766927348356,0.9999325565836449,0.9999407434822964,True,1.014135953013145,0.9949766927348356,1.0000412574164934,True
0.1875,2857099,0.9899473755696244,1.0136801380308997,0.9949766927348356,0.9999177603123739,0.9999304442398305,True,1.0141339116077672,0.9949766927348356,1.0000306012665936,True
0.188,2856996,0.9899116874189221,1.0137158440779854,0.9949766927348356,0.9999338933629444,0.9999261899958066,True,1.0141303910938662,0.9949766927348356,1.000012560834839,True
0.1885,2856883,0.9898725343992194,1.013904607415555,0.9963700810175156,1.00001808619484,0.9999129231607259,True,1.0143528254663432,0.9963700810175156,1.0001218290965723,True
0.189,2856756,0.9898285305629165,1.0138289410505983,0.9956645230548554,0.999909812844785,0.9998972460323325,True,1.0143006747310122,0.9956645230548554,1.0000330017753298,True
0.1895,2856628,0.9897841802397135,1.0138838410929183,0.9956645230548554,0.9999173217996591,0.9998839979090176,True,1.0143400783266285,0.9956645230548554,1.0000233526038431,True
0.19,2856487,0.9897353255868102,1.0139581405338534,0.9956645230548554,0.9999143455462397,0.999860725685202,True,1.0143969647274107,0.9956645230548554,0.9999986558703076,True
0.1905,2856371,0.9896951331064076,1.0138606055789523,0.9942534071295352,0.9997847904637229,0.9998459934554949,True,1.0142670421048448,0.9942534071295352,0.9998368074404499,True
0.191,2856266,0.9896587519819051,1.0139801556596097,0.9949610423561359,0.9998513108230938,0.9998445081890179,True,1.0143999296485646,0.9949610423561359,0.9999107189508621,True
0.1915,2856142,0.9896157876063022,1.0141020392160112,0.9949610423561359,0.9998664229735361,0.9998450445339767,True,1.0145137930059516,0.9949610423561359,0.9999095176307002,True
0.192,2856029,0.9895766345865995,1.0142263688292519,0.9949610423561359,0.9999107378433543,0.9998476396743126,True,1.0146303747442027,0.9949610423561359,0.9999407638618477,True
0.1925,2855902,0.9895326307502966,1.0140782483614923,0.9935499264308157,0.9997552435063168,0.9998301383819461,True,1.0144817050888801,0.9935499264308157,0.9997837305767714,True
0.193,2855761,0.9894837760973934,1.0140450907685532,0.9935499264308157,0.9997080201275675,0.9998064141904185,True,1.0144706821634857,0.9935499264308157,0.9997567097422722,True
0.1935,2855615,0.9894331890099899,1.0139181348154285,0.9935499264308157,0.9995657646490258,0.999783054715926,True,1.014366021677684,0.9935499264308157,0.9996345602308089,True
0.194,2855476,0.9893850273308866,1.0139431700165655,0.9935499264308157,0.999582327035573,0.9997708794789416,True,1.0143594884208382,0.9935499264308157,0.9996243693846864,True
0.1945,2855301,0.9893243921233826,1.0142045979420822,0.994991988396461,0.999717076352258,0.99975564087122,True,1.0146284859138253,0.994991988396461,0.9997561175861436,True
0.195,2855154,0.9892734585490792,1.014325428384672,0.9957137089386635,0.9997581560544075,0.9997374396080306,True,1.0147515925750525,0.9957137089386635,0.9997936006644448,True
0.1955,2854989,0.9892162882105754,1.0142832111715216,0.9957137089386635,0.9996763250188894,0.999724885149938,True,1.0147228969266007,0.9957137089386635,0.9997206333573272,True
0.196,2854839,0.9891643151755718,1.0144696267396238,0.9964159438582206,0.9997362456830088,0.9997292213496444,True,1.0149643450603434,0.9964159438582206,0.9998209061392163,True
0.1965,2854682,0.9891099167322682,1.0147273226281777,0.9971265386288615,0.9997781581692282,0.9997210312809734,True,1.0152766850368018,0.9971265386288615,0.9998929251546824,True
0.197,2854535,0.9890589831579648,1.0150975447064983,0.9977912733156605,0.9999184225758182,0.9997303366153101,True,1.0156667321933501,0.9977912733156605,1.000030876293807,True
0.1975,2854350,0.9889948830814604,1.0151121250812696,0.9977699211529862,0.9998610861948946,0.9997163313675852,True,1.0156825452336509,0.9977699211529862,0.9999668397696134,True
0.198,2854172,0.9889332084132563,1.0151459577807345,0.9970643631903261,0.9997979013514365,0.9997053909637865,True,1.0157137771073617,0.9970643631903261,0.9998941179650781,True
0.1985,2854018,0.9888798494306528,1.0151505858052912,0.9963588052276661,0.999741965656422,0.9996865120854882,True,1.0157338080862892,0.9963588052276661,0.9998499059681278,True
0.199,2853825,0.9888129774589483,1.0153096981985914,0.9970790958721947,0.9998064141659964,0.9996814716015456,True,1.0159107027445786,0.9970790958721947,0.9999215154232106,True
0.1995,2853647,0.9887513027907441,1.0152332422290764,0.9963941935631979,0.9996895795546255,0.9996535833859047,True,1.0158622336788061,0.9963941935631979,0.9998276113197152,True
0.2,2853469,0.9886896281225399,1.0152775937058294,0.9957092912542012,0.9995958594894032,0.9996355217212883,True,1.0159115437483377,0.9957092912542012,0.9997234779139126,True
0.2005,2853278,0.9886234491246355,1.0152833798665428,0.9950037332915411,0.9995041596992256,0.9996199665406399,True,1.0159179768322113,0.9950037332915411,0.9996215892581595,True
0.201,2853066,0.9885499939018305,1.0154892643614977,0.994997634238836,0.9995794125781071,0.9996231366480081,True,1.0161103267325997,0.994997634238836,0.9996748506261233,True
0.2015,2852852,0.9884758457052256,1.0154662282987137,0.994997634238836,0.9995248615868657,0.999595423454367,True,1.0160468677192624,0.994997634238836,0.9995855902095586,True
0.202,2852639,0.9884020439955206,1.0153841949826816,0.9942920762761759,0.9994022613634378,0.9995610746357523,True,1.015924463662222,0.9942920762761759,0.9994257691452931,True
0.2025,2852427,0.9883285887727157,1.0155203914965016,0.9942920762761759,0.9993744259424083,0.9995468797422838,True,1.01609413591367,0.9942920762761759,0.9994127969653854,True
0.203,2852209,0.9882530546285107,1.0158093192436337,0.9957020686955267,0.9995310527980609,0.9995443298272846,True,1.0163720677122392,0.9957020686955267,0.9995508785083582,True
0.20350000000000001,2851992,0.9881778669712056,1.0160808324229944,0.99572301579537,0.9996051523870324,0.9995393559174175,True,1.0166393772356603,0.99572301579537,0.9996045239354753,True
0.20400000000000001,2851765,0.9880992144449002,1.0162629442963826,0.9964307364221617,0.9996131814204734,0.9995310227157214,True,1.0168277934972816,0.9964307364221617,0.999602946273155,True
0.20450000000000002,2851527,0.9880167505626948,1.0161452861530822,0.9964307364221617,0.9994649793944571,0.9995021786937496,True,1.016719691382532,0.9964307364221617,0.999461082498291,True
0.20500000000000002,2851279,0.987930821811489,1.0162968596537179,0.9957251784595016,0.9994273628362196,0.9994703316595732,True,1.0168814905223187,0.9957251784595016,0.9994192890166437,True
0.20550000000000002,2851025,0.9878428141388831,1.0162512552274652,0.9950382224170229,0.9993190580696331,0.9994462569907703,True,1.0168273885240584,0.9950382224170229,0.9992989142068036,True
0.20600000000000002,2850791,0.9877617362042775,1.0162628085982548,0.9950382224170229,0.9992743309578485,0.9994332382405384,True,1.0168056874758262,0.9950382224170229,0.9992205301648391,True
0.20650000000000002,2850549,0.987677886374472,1.0164788578740829,0.9957486985008949,0.9993409629848962,0.9994323683695333,True,1.0170242498445612,0.9957486985008949,0.999276609839171,True
0.20700000000000002,2850281,0.9875850278852657,1.0164508881864829,0.9957486985008949,0.9992976639437128,0.9994096136246425,True,1.0170114200811036,0.9957486985008949,0.9992464558590921,True
0.20750000000000002,2850007,0.9874900904746593,1.0162936821350372,0.994358521752014,0.9991220585615661,0.9993730525557549,True,1.0167898397303283,0.994358521752014,0.9990152450251182,True
0.20800000000000002,2849740,0.9873975784723531,1.016654562805217,0.9950607409682477,0.9992593888055454,0.9993482223049523,True,1.0171564804584552,0.9950607409682477,0.9991391467205397,True
0.2085,2849475,0.9873057594438469,1.0164198087232825,0.9929440670802674,0.9989988218964131,0.9993038962892945,True,1.016932030133516,0.9929440670802674,0.9988855400639758,True
0.209,2849219,0.987217058797441,1.0165395915542557,0.9922385091176074,0.9989678209990688,0.9993127122556866,True,1.017083453904828,0.9922385091176074,0.9988690506881626,True
0.2095,2848923,0.9871144986750341,1.016931417401186,0.9929184833336588,0.9991183967332538,0.999304860301925,True,1.0175071108797675,0.9929184833336588,0.9990264404987139,True
0.21,2848641,0.9870167893692275,1.0171134698699826,0.9943271094082016,0.9991514005713922,0.9992596178497883,True,1.0177138417045535,0.9943271094082016,0.9990706617721838,True
0.2105,2848349,0.9869156151944207,1.017233823715486,0.9929159934828814,0.9990375206146824,0.9992421562903786,True,1.0178659284236944,0.9929159934828814,0.9989620845526309,True
0.211,2848047,0.9868109761506138,1.0172110269590542,0.9915255332112246,0.9989019408646241,0.9992334129338007,True,1.0178350315356393,0.9915255332112246,0.9988092795311648,True
0.2115,2847729,0.9867007933164063,1.0171920246238373,0.9915429157139675,0.9987621672169624,0.9992004177534379,True,1.0178181284674293,0.9915429157139675,0.9986614328458244,True
0.212,2847414,0.9865916499428989,1.0174471126378621,0.9922439311373146,0.998826208300714,0.9991993011384833,True,1.0181041395410264,0.9922439311373146,0.9987373705812226,True
0.2125,2847093,0.9864804276479915,1.0177072834312464,0.9929516182011583,0.9989422426454334,0.9991741712207033,True,1.0183717329714825,0.9929516182011583,0.9988483247277252,True
0.213,2846766,0.9863671264316839,1.017672970063062,0.99364161749875,0.9988384801234826,0.9991238682029706,True,1.0183518729798868,0.99364161749875,0.9987509891023492,True
0.2135,2846431,0.986251053320176,1.0175962041794284,0.9929147680946773,0.9986772746619634,0.9990701101177104,True,1.0182663223453996,0.9929147680946773,0.9985717071909949,True
0.214,2846113,0.9861408704859687,1.0178325418553058,0.9929093673692261,0.9987240307154849,0.9990454755341469,True,1.0184999987394432,0.9929093673692261,0.9986023245576467,True
0.2145,2845737,0.9860105914115599,1.0177675822673526,0.9922038094065659,0.9985463664478113,0.9990110738247014,True,1.0184460662464399,0.9922038094065659,0.9984228758814679,True
0.215,2845375,0.9858851631537515,1.0183646407687834,0.9929364119520788,0.9986989414076559,0.9989879865743778,True,1.0191099284602099,0.9929364119520788,0.9985924036146285,True
0.2155,2845020,0.9857621603042432,1.0184023784699336,0.9922308539894187,0.9986306014417489,0.9989796101553019,True,1.0191562320559446,0.9922308539894187,0.9985240211544377,True
0.216,2844696,0.9856498985486357,1.0184547495605263,0.9929149516696086,0.9986118520706795,0.9989192877483747,True,1.0192164334150424,0.9929149516696086,0.9985084277458385,True
0.2165,2844338,0.9855258562384274,1.018976492031716,0.9935793306509031,0.998708162190234,0.9988994870145148,True,1.0197823546199087,0.9935793306509031,0.9986048113673365,True
0.217,2843963,0.9853959236509187,1.0195049216271475,0.9943118968581739,0.9987939819238161,0.9988777840872115,True,1.0203654454197872,0.9943118968581739,0.9986975786533464,True
0.2175,2843574,0.9852611402468096,1.019231706430374,0.9921737309945742,0.9983664987902603,0.9987937120016942,True,1.0200181783963336,0.9921737309945742,0.9981866324456615,True
0.218,2843214,0.9851364049628012,1.01930407327953,0.992157803745776,0.9983430898835692,0.9987601199376824,True,1.0200769864721528,0.992157803745776,0.9981426866587084,True
0.2185,2842842,0.9850075118359926,1.0192934678169114,0.9921634781572675,0.9982369150040755,0.9986951313520189,True,1.020065193696214,0.9921634781572675,0.998024714570382,True
0.219,2842427,0.9848637197724829,1.019366653052409,0.9914839570166143,0.9981575851556516,0.9986525880197755,True,1.0201031630356752,0.9914839570166143,0.997900621760755,True
0.2195,2842000,0.9847157698661729,1.0199030974171532,0.9928431641829957,0.9982839558930567,0.9986251926062184,True,1.0206693883946756,0.9928431641829957,0.9980184205014859,True
0.22,2841611,0.9845809864620638,1.0201759141749678,0.9935452860346278,0.9982138766368365,0.9985999812620807,True,1.0209727503859274,0.9935452860346278,0.9979405546612412,True
0.2205,2841234,0.9844503609007551,1.0203279045436506,0.9935849768340785,0.998162057994724,0.9985584602037342,True,1.0211383869330197,0.9935849768340785,0.997882978189211,True
0.221,2840812,0.9843041434289452,1.020421540878396,0.9928794188714185,0.9980979942115619,0.9984960352977491,True,1.0212425104787348,0.9928794188714185,0.9978117962079198,True
0.2215,2840357,0.9841464918894346,1.0203656013928903,0.9921775450848621,0.997895938273421,0.9984475811569303,True,1.021213541548099,0.9921775450848621,0.9976231655682928,True
0.222,2839909,0.9839912657582243,1.0204723617070222,0.9908080352317642,0.9977858222154701,0.9984018389911498,True,1.0213191341972967,0.9908080352317642,0.9974899539852188,True
0.2225,2839503,0.9838505920768148,1.0206078206594058,0.9908080352317642,0.9977540039669399,0.9983826188174136,True,1.021426338793908,0.9908080352317642,0.9974186722885706,True
0.223,2839059,0.9836967518932044,1.0206899148463238,0.990802041303776,0.9977032703181719,0.9983343692648585,True,1.0215237708018285,0.990802041303776,0.9973701763511242,True
0.2235,2838575,0.9835290522335931,1.0207645659583011,0.9908129919505986,0.997552195672824,0.9982403105083667,True,1.0216251174128905,0.9908129919505986,0.9972202716997516,True
0.224,2838123,0.9833724401547826,1.0204500403487249,0.9858947418656413,0.9970467379180421,0.9981599501986506,True,1.021275355879576,0.9858947418656413,0.9966586519722163,True
0.2245,2837674,0.9832168675366721,1.0207338891128541,0.9858891828942551,0.9969495336863353,0.9981175676854206,True,1.0215875831051857,0.9858891828942551,0.9965506112592613,True
0.225,2837226,0.9830616414054617,1.0209759306151216,0.985869589051913,0.9969717825102291,0.9980910538711399,True,1.0218610909383115,0.985869589051913,0.9965828824213285,True
0.2255,2836743,0.9828942882327505,1.0210834825907358,0.9851444372469109,0.996869964450056,0.9980593661855303,True,1.0220173882185983,0.9851444372469109,0.9965056633747194,True
0.226,2836282,0.9827345577718397,1.021373875570932,0.987248239281162,0.9969273423674204,0.9979743105187404,True,1.0223380576747023,0.987248239281162,0.9965742741095946,True
0.2265,2835789,0.9825637397301283,1.0215727177643614,0.9872726331837418,0.9969025708582523,0.997882325225381,True,1.0225556242017284,0.9872726331837418,0.9965465851183818,True
0.227,2835300,0.9823943076360169,1.0221156147631585,0.9893666196764599,0.9971396201897601,0.9978441532244701,True,1.0231755435418777,0.9893666196764599,0.9968257114650222,True
0.2275,2834788,0.982216906343205,1.0222562276414924,0.9886628783336686,0.9970022613303708,0.9977715896111131,True,1.0232938699837906,0.9886628783336686,0.9966444592069332,True
0.228,2834260,0.9820339612599926,1.0225548932392228,0.9886628783336686,0.9970065112279849,0.9977325090386853,True,1.0236444407428051,0.9886628783336686,0.9966671373810738,True
0.2285,2833738,0.9818530950981805,1.022360023243121,0.9858249107422534,0.9966361707427176,0.9976549821711665,True,1.0234340492581524,0.9858249107422534,0.996263687538396,True
0.229,2833218,0.9816729219101684,1.0226616649294824,0.9851406405841082,0.996609661487879,0.9976073729518209,True,1.0237575433294483,0.9851406405841082,0.9962243164060764,True
0.2295,2832753,0.9815118055016576,1.0228742819551864,0.9851595896798206,0.996538903019087,0.9975678095793368,True,1.024030817907709,0.9851595896798206,0.9961816080165575,True
0.23,2832258,0.981340294486146,1.0236936647839072,0.987278906104086,0.9968374259833315,0.9975196727518861,True,1.024942313219104,0.987278906104086,0.9965133001990512,True
0.2305,2831727,0.9811563099422337,1.0235971826147416,0.985909384296875,0.9966141354140727,0.9974266533768256,True,1.0248477067240942,0.985909384296875,0.9962809214548555,True
0.231,2831225,0.980982373518422,1.0241819617953147,0.9879831130238377,0.9967709319783713,0.9974062977731104,True,1.0254765347486685,0.9879831130238377,0.9964372405016202,True
0.2315,2830685,0.9807952705924095,1.0245202376490614,0.987967452722161,0.9966761863846483,0.9973529824289323,True,1.025827696370993,0.987967452722161,0.996314031388422,True
0.232,2830141,0.9806067817187968,1.0246251991292117,0.9858461225101507,0.9964511141437843,0.9973110800441293,True,1.0259085565264157,0.9858461225101507,0.9960355531941789,True
0.2325,2829624,0.9804276479914847,1.0248866187649799,0.9851405645474907,0.9964467044396683,0.9972817064279746,True,1.026202542904257,0.9851405645474907,0.9960356958258839,True
0.233,2829093,0.9802436634475724,1.0250708849229582,0.9837294486221705,0.9963213924230709,0.997197307674599,True,1.0264018770188013,0.9837294486221705,0.9958942417814833,True
0.2335,2828511,0.9800420080717588,1.025118958955369,0.9837344945981076,0.9962149125926498,0.9971063959392408,True,1.026468145583109,0.9837344945981076,0.9957916894785149,True
0.234,2827953,0.9798486683815458,1.0256090053029958,0.9830461627480103,0.996138722749006,0.9970557164448203,True,1.0270502606089174,0.9830461627480103,0.9957429462280493,True
0.23450000000000001,2827408,0.9796598330210331,1.0260058639073,0.98232999230212,0.9961114735575662,0.9969950659870949,True,1.0274884260735102,0.98232999230212,0.9957126531470143,True
0.23500000000000001,2826878,0.9794761949640208,1.0266139065574258,0.982988625221101,0.9962602205600186,0.9969669601265405,True,1.0281300941800113,0.982988625221101,0.995849239360472,True
0.23550000000000001,2826281,0.9792693422847069,1.0268228763992777,0.9829853403704322,0.996098473424678,0.9969005133139413,True,1.0283589218574634,0.9829853403704322,0.9956745102088781,True
0.23600000000000002,2825713,0.9790725377254936,1.027307490027185,0.9843872615747415,0.9961622142726689,0.996840797518643,True,1.0288904247007047,0.9843872615747415,0.995742909921094,True
0.23650000000000002,2825129,0.9788701893758801,1.027662989926198,0.9844268468429531,0.9961451271229709,0.9967863236513387,True,1.0293099721537105,0.9844268468429531,0.9957491402052064,True
0.23700000000000002,2824526,0.978661257775166,1.028104941227356,0.9858300422612324,0.9961709527411532,0.9967290689786978,True,1.029801827896214,0.9858300422612324,0.9957778353365203,True
0.23750000000000002,2823937,0.9784571769910523,1.0283897271312352,0.985836286448348,0.9961026291207291,0.9966753390183412,True,1.0301304708716545,0.985836286448348,0.9957198747491142,True
0.23800000000000002,2823323,0.9782444340344381,1.028603843647015,0.9830178468145166,0.99585514471176,0.9965766114439982,True,1.0303630878453494,0.9830178468145166,0.9954426733306223,True
0.23850000000000002,2822769,0.9780524802918251,1.0287578709621015,0.983726122198982,0.9957131108935252,0.9965122513971991,True,1.030490711204932,0.983726122198982,0.9952489653774474,True
0.23900000000000002,2822202,0.977856022219512,1.0290609056810047,0.9844307745261641,0.9957731296269067,0.9964571064225081,True,1.0308016873265105,0.9844307745261641,0.995295273173356,True
0.23950000000000002,2821569,0.9776366960117971,1.0291452043212788,0.9844307745261641,0.995472710421098,0.9963603210840454,True,1.0308955113553513,0.9844307745261641,0.9949614740557906,True
0.24,2820956,0.9774242995420829,1.029568257524743,0.9858148612664456,0.9956158296624569,0.9962672095583658,True,1.0313663806698752,0.9858148612664456,0.9951204954350783,True
0.2405,2820329,0.9772070522557683,1.0296689434409356,0.9865169309511045,0.9955057887564841,0.9961516905309515,True,1.0315602909055819,0.9865169309511045,0.9950775455451502,True
0.241,2819731,0.9769998530895544,1.0299680359122536,0.9864977712207531,0.9954378662762627,0.9960562417323545,True,1.0318878906577218,0.9864977712207531,0.9949988730265351,True
0.2415,2819120,0.9767881495936401,1.0303891438920978,0.9871960187732395,0.995415229686931,0.995964403846359,True,1.0324187551595971,0.9871960187732395,0.9950356294586401,True
0.242,2818518,0.9765795644798262,1.0304522393820237,0.9857813682584521,0.9951388436483694,0.995871822650277,True,1.0325009084256553,0.9857813682584521,0.9947438448552821,True
0.2425,2817918,0.9763716723398121,1.0306653751705022,0.985029736092665,0.995110094684312,0.9958153922763949,True,1.0327239451894543,0.985029736092665,0.9947014236929638,True
0.243,2817346,0.9761734818329989,1.0312134169987512,0.9850105834729305,0.9952113956207235,0.9957314972734079,True,1.033312119138144,0.9850105834729305,0.9947960232127264,True
0.2435,2816716,0.9759551950859842,1.0318101195248472,0.9871296484751333,0.9953663382022523,0.9956415150989412,True,1.0339949086534788,0.9871296484751333,0.9949912353964232,True
0.244,2816089,0.9757379477996696,1.0321617182485638,0.9878406352325059,0.9954046669978018,0.9955475751313284,True,1.0344027096863553,0.9878406352325059,0.9950495611475545,True
0.2445,2815454,0.9755179286181548,1.0322804311332499,0.9871375866094853,0.9951729310019367,0.9954953987587917,True,1.0345071796240397,0.9871375866094853,0.9947719221731544,True
0.245,2814759,0.9752771202226386,1.0326334078250263,0.9871329702203372,0.9951476809572117,0.9954323170993262,True,1.0349165380412777,0.9871329702203372,0.994759604768425,True
0.2455,2814056,0.9750335399319222,1.032990042562464,0.9871459004458173,0.9951355224803841,0.9953187810672395,True,1.0353429632440987,0.9871459004458173,0.9947776282301073,True
0.246,2813412,0.9748104023683073,1.0330864409434009,0.9878992575441816,0.99501773540964,0.9951849864586343,True,1.0354598117777156,0.9878992575441816,0.9946625113552986,True
0.2465,2812715,0.9745689009989911,1.0332028822437191,0.9878946256678017,0.9948435193893118,0.9950841029658387,True,1.035653167813916,0.9878946256678017,0.9945302997170725,True
0.247,2812058,0.9743412591056757,1.0332316712187377,0.9871442604177967,0.9945946352331253,0.9949846953710233,True,1.0357013612170622,0.9871442604177967,0.9942745621848719,True
0.2475,2811366,0.9741014901708597,1.0335778747495332,0.9878706488080363,0.9946290438969168,0.9948735390053907,True,1.036064835186528,0.9878706488080363,0.9942948015487845,True
0.248,2810683,0.9738648396181437,1.0337289757838908,0.9857539749200561,0.9944794677758064,0.9948000452570838,True,1.0362331305628747,0.9857539749200561,0.9941286058586619,True
0.2485,2809977,0.9736202198667273,1.0337456764379127,0.9857670936330274,0.9942896572817373,0.9946760580842099,True,1.0362266742235138,0.9857670936330274,0.9938973267150936,True
0.249,2809310,0.9733891131044118,1.0343228630718344,0.987884444627663,0.9944300618950365,0.9946113265576443,True,1.036855229997559,0.987884444627663,0.9940428542282209,True
0.2495,2808708,0.9731805279905977,1.0349509478534413,0.9893286520606709,0.9945782800666526,0.9945564524057159,True,1.0375490923472805,0.9893286520606709,0.9942053218797233,True
0.25,2808036,0.9729476887937821,1.035239567076686,0.9879175361353506,0.9944685961304355,0.994485474666222,True,1.0378328636519492,0.9879175361353506,0.99405559874219,True
0.2505,2807317,0.9726985647126654,1.0350636674527975,0.9858226114216553,0.9939876555857493,0.9943508380018218,True,1.0376555993072814,0.9858226114216553,0.993539176424886,True
0.251,2806647,0.9724664184896498,1.0353666859337778,0.985805388943141,0.9939326620472764,0.9942813201897532,True,1.0379900821935766,0.985805388943141,0.9934755932594214,True
0.2515,2805922,0.9722152154871329,1.0353620685786102,0.9836569195589416,0.9935039514798676,0.9941949005672994,True,1.0379879223087671,0.9836569195589416,0.9930072517422425,True
0.252,2805224,0.9719733676309166,1.0361212511950288,0.9836265675431295,0.9936303840298171,0.9941212052907363,True,1.0388370469317958,0.9836265675431295,0.9931532931243462,True
0.2525,2804528,0.9717322127485004,1.0367284467997941,0.9822199631631787,0.9935895841752096,0.9940505415888642,True,1.0394658674938095,0.9822199631631787,0.9930721244180728,True
0.253,2803760,0.9714661108092825,1.0372293643129857,0.9829052962152982,0.9934703843276104,0.9939396681786987,True,1.0400426363097033,0.9829052962152982,0.9929576362086429,True
0.2535,2803044,0.9712180261888659,1.037390786559297,0.9821997382526382,0.9933388077051326,0.9938122794423262,True,1.0402025316988095,0.9821997382526382,0.9927980628483682,True
0.254,2802296,0.9709588539876485,1.0373028240390436,0.9807886223273179,0.9929353392011064,0.9936803953660117,True,1.0401045311227317,0.9807886223273179,0.9923497645105613,True
0.2545,2801602,0.9707183920790323,1.0374748584026579,0.9807494346426339,0.9928666506989616,0.9935559449482332,True,1.0402741122665582,0.9807494346426339,0.9922555443782487,True
0.255,2800862,0.9704619917730151,1.0379830377937769,0.9821887416007007,0.9929069042645139,0.9934462537320352,True,1.0408611413823003,0.9821887416007007,0.9923235589638555,True
0.2555,2800099,0.9701976222682973,1.0378348836744031,0.9807834426182277,0.9925766321717218,0.9933324301630584,True,1.0407015864561644,0.9807834426182277,0.9919638490920727,True
0.256,2799341,0.9699349851980796,1.0379629216665567,0.9800784882228631,0.9922781202939248,0.9932175461338296,True,1.0408266219052353,0.9800784882228631,0.9916190611420921,True
0.2565,2798610,0.9696817032741626,1.0378434206614693,0.9793729302602031,0.9919991866700071,0.9930777295374967,True,1.0406711796660146,0.9793729302602031,0.9912910709129226,True
0.257,2797872,0.9694259959419455,1.0380834001650774,0.9786883328101956,0.9918381171813888,0.9929349132227582,True,1.040976003511337,0.9786883328101956,0.9911480169458186,True
0.2575,2797072,0.9691488064219268,1.03812261522068,0.9786833168966123,0.9914901736386745,0.9927778414879912,True,1.0410252153915762,0.9786833168966123,0.9907686719902787,True
0.258,2796269,0.9688705774412081,1.0385514264565416,0.978699302047725,0.9915212314827799,0.9926796562695706,True,1.0414553611611768,0.978699302047725,0.9907646092202008,True
0.2585,2795533,0.968615563082791,1.0391412098147983,0.9793727535643751,0.9915145953262614,0.9925571111906,True,1.0421278205921507,0.9793727535643751,0.9907751898189358,True
0.259,2794752,0.9683449568138728,1.039109264816056,0.9772560796763948,0.9911816770617602,0.9923944824876952,True,1.0420898780925896,0.9772560796763948,0.9904086216070022,True
0.2595,2793946,0.968065688372454,1.0394108622549947,0.9779604975865891,0.9910531324486616,0.9922932559236726,True,1.042473153580864,0.9779604975865891,0.9903128041740688,True
0.26,2793246,0.9678231475424377,1.0400601414396866,0.9793591586098528,0.9911925233304937,0.9921490124370775,True,1.04323428137522,0.9793591586098528,0.990503595063021,True
0.2605,2792443,0.967544918561719,1.0408671632524875,0.9800580831666599,0.9913181836558532,0.9920739774498253,True,1.0441114484521923,0.9800580831666599,0.9906252251503275,True
0.261,2791666,0.9672756982404009,1.0410681652351261,0.9807688212772389,0.9913025938502402,0.9919564021111505,True,1.0442952979085065,0.9807688212772389,0.9905779260370333,True
0.2615,2790894,0.967008210353583,1.041237925082045,0.980089153504533,0.9911763900023811,0.9918425357776306,True,1.0444587737860456,0.980089153504533,0.9904197281134243,True
0.262,2790055,0.9667175078444634,1.0416255222902302,0.9807923368653959,0.9910917856095596,0.9916851887249796,True,1.0449339109255973,0.9807923368653959,0.9903669110193655,True
0.2625,2789210,0.9664247264139437,1.0424572078317411,0.9829108342754608,0.991366082309985,0.9916461430428622,True,1.0458386772622852,0.9829108342754608,0.9906537148090864,True
0.263,2788425,0.9661527341974254,1.0425242564118449,0.9822019486495981,0.9911793557056242,0.9915275521015725,True,1.0458990122973388,0.9822019486495981,0.9904357993631413,True
0.2635,2787568,0.9658557949241056,1.0429358168063898,0.9826693782455178,0.9911935775245148,0.9914332292022157,True,1.0463320563168315,0.9826693782455178,0.9904336646116148,True
0.264,2786756,0.9655744475612866,1.0433887752796764,0.9816081665120747,0.9911327044266602,0.9913456694453576,True,1.0468013596941874,0.9816081665120747,0.9903429198442828,True
0.2645,2785939,0.9652913677639676,1.0431956574508647,0.9804972888593193,0.9907231853570654,0.9911237966123926,True,1.046611428292616,0.9804972888593193,0.9899138947048962,True
0.265,2785105,0.9650023976893481,1.0436487263650924,0.9808682040818739,0.9906754030945789,0.990976355404011,True,1.0470685845262104,0.9808682040818739,0.9898222319716723,True
0.2655,2784330,0.9647338703418301,1.0435488827628592,0.9797573264291185,0.9902427501255356,0.9908117224792867,True,1.0469405279391366,0.9797573264291185,0.9893308068367406,True
0.266,2783527,0.9644556413611114,1.0438311355964083,0.979154482418811,0.9900716240747045,0.9906438235449241,True,1.0472682308759287,0.979154482418811,0.9891564261414606,True
0.2665,2782744,0.9641843421183932,1.0435377339288745,0.9785516384085038,0.9896040928099694,0.9904846618774839,True,1.0469288463403743,0.9785516384085038,0.9886270310497386,True
0.267,2781890,0.9638884423057733,1.0440976490633396,0.9777549210515003,0.9896315474040194,0.9903766481582583,True,1.0475658500472667,0.9777549210515003,0.9886731075388704,True
0.2675,2781103,0.963615757115455,1.0443489018783194,0.9777543543185218,0.9894639118258235,0.9902323747116342,True,1.0478236293949597,0.9777543543185218,0.9884688875815856,True
0.268,2780292,0.9633347562395361,1.0445522034078112,0.9773623317066059,0.9892971721086393,0.990091568653522,True,1.0479898628314108,0.9773623317066059,0.9882378108633798,True
0.2685,2779443,0.9630405888614163,1.0441681480239264,0.9745607555096288,0.9887976238828922,0.9899495242938693,True,1.0475360604796882,0.9745607555096288,0.9876648785718791,True
0.269,2778631,0.9627592414985974,1.0445109675216933,0.974922438536917,0.9887163635670735,0.989813528455102,True,1.047914730234154,0.974922438536917,0.9875745870168787,True
0.2695,2777819,0.9624778941357786,1.0444197176561196,0.9739627813967223,0.9883236016496383,0.9896370609291896,True,1.0477906612438104,0.9739627813967223,0.9871201923738782,True
0.27,2776978,0.9621864986528589,1.044905092585612,0.9734073425703447,0.9882992411017788,0.9895343343946481,True,1.048350562876709,0.9734073425703447,0.9871110811641591,True
0.2705,2776196,0.9619155458970408,1.0448143762036723,0.9728519037439669,0.9879775785131948,0.9894072694244328,True,1.0482046715707356,0.9728519037439669,0.9867176551347016,True
0.271,2775343,0.9616199925713209,1.0450218443326482,0.9728514925505444,0.9878711280713924,0.9892703349388813,True,1.0484489343034535,0.9728514925505444,0.9866150785706647,True
0.2715,2774426,0.9613022640839995,1.0453424025278568,0.972851050094151,0.9876991488869195,0.9890828393018385,True,1.0487492691404758,0.972851050094151,0.9863781239861495,True
0.272,2773515,0.9609866145180783,1.045459667241255,0.9723452199538632,0.9874921996661957,0.9889164511155487,True,1.0488957503883911,0.9723452199538632,0.9861636576654974,True
0.2725,2772630,0.9606799736115577,1.0452903149131583,0.9709800212242146,0.9870822670417791,0.9887522637898184,True,1.0487094275021436,0.9709800212242146,0.9857129559740587,True
0.273,2771750,0.9603750651395372,1.0454343425660229,0.9702799452231826,0.9869575865434556,0.9886035542466335,True,1.0488520284721212,0.9702799452231826,0.9855639438027417,True
0.2735,2770914,0.9600854020911177,1.0460541310497695,0.9712839483804361,0.9870230898745553,0.9885083920132803,True,1.04954295641037,0.9712839483804361,0.9856367252817415,True
0.274,2770026,0.9597777217238971,1.0462847043539576,0.9709975918453637,0.9867291125963529,0.9883461300244727,True,1.0498354024669327,0.9709975918453637,0.9853437781277175,True
0.2745,2769188,0.9594873657016776,1.0469919147441116,0.9712849514233739,0.9868662479483884,0.9882613740435648,True,1.0505569349664872,0.9712849514233739,0.985442381107045,True
0.275,2768344,0.959194930758058,1.0479327856182723,0.9712849514233739,0.9870531196243537,0.9881521229057625,True,1.051583539550756,0.9712849514233739,0.9856320237969268,True
0.2755,2767501,0.9589028423013383,1.0482799283659556,0.9712844792025424,0.9869682304484059,0.9880440497189927,True,1.051935823987245,0.9712844792025424,0.9855097945432516,True
0.276,2766615,0.9585958549079177,1.0484607823264767,0.9709278777154805,0.9867379592257178,0.9879022078754017,True,1.0521906278127844,0.9709278777154805,0.9853077696507159,True
0.2765,2765741,0.9582930253572973,1.0489677725660265,0.9714712246446602,0.9866980669243913,0.9877933171809432,True,1.0527569749622243,0.9714712246446602,0.9852710153467306,True
0.277,2764870,0.9579912352673771,1.0496880672931335,0.9696214533622625,0.9866916076382382,0.987684982767326,True,1.0535600304699981,0.9696214533622625,0.9852689343647297,True
0.2775,2763988,0.9576856338215565,1.0501308515820875,0.9696265956854302,0.986632292301951,0.9875611031450814,True,1.054066925283776,0.9696265956854302,0.9852187533376655,True
0.278,2763082,0.9573717166901354,1.050282335408848,0.969385788814083,0.986308351548935,0.9873868908321062,True,1.05422693907902,0.969385788814083,0.9848556359846656,True
0.2785,2762185,0.9570609179408145,1.0505292781905484,0.9682749111613276,0.9861492875294771,0.987190066703879,True,1.0544728803247512,0.9682749111613276,0.9846609135493447,True
0.279,2761251,0.9567372991761928,1.0506015666301558,0.9664454316887374,0.9858543721763894,0.9869993772700683,True,1.054572242642735,0.9664454316887374,0.9843510211310844,True
0.2795,2760338,0.9564209566364715,1.0508514777653628,0.9648287405115614,0.9856556754891855,0.9868058327391039,True,1.0548406500864285,0.9648287405115614,0.984127586824959,True
0.28,2759427,0.9561053070705503,1.0514917054028625,0.9642733016851837,0.9856660005576316,0.9866237854938134,True,1.0555643822496141,0.9642733016851837,0.9841548161814377,True
0.2805,2758458,0.9557695612644277,1.0516667540268883,0.963720080358271,0.9854324982508752,0.9864707643625922,True,1.0557227505659863,0.963720080358271,0.9838670631569515,True
0.281,2757566,0.9554604949496069,1.0518296851619682,0.9631172363479638,0.9852626892216593,0.9863160919297701,True,1.0559468726272423,0.9631172363479638,0.983721813736288,True
0.28150000000000003,2756622,0.955133411315985,1.0515098860094223,0.9615005399326564,0.9846197861293982,0.9861280963497667,True,1.0556001620897966,0.9615005399326564,0.9830207228503893,True
0.28200000000000003,2755634,0.954791082258762,1.0513068417173859,0.960389662279901,0.9841496005046444,0.9859645657448635,True,1.055355425766371,0.960389662279901,0.9824861580116091,True
0.28250000000000003,2754702,0.9544681564679403,1.051767328761659,0.9603856998666602,0.9840791578536908,0.9857768803449675,True,1.0558799938584638,0.9603856998666602,0.982423385546038,True
0.28300000000000003,2753760,0.9541417658081184,1.052041983281985,0.9603931590429731,0.9838947347946206,0.9855945962931983,True,1.0562074201487177,0.9603931590429731,0.9822417002565262,True
0.28350000000000003,2752797,0.9538080989233959,1.0520380160411786,0.9586110847543124,0.9835115188535157,0.9854313792726508,True,1.0561770078015442,0.9586110847543124,0.9817979566576085,True
0.28400000000000003,2751849,0.9534796293421738,1.0525753275378036,0.9599024092248982,0.983328221227357,0.985268226346448,True,1.056784046806001,0.9599024092248982,0.9816068238132645,True
0.28450000000000003,2750958,0.9531709095142531,1.052806691028428,0.9602182910065115,0.9830823109077089,0.9850600853125393,True,1.0570349188208417,0.9602182910065115,0.9813334200842427,True
0.28500000000000003,2749987,0.9528344707343305,1.0529900013243305,0.9593560075187897,0.9828506006883014,0.9848323798058558,True,1.0572358621214182,0.9593560075187897,0.9810759277871818,True
0.28550000000000003,2748928,0.9524675411072058,1.0532175917474749,0.9597145443915095,0.982557766950223,0.9845958690192649,True,1.0575254424318794,0.9597145443915095,0.9807842512332954,True
0.28600000000000003,2747976,0.9521376855783836,1.0534272737873038,0.9594737982187923,0.9823018668255431,0.9844368156875508,True,1.0577559374701664,0.9594737982187923,0.9804999738061291,True
0.28650000000000003,2746969,0.9517887732700602,1.0533987885094533,0.9591670334856841,0.981915268724517,0.9842406297880184,True,1.0577462030730325,0.9591670334856841,0.9800963803572242,True
0.28700000000000003,2745978,0.9514454047521371,1.0539298334952616,0.9591544889704958,0.9818741026931141,0.9840951307782936,True,1.0583352186998125,0.9591544889704958,0.9800506617715973,True
0.28750000000000003,2744967,0.9510951064962135,1.0542021668211203,0.9596629827325968,0.9816237479816717,0.9839469073547129,True,1.0586959475239528,0.9596629827325968,0.9798294131348393,True
0.28800000000000003,2743956,0.9507448082402901,1.054346303032186,0.9585467549991447,0.98132863356877,0.983743004090975,True,1.0588883389860422,0.9585467549991447,0.9795349976202655,True
0.2885,2742901,0.9503792645607655,1.0542025962512163,0.9574358773463892,0.9808989842207525,0.9835093580149946,True,1.0587375628683113,0.9574358773463892,0.9790732746690699,True
0.289,2741931,0.9500431722677429,1.054657253802134,0.9573758680364448,0.9809029246066986,0.9833908260128997,True,1.059209894115908,0.9573758680364448,0.9790498027395357,True
0.2895,2740951,0.9497036151057201,1.0549750334124093,0.9571224608966209,0.9805695807011151,0.9832363286601001,True,1.0595236845011837,0.9571224608966209,0.9786509267229335,True
0.29,2739967,0.9493626719960971,1.0550999122773381,0.9564038590767862,0.9802417827925357,0.9830507224239188,True,1.0596828155905442,0.9564038590767862,0.9783104729342862,True
0.2905,2738918,0.9489992072379727,1.0554236798296621,0.9558487251539036,0.9799305364804706,0.9828801557772601,True,1.0600441260385982,0.9558487251539036,0.9779646436986587,True
0.291,2737913,0.9486509879034494,1.055921545620356,0.9562196175078067,0.9799399962703239,0.9827445969372133,True,1.0605609488071202,0.9562196175078067,0.9779471378436821,True
0.2915,2736908,0.9483027685689259,1.0559421861049287,0.9560909082516378,0.9796777653533313,0.982573749563931,True,1.060581000078107,0.9560909082516378,0.9776558523948968,True
0.292,2735857,0.9479386108370015,1.056524042278695,0.9566416155429716,0.9796264023139389,0.9824298419519504,True,1.0612350062213667,0.9566416155429716,0.9776036323882167,True
0.2925,2734858,0.9475924704238782,1.0565123238591143,0.9561982729227607,0.9792925685401977,0.982242407018128,True,1.0611980523757252,0.9561982729227607,0.977219348369975,True
0.293,2733766,0.9472141067290528,1.056603058446671,0.9547655807022802,0.9789460070144427,0.9820413918639149,True,1.061397885681886,0.9547655807022802,0.9769269533527374,True
0.2935,2732664,0.9468322781652271,1.0568675975010289,0.9547421937969873,0.9787425488343173,0.9818120344692483,True,1.061642564880408,0.9547421937969873,0.9766643848270904,True
0.294,2731573,0.9464542609573017,1.0575273639027507,0.9554599190313368,0.9787274906921027,0.9816347945247084,True,1.0623681904674676,0.9554599190313368,0.9766474954047606,True
0.2945,2730518,0.9460887172777772,1.0575263713981704,0.9540458281686511,0.9781151806773813,0.9814111382949161,True,1.062410195171489,0.9540458281686511,0.9760080779218965,True
0.295,2729461,0.9457224806244525,1.057954543501572,0.9530957321983358,0.9779663900210703,0.9812576675098863,True,1.0629013516220585,0.9530957321983358,0.9758584569874978,True
0.2955,2728388,0.9453507001807275,1.0590845004480969,0.9554074709188036,0.978169587184093,0.9810817040645944,True,1.064129732510345,0.9554074709188036,0.9760616885185658,True
0.296,2727322,0.9449813451453027,1.0596356301054084,0.9548004196279074,0.9779948792447328,0.9808597144122811,True,1.064749494623401,0.9548004196279074,0.9758750591447425,True
0.2965,2726244,0.9446078322670777,1.060153299614282,0.9551657866723571,0.9778718330156131,0.9807344778629231,True,1.065326021571478,0.9551657866723571,0.9757455828018762,True
0.297,2725127,0.9442208063997516,1.0599862472372317,0.9541045515176348,0.9773587801572123,0.9804849575919878,True,1.0650996472133565,0.9541045515176348,0.9751468205093341,True
0.2975,2724037,0.9438431356787262,1.060325162230282,0.9541045515176348,0.9771975403930678,0.9802220589674854,True,1.0655195013103693,0.9541045515176348,0.9750116059137254,True
0.298,2722913,0.9434536844031001,1.0601285088726335,0.9541045515176348,0.9766640076730676,0.9799166159140151,True,1.065365523439227,0.9541045515176348,0.9744801534980864,True
0.2985,2721818,0.9430742812475746,1.0606373976967662,0.9534333548817298,0.9766286536874624,0.979738435172274,True,1.0658618797718,0.9534333548817298,0.9743925176900596,True
0.299,2720729,0.9426969570134492,1.0609956925796638,0.9523192060551174,0.976328353223512,0.9795497956483263,True,1.0662822692615812,0.9523192060551174,0.9740816422459676,True
0.2995,2719593,0.9423033478950228,1.0615737559376135,0.952313559890646,0.9761926880163829,0.9793925514395667,True,1.0669363104379397,0.952313559890646,0.9739440422362602,True
0.3,2718457,0.9419097387765963,1.0617731937012065,0.9512026822378906,0.9759635703257363,0.9791810742684304,True,1.0670702397594196,0.9512026822378906,0.9736274989311445,True
0.3005,2717347,0.9415251383175705,1.0621711051878562,0.9506480527053889,0.9757695101196451,0.9790241047465879,True,1.067503405694057,0.9506480527053889,0.9734114616405167,True
0.301,2716274,0.9411533578738455,1.062379947919952,0.9503480303916404,0.9755264314079677,0.97887946571221,True,1.0677426673970938,0.9503480303916404,0.9731569866998685,True
0.3015,2715158,0.9407666784934196,1.0628977129003974,0.9509042854129882,0.9755074338582821,0.9786265780336164,True,1.0682747636344705,0.9509042854129882,0.9731079422763196,True
0.302,2714029,0.9403754947832932,1.0632861273657201,0.951264110404854,0.975269434639897,0.9783821205048063,True,1.0687717409066717,0.951264110404854,0.9729077376687157,True
0.3025,2712904,0.9399856970207671,1.0635718623698807,0.950714574144894,0.9748415104093906,0.9781173468128048,True,1.069196818014599,0.950714574144894,0.9725376278571668,True
0.303,2711739,0.9395820397822399,1.0639041746302658,0.9507141032779407,0.9744230449614573,0.9779000440795688,True,1.069613001815354,0.9507141032779407,0.9721216457373364,True
0.3035,2710590,0.9391839263341132,1.0639842098063723,0.9506849893600363,0.9740216225580781,0.9776174598853569,True,1.0697642460547385,0.9506849893600363,0.9717430491065502,True
0.304,2709453,0.9387899707287867,1.0643445545408563,0.949993778646875,0.9738424691054893,0.9774002037004893,True,1.0700950052320102,0.949993778646875,0.9714876261573205,True
0.3045,2708259,0.9383762653701588,1.064915784684625,0.9499716796339583,0.9737748910438746,0.9771987816655612,True,1.0707691630101808,0.9499716796339583,0.971455927802844,True
0.305,2707064,0.937962213524631,1.065009081441505,0.9492661216712983,0.9734315541592707,0.9768902783801333,True,1.0708797179873042,0.9492661216712983,0.9710902311203581,True
0.3055,2705851,0.9375419249149028,1.0653915818912465,0.9492683759351783,0.9731606174317408,0.9766724875838658,True,1.0712381173773722,0.9492683759351783,0.970743514778904,True
0.306,2704636,0.9371209433313745,1.0656321688399115,0.9471431038050333,0.9727796066690283,0.9764986243450692,True,1.071518146369921,0.9471431038050333,0.9703409826516941,True
0.3065,2703401,0.9366930320098458,1.0663482446504504,0.947850671831729,0.9727573128190331,0.9763271796796847,True,1.072305190033404,0.947850671831729,0.9703165040153409,True
0.307,2702241,0.9362911072058188,1.066532458637642,0.947855488207361,0.972489711269319,0.9761138123322854,True,1.0725007259964912,0.947855488207361,0.9700222919022051,True
0.3075,2701081,0.9358891824017918,1.0669235522456195,0.9470837288174131,0.972248019641694,0.9759162254141198,True,1.0729052623380249,0.9470837288174131,0.9697335879747428,True
0.308,2699796,0.9354439467352619,1.0670154888940742,0.9459728511646577,0.9718308191789209,0.9756388269589177,True,1.0730031012305,0.9459728511646577,0.9692745960205104,True
0.3085,2698634,0.9350413289574347,1.0672071933580238,0.9454671162381753,0.9716118170267096,0.9754189761954872,True,1.0731951242771312,0.9454671162381753,0.9690206620247491,True
0.309,2697405,0.9346154965573061,1.0679588541190157,0.9448614929593607,0.9713698847780303,0.9752002719639552,True,1.0740874701864933,0.9448614929593607,0.9688089430579954,True
0.3095,2696148,0.934179962523977,1.0682770952248235,0.9437560974289567,0.9710331972689895,0.9749433374313675,True,1.0744460209046653,0.9437560974289567,0.9684494726561331,True
0.31,2694942,0.9337620993225488,1.0686361731203688,0.9429210626543528,0.9707420142821357,0.974687382030433,True,1.074800029096337,0.9429210626543528,0.9680945976888702,True
0.3105,2693719,0.9333383458438204,1.0689301490087426,0.9429210626543528,0.9704971004692041,0.974490559594789,True,1.0751129985006946,0.9429210626543528,0.9678183640604012,True
0.311,2692419,0.93288791287379,1.0692354993830013,0.9427154093805419,0.9700973206551847,0.9742539018928258,True,1.0755709999016585,0.9427154093805419,0.9674944139027097,True
0.3115,2691126,0.93243990531206,1.069244612638776,0.938687872077631,0.9695974466176374,0.9739920505142502,True,1.0756471727758148,0.938687872077631,0.9670037298000859,True
0.312,2689846,0.9319964020800302,1.0699905083971775,0.9387217274655807,0.9694948382042599,0.9738025015017114,True,1.07652174425306,0.9387217274655807,0.9669410457187659,True
0.3125,2688610,0.9315681442716014,1.0706127755092285,0.9387324047856986,0.9693891219884068,0.973652656623881,True,1.077151332916775,0.9387324047856986,0.9667777599513292,True
0.313,2687384,0.9311433513321729,1.0705505927463026,0.9359724445769146,0.9689105180508697,0.973439918425185,True,1.0771517532377286,0.9359724445769146,0.9663127371649289,True
0.3135,2686130,0.9307088567595436,1.0709617316572417,0.9352841744411335,0.9687411473259591,0.9732183899495623,True,1.077561954551505,0.9352841744411335,0.9660936639070477,True
0.314,2684931,0.9302934189664157,1.0714844538825146,0.9338666514544229,0.9685756660658811,0.9730213247836123,True,1.0780825641631928,0.9338666514544229,0.9658681180702495,True
0.3145,2683658,0.9298523411426861,1.0720217976996762,0.9360132688010283,0.9684754245707353,0.9727890304029626,True,1.0786809506207318,0.9360132688010283,0.96576166353263,True
0.315,2682355,0.9294008687119557,1.0725967425773002,0.936720513685995,0.968429548777285,0.9725113490475005,True,1.07928023320467,0.936720513685995,0.9656905043664401,True
0.3155,2681069,0.9289552865585258,1.0729741939230921,0.9374405636220949,0.9683065551807074,0.9722637890571304,True,1.0796217875967014,0.9374405636220949,0.9655049871736701,True
0.316,2679777,0.9285076254836957,1.0732404291196869,0.9367541460130558,0.968083825567011,0.9719664554591915,True,1.0799879492009945,0.9367541460130558,0.9653271359441106,True
0.3165,2678479,0.9280578854874655,1.0730645055092694,0.9353234362453936,0.9674954471388852,0.9716720048815715,True,1.079812106016401,0.9353234362453936,0.9647007531460274,True
0.317,2677158,0.9276001762925348,1.0729186601588492,0.9325138683954886,0.9669878542568086,0.9714307685827792,True,1.0796841850689172,0.9325138683954886,0.9641784914799802,True
0.3175,2675814,0.9271344978989035,1.0730501304490787,0.9318043742869189,0.9665826084751578,0.97110783528728,True,1.0798569199856294,0.9318043742869189,0.9637618099308908,True
0.318,2674476,0.9266708984266723,1.0734440618762868,0.9318043742869189,0.9664038811139403,0.9708145597473952,True,1.080446682215062,0.9318043742869189,0.9637040279916486,True
0.3185,2673161,0.9262152681531417,1.073921995701547,0.9296681065565965,0.9660273589525156,0.9705803104420426,True,1.0810689264433047,0.9296681065565965,0.9633735559730899,True
0.319,2671782,0.9257374627180096,1.0740271313641312,0.9303566770445497,0.9657435310027939,0.9703208203562214,True,1.0811897405300743,0.9303566770445497,0.9630810266390637,True
0.3195,2670426,0.925267626481578,1.074304338566743,0.930375730683032,0.9654264754621472,0.9700305838875554,True,1.0814311311730196,0.930375730683032,0.9626780930673071,True
0.32,2669116,0.9248137286425475,1.0744109442410066,0.9289429149190459,0.9651033072174015,0.9697538410144165,True,1.0815144552995435,0.9289429149190459,0.9622989306015097,True
0.3205,2667770,0.9243473572751162,1.0749104126963531,0.9296315029526452,0.9649425777103973,0.9694807410227376,True,1.0820346700631895,0.9296315029526452,0.962102504156605,True
0.321,2666409,0.9238757886041844,1.075470918666192,0.9296300946228946,0.9647715609107916,0.9692373926285529,True,1.0826867120723187,0.9296300946228946,0.9619425910052823,True
0.3215,2665017,0.9233934788393521,1.0757506283378264,0.9289214844088782,0.9644163772938159,0.9690129892519125,True,1.0831181760117419,0.9289214844088782,0.961674705602924,True
0.322,2663697,0.9229361161313213,1.0755725094393214,0.9268058723322192,0.9638268752991588,0.9686972462566358,True,1.082900190738934,0.9268058723322192,0.9610147930601344,True
0.3225,2662301,0.9224524204188888,1.0759781736990786,0.9260834084138514,0.9633981490257749,0.9684367751756326,True,1.0832967217015292,0.9260834084138514,0.9605106447000595,True
0.323,2660911,0.9219708036278564,1.0762255988631542,0.9260763786557561,0.9630197759417383,0.9681932139153147,True,1.083580962505948,0.9260763786557561,0.9601110942866973,True
0.3235,2659461,0.9214683976228226,1.076279561986142,0.9260802437765698,0.9626391785530346,0.9678836348864077,True,1.0836778257707211,0.9260802437765698,0.9597370359069143,True
0.324,2658020,0.9209691099998891,1.0758362558435461,0.9225884365589978,0.9618326818483911,0.9675863790565123,True,1.0831610207089453,0.9225884365589978,0.958842745855037,True
0.3245,2656642,0.9204916510516571,1.0759305763085458,0.9211782025922961,0.961358594000109,0.9672821726524196,True,1.0832657187675814,0.9211782025922961,0.9583233790581597,True
0.325,2655200,0.9199920169418234,1.0766937617404981,0.9211782025922961,0.9612684397244214,0.9670290531113955,True,1.0840249720516892,0.9211782025922961,0.9581638628763862,True
0.3255,2653752,0.9194903039105897,1.0768238897350841,0.9183559707416558,0.9608349407248769,0.9667233208811171,True,1.084180433104187,0.9183559707416558,0.9577147321057455,True
0.326,2652213,0.9189570605714539,1.0773329783933168,0.9190576314013548,0.9607033730976419,0.9664330554999473,True,1.084863255008239,0.9190576314013548,0.9576867809446503,True
0.3265,2650767,0.9184560405140203,1.0774994494914554,0.9169626749783591,0.9601197586788895,0.9661768726947918,True,1.085159069315946,0.9169626749783591,0.9571512285972469,True
0.327,2649337,0.9179605642469869,1.078149057931759,0.9190679008144744,0.9601282354313122,0.9658333807577263,True,1.085804722813967,0.9190679008144744,0.9571098584937848,True
0.3275,2647820,0.9174349436196516,1.0781371648765687,0.9162456689638341,0.959537573358088,0.965520674592189,True,1.0859497459805767,0.9162456689638341,0.9566078544502779,True
0.328,2646288,0.916904125688816,1.0782679438684977,0.9134230856158833,0.9590123792260652,0.9651960753722361,True,1.086046589999824,0.9134230856158833,0.9560035212007377,True
0.3285,2644786,0.916383702364981,1.0788123558980984,0.9120281601006515,0.9588226058583691,0.9649462374027526,True,1.0865922807458286,0.9120281601006515,0.9557590085723516,True
0.329,2643174,0.9158251654821434,1.0800109608461914,0.9120107184908405,0.9588894650270745,0.9647521443137623,True,1.0877247213652737,0.9120107184908405,0.9556842676722851,True
0.3295,2641630,0.9152901897085075,1.0800461639455925,0.910560050429857,0.9583687952956224,0.9643967772866407,True,1.0878934265387055,0.910560050429857,0.9552335823118232,True
0.33,2640123,0.9147680339501724,1.0805142325002721,0.9126683995858653,0.958238889317018,0.9640875874535911,True,1.088341865574817,0.9126683995858653,0.9550533512249729,True
0.3305,2638535,0.9142178127529355,1.080819236571365,0.910574059113982,0.9579319546777928,0.9637951100306676,True,1.088633223860346,0.910574059113982,0.9546939371003472,True
0.331,2637023,0.9136939245601002,1.0808471578933267,0.9105472819266105,0.9574051284686748,0.9634575872703218,True,1.0887537933100133,0.9105472819266105,0.9542038194943141,True
0.3315,2635413,0.9131360806510628,1.0813944296440592,0.9120042651372419,0.9572485808871184,0.9630910408975782,True,1.0893313155514792,0.9120042651372419,0.9540134554263111,True
0.332,2633880,0.9126049162333271,1.0817690210725066,0.9113156372815802,0.956953144303827,0.9627846386094808,True,1.0896948637649069,0.9113156372815802,0.9536621475430318,True
0.3325,2632305,0.9120591993657904,1.082065633095755,0.9106132289066282,0.9566097643447395,0.9624711454661348,True,1.0900380987331884,0.9106132289066282,0.9533162291504562,True
0.333,2630695,0.9115013554567529,1.0825204491914635,0.9113427792410089,0.9564421911965258,0.9621873090401272,True,1.0904598118635318,0.9113427792410089,0.9530784244129722,True
0.3335,2629111,0.910952520207116,1.0823831257111713,0.909246761006692,0.9558658809473103,0.9618284953604832,True,1.0903091050215719,0.909246761006692,0.9524608761292015,True
0.334,2627503,0.9103953692718786,1.0831053270657494,0.9092897813668307,0.9555737325059287,0.9615756053795936,True,1.0911215552340452,0.9092897813668307,0.9521594285843007,True
0.3345,2625866,0.9098281702165405,1.0833032182571294,0.9085842234041706,0.9550938585967208,0.9612036275736542,True,1.0913772316285364,0.9085842234041706,0.9516838531185885,True
0.335,2624276,0.9092772560455035,1.0839823774503683,0.9092630733586052,0.9548593334983618,0.9609134164221855,True,1.092119662654586,0.9092630733586052,0.9514342531069517,True
0.3355,2622615,0.9087017413045647,1.084603167599573,0.9092624965630345,0.954506423118137,0.9605981666934178,True,1.0929515650546169,0.9092624965630345,0.9511862721795757,True
0.336,2620971,0.9081321168409264,1.0849096094000965,0.910673657159378,0.9541840716695656,0.9602477968672927,True,1.0931917273175318,0.910673657159378,0.9507801775172354,True
0.3365,2619372,0.9075780842877893,1.0857359766045194,0.9113793073234412,0.9541381142467861,0.9599766046480479,True,1.0939732144789114,0.9113793073234412,0.9506365741280555,True
0.337,2617694,0.9069966792695502,1.086400038743666,0.9120811501539399,0.9539817782969611,0.9596745904048077,True,1.0947308934415454,0.9120811501539399,0.9504949961666586,True
0.3375,2616022,0.9064173531727112,1.0870846229774276,0.9127473029627025,0.9538142364545841,0.9592921084813615,True,1.0955410666810965,0.9127473029627025,0.9503750670964846,True
0.338,2614312,0.9058248605736714,1.0882484633264773,0.9148508287192344,0.9540046565832073,0.9590441564569344,True,1.0967189513321387,0.9148508287192344,0.9505124128724193,True
0.3385,2612572,0.9052219733676309,1.0889159309656269,0.9183383067808473,0.9537629312053031,0.9586975562563482,True,1.0975169409981842,0.9183383067808473,0.9503124445846368,True
0.339,2610905,0.9046443797052921,1.0895235312182214,0.9169074557021584,0.9534823811904068,0.9583929566358945,True,1.0981384801349343,0.9169074557021584,0.9499792991799294,True
0.3395,2609093,0.9040165454424499,1.0896845761082714,0.9154960334902669,0.9529215331575772,0.9580095139903179,True,1.0984550726962317,0.9154960334902669,0.9494991823337889,True
0.34,2607346,0.9034112328281092,1.0903890838050876,0.9161786681549309,0.9527328166704452,0.9577123670890287,True,1.0992526376104175,0.9161786681549309,0.9493331608857221,True
0.3405,2605619,0.902812849951769,1.0912685988511834,0.9189780540611369,0.9526124677570424,0.9574042483076493,True,1.1001786249694978,0.9189780540611369,0.9491739491974877,True
0.341,2603858,0.902202686520828,1.0918736842953713,0.9189948806526851,0.9523048127116546,0.9570416323464999,True,1.1007662920007568,0.9189948806526851,0.9487889076008406,True
0.3415,2602129,0.9016036106706877,1.0928517579905115,0.918304078167655,0.9522948655331334,0.9567520796849747,True,1.101782916355311,0.918304078167655,0.9487347085645774,True
0.342,2600377,0.9009965656218469,1.0927339774737732,0.9171932005148996,0.9515409079945526,0.9563843152945791,True,1.1016229757637264,0.9171932005148996,0.9479107450016068,True
0.3425,2598601,0.9003812048874056,1.0933501674147965,0.9162634894175878,0.951183808325364,0.9560426392025592,True,1.102297001266127,0.9162634894175878,0.947525784021397,True
0.343,2596851,0.8997748528123649,1.094060661950518,0.9165141366330818,0.9509539643833026,0.9556488614234714,True,1.1031511099740048,0.9165141366330818,0.9473433595382112,True
0.3435,2595080,0.8991612245124236,1.0940718968473389,0.9143424568240104,0.9502585562554563,0.9552490640582937,True,1.1031535344916423,0.9143424568240104,0.946588701043853,True
0.34400000000000003,2593237,0.8985226491556807,1.094024428251156,0.9131841739873255,0.9494767188650204,0.9548668922787319,True,1.1030630015404046,0.9131841739873255,0.9457154474319179,True
0.34450000000000003,2591333,0.8978629380980364,1.0944043367485796,0.9140499918439371,0.94898330566835,0.9544807047832361,True,1.1036035288840116,0.9140499918439371,0.9452920960586079,True
0.34500000000000003,2589497,0.8972267881495937,1.094714067348434,0.9128844371382349,0.9485535159611127,0.9540994858724655,True,1.1039018207659668,0.9128844371382349,0.9447967070041563,True
0.34550000000000003,2587638,0.8965826690024503,1.094990342447727,0.9128712745471567,0.9480783310269041,0.9536169132567884,True,1.104276945452961,0.9128712745471567,0.9443679711271,True
0.34600000000000003,2585794,0.8959437471588074,1.0954178623909225,0.9120026042804519,0.9475338021165435,0.9533021140844083,True,1.1047876333102644,0.9120026042804519,0.9438259362583009,True
0.34650000000000003,2583895,0.8952857685356632,1.0961416998887732,0.9113348973898012,0.9471541435536496,0.9529833013681343,True,1.1055523581300977,0.9113348973898012,0.9433877229543067,True
0.34700000000000003,2582015,0.8946343731636194,1.0963484504472654,0.9113559197752188,0.9466638070288985,0.9525550497834743,True,1.1058433362135023,0.9113559197752188,0.9429220162010393,True
0.34750000000000003,2580129,0.8939808988701755,1.0968725794952976,0.9092609633522231,0.9462010339137791,0.9521922690812528,True,1.106472016927025,0.9092609633522231,0.9424822533567918,True
0.34800000000000003,2578140,0.8932917364260292,1.096863705722376,0.9071596743551364,0.9455134719715682,0.9517341981235787,True,1.1065691643322675,0.9071596743551364,0.9418387292413899,True
0.34850000000000003,2576169,0.8926088107460833,1.0973851788226598,0.9078377017885197,0.9451287341392073,0.951313970636074,True,1.1071059942003045,0.9078377017885197,0.9414227695294856,True
0.34900000000000003,2574263,0.8919484067146389,1.0974729323695045,0.9071254268327436,0.9445428453250765,0.9508177994516647,True,1.1072072801708333,0.9071254268327436,0.940805514928543,True
0.34950000000000003,2572265,0.8912561258883924,1.0974502327967453,0.904363204324127,0.9437927604659737,0.9503869679625339,True,1.1072446330832422,0.904363204324127,0.9400568742208814,True
0.35000000000000003,2570331,0.8905860202237473,1.0990499207381266,0.9064758138615993,0.9439063195908366,0.9501156367294774,True,1.1090794707263059,0.9064758138615993,0.9402609912736527,True
0.35050000000000003,2568396,0.8899155680722023,1.0990985768499275,0.902263121739302,0.9432425904505702,0.9497078888573587,True,1.108997585145275,0.902263121739302,0.9394471666475818,True
0.35100000000000003,2566411,0.8892277915756561,1.0997455763544226,0.902263121739302,0.9428407987220517,0.9493367911053079,True,1.1096070704604148,0.902263121739302,0.9389472602404495,True
0.35150000000000003,2564448,0.8885476377909104,1.1000392511442008,0.9008933468075184,0.9422532021581711,0.9489251083788487,True,1.1100381309529623,0.9008933468075184,0.9384182073001052,True
0.352,2562471,0.8878626331895644,1.1011437699462607,0.9002101907954725,0.9419723312551751,0.9486071068522265,True,1.1112852454214524,0.9002101907954725,0.9381539078652453,True
0.3525,2560507,0.8871821329179186,1.1025080989616969,0.9002165377974292,0.9417194661101729,0.9482456571191507,True,1.1128774268564603,0.9002165377974292,0.9379524304494908,True
0.353,2558527,0.8864960888558725,1.1031515100373672,0.9002558306823696,0.9415065594550855,0.9478943890842646,True,1.1135824674568084,0.9002558306823696,0.9377439918854906,True
0.3535,2556518,0.8857999966737258,1.1034406359863198,0.8981601169429468,0.9410236875187342,0.9475036413416692,True,1.1137025552960997,0.8981601169429468,0.9370927668053278,True
0.354,2554552,0.88511880342828,1.1037031669841328,0.8974783377909911,0.940448547359944,0.947053784785667,True,1.1140073087465108,0.8974783377909911,0.9365130247888326,True
0.3545,2552506,0.8844098912308324,1.1045560040483244,0.8981793698680248,0.9401588960435172,0.9466303753537835,True,1.1150365040055703,0.8981793698680248,0.9362732233708542,True
0.355,2550481,0.8837082552582852,1.1052158583086342,0.8988867065254132,0.9399041174980208,0.9462655791600316,True,1.1156102768706704,0.8988867065254132,0.9359026615359853,True
0.3555,2548470,0.8830114701023384,1.105334469820406,0.8974755906000931,0.9393870033542013,0.9458189517998798,True,1.1156942966044245,0.8974755906000931,0.9353420899424189,True
0.356,2546345,0.8822751854397889,1.1062538395335781,0.8989046304093659,0.9391039363125604,0.9454156120948348,True,1.1166798706113625,0.8989046304093659,0.9350267624007496,True
0.3565,2544250,0.8815492953842401,1.1060921609107002,0.8967856751140644,0.9382922047860716,0.9449526827878605,True,1.1165172906250131,0.8967856751140644,0.9341924955926869,True
0.357,2542120,0.8808112782871905,1.106245539455596,0.8967675458535769,0.9377779312089084,0.94454355653786,True,1.1167038143727617,0.8967675458535769,0.9336721546998916,True
0.3575,2540066,0.8800995941945426,1.106113718803441,0.8932996361628615,0.9370506529467256,0.9441531487537258,True,1.1165894047914957,0.8932996361628615,0.9329303724336017,True
0.358,2537854,0.8793331651716911,1.1067920684685733,0.8940137039712024,0.9364923224123819,0.9436190823024394,True,1.117525807157559,0.8940137039712024,0.9324953819635609,True
0.3585,2535677,0.8785788631903405,1.1073548424880288,0.8940141824005348,0.9361179374942429,0.9431669887029901,True,1.118249486000788,0.8940141824005348,0.932189080552246,True
0.359,2533503,0.8778256006696898,1.1076952255072885,0.8939936638982963,0.9355983132434706,0.9427648857639602,True,1.1188655184263636,0.8939936638982963,0.9318411754736525,True
0.3595,2531341,0.8770764959918396,1.107879459573503,0.8919163252234944,0.935010320352694,0.9423692646652089,True,1.119097349054047,0.8919163252234944,0.9312544318192975,True
0.36,2529210,0.8763381324078899,1.108584917424926,0.8911932046403868,0.9346505358681931,0.9419000073490957,True,1.1199267677969238,0.8911932046403868,0.9309327142805783,True
0.3605,2526984,0.8755668525684381,1.1095173589638105,0.8926015321431056,0.9342740370204705,0.9415082029018107,True,1.1210089654640865,0.8926015321431056,0.9305881716941656,True
0.361,2524681,0.8747688932376845,1.1097197266828234,0.8890893150726976,0.9335498668500073,0.9410504849403117,True,1.1212171857982116,0.8890893150726976,0.9298167961218744,True
0.3615,2522469,0.874002464214833,1.11069906560928,0.889798071236392,0.9333781194056675,0.9405759723651876,True,1.1224404291969878,0.889798071236392,0.9297665313135985,True
0.362,2520226,0.8732252940980807,1.1104747000625155,0.8876776415898292,0.9324267615289678,0.940018492810709,True,1.1222220403604075,0.8876776415898292,0.9287821612736314,True
0.3625,2517954,0.8724380758612278,1.1112385300887637,0.8891278061352027,0.9321137653549508,0.9395696928879085,True,1.1231019073675594,0.8891278061352027,0.9284935495032849,True
0.363,2515820,0.8716986728165782,1.1118845232098804,0.8897671362839279,0.9318792206665943,0.9390741248209195,True,1.1237323163837707,0.8897671362839279,0.9282097511668762,True
0.3635,2513504,0.8708962091561242,1.111444709357221,0.8876897027802947,0.9308751828498643,0.9384856324224861,True,1.123299938633028,0.8876897027802947,0.9271928883001875,True
0.364,2511287,0.8701280476987726,1.1121161986516768,0.887713100012657,0.9306365912936443,0.9381384111093558,True,1.123818061936908,0.887713100012657,0.9267822966219307,True
0.3645,2508988,0.8693314743156191,1.112568958335019,0.8877346962189169,0.9301435350475351,0.937661568096709,True,1.1244130280582345,0.8877346962189169,0.9263559314877574,True
0.365,2506698,0.8685380193145658,1.112593733138429,0.8870321420481336,0.9292773216498382,0.9371051517552818,True,1.1246627727431673,0.8870321420481336,0.9256230630960227,True
0.3655,2504392,0.867739020523112,1.1133917299838119,0.8856446890719459,0.929102882102951,0.9366701590232095,True,1.125453319779701,0.8856446890719459,0.9253970798585622,True
0.366,2502107,0.8669472979565589,1.1138630277633823,0.8842312431197148,0.9285204167392171,0.9362405411707166,True,1.1261896988295153,0.8842312431197148,0.9249844301648932,True
0.3665,2499776,0.8661396369926045,1.1145613384422646,0.8828214899647684,0.9283162828962134,0.9358799633479064,True,1.1268385827904899,0.8828214899647684,0.9247171501918731,True
0.367,2497481,0.8653444495570511,1.11503513133976,0.8849453306524477,0.9278499551689962,0.9354081007994478,True,1.127527860940384,0.8849453306524477,0.9243752024223435,True
0.3675,2495211,0.8645579242939982,1.1154528119502498,0.8835723358902001,0.9273937948562422,0.9350193457336643,True,1.12788454512791,0.8835723358902001,0.9238423126812444,True
0.368,2492849,0.8637395222361433,1.1155880166982557,0.8814972998425872,0.9266621765380245,0.9344937164726641,True,1.1280801015985475,0.8814972998425872,0.9231162430038717,True
0.3685,2490498,0.8629249315341886,1.1163735822141825,0.8801018674665934,0.926420215941876,0.9340397482934056,True,1.12876488769689,0.8801018674665934,0.9227439232143111,True
0.369,2488084,0.8620885121575323,1.1163249357363625,0.8793743538967952,0.9254795413633815,0.9334722056356277,True,1.1287575030529846,0.8793743538967952,0.9218087516938076,True
0.3695,2485664,0.861250013859476,1.1170579113619523,0.8800797723951249,0.9250836879000305,0.9328995223907766,True,1.1294600573496982,0.8800797723951249,0.9213412205112448,True
0.37,2483310,0.8604343836968212,1.1176004974827796,0.8807638133099083,0.924517780842663,0.9323857405625675,True,1.1298641250341575,0.8807638133099083,0.9206229114748683,True
0.3705,2480906,0.8596014291891653,1.1179817454873109,0.8807825321365679,0.9239864292179932,0.9318753796324601,True,1.1300732778265483,0.8807825321365679,0.9199162411029774,True
0.371,2478464,0.8587553081793083,1.118535180001157,0.8779627770770838,0.9234028622555506,0.9314546811739097,True,1.130757573499622,0.8779627770770838,0.9194053146159131,True
0.3715,2476132,0.857947300728454,1.1185539631907366,0.8758471650004248,0.9225467254569638,0.9309541180713754,True,1.1308285844561061,0.8758471650004248,0.9185457079275382,True
0.372,2473695,0.8571029121530973,1.119397491698048,0.8751406942812094,0.9222723444391161,0.9304635853322678,True,1.1315863590140314,0.8751406942812094,0.9181542529230377,True
0.3725,2471294,0.8562709971061414,1.1201261350810958,0.8765249734381396,0.9217709403360675,0.9298801297655498,True,1.1323828420158255,0.8765249734381396,0.9176427838280896,True
0.373,2468851,0.8554245296093845,1.119961901727566,0.8730364868520474,0.9208226606048436,0.929339918388907,True,1.1321952465257925,0.8730364868520474,0.9166636580435915,True
0.3735,2466445,0.8545908821279286,1.1206256004236863,0.8737010165639197,0.9204679354851933,0.9288518279514901,True,1.1328320815610016,0.8737010165639197,0.9162620564285748,True
0.374,2463905,0.8537108054018694,1.1213670459630982,0.8729550498541474,0.9200031201813313,0.9283238376506976,True,1.1334574316289598,0.8729550498541474,0.915652747494228,True
0.3745,2461456,0.8528622589837124,1.1214907226086217,0.8715380047510287,0.9192592290475237,0.9277889409789619,True,1.1336037246446478,0.8715380047510287,0.9148959977693131,True
0.375,2458995,0.8520095547227551,1.1218516678783823,0.8729747198286711,0.9185568522660802,0.9272116595298734,True,1.1341367188818732,0.8729747198286711,0.9142861983955084,True
0.3755,2456522,0.8511526926189975,1.1230525449374842,0.8737267240826793,0.9181704292015402,0.9266812456337277,True,1.135563373430496,0.8737267240826793,0.9139853691836479,True
0.376,2454010,0.8502823175261389,1.1238619352425419,0.8744560030522022,0.9179015901655563,0.92622715708112,True,1.1363100459993973,0.8744560030522022,0.9136384177703909,True
0.3765,2451486,0.8494077845904802,1.1246199262695715,0.8744899132108125,0.9173830729465552,0.9257242359230579,True,1.1371418658744772,0.8744899132108125,0.9131324070026277,True
0.377,2449001,0.8485467646439223,1.1254508414344286,0.8766112893163683,0.9170065688868674,0.9251573638875125,True,1.1380489087393673,0.8766112893163683,0.9127651944648366,True
0.3775,2446490,0.8476767360379639,1.1257074258500368,0.8752421298658364,0.9163867197116783,0.92458567273281,True,1.1380244852311707,0.8752421298658364,0.9118875263164896,True
0.378,2444026,0.8468229923163065,1.1260584113557541,0.8745333617749309,0.9159333166700693,0.9241418946255889,True,1.1383120659245802,0.8745333617749309,0.9113699766220422,True
0.3785,2441481,0.8459411831557473,1.1271634667581114,0.8738388273949496,0.9156796322654038,0.9236916243358911,True,1.139313962488607,0.8738388273949496,0.9109695053251783,True
0.379,2438904,0.8450482864143872,1.1277860254551746,0.8717221718453837,0.9151265265516224,0.9231809050219411,True,1.1397140892131343,0.8717221718453837,0.9101954221538596,True
0.3795,2436340,0.8441598940027275,1.1277787721672712,0.8696448382014494,0.9143812378055551,0.9226222592788043,True,1.1394524557290808,0.8696448382014494,0.9092448264967727,True
0.38,2433698,0.843244475612866,1.1281509671516405,0.8696401769895612,0.913785651560023,0.9219951083359749,True,1.1400312690620786,0.8696401769895612,0.908789955372185,True
0.3805,2431062,0.8423311361444047,1.1291566409822413,0.8675238515806478,0.9132924123801717,0.9214418798114983,True,1.141393733186155,0.8675238515806478,0.9085036217510485,True
0.381,2428380,0.8414018582785422,1.1287867216739198,0.8668370447149537,0.912338320382592,0.9207400574708121,True,1.1411097678272346,0.8668370447149537,0.9076202406286384,True
0.3815,2425687,0.8404687690567795,1.129343322819808,0.8668172318052954,0.911925855715722,0.920132105345891,True,1.1416324686709904,0.8668172318052954,0.9071527783351444,True
0.382,2423051,0.8395554295883181,1.1298285691753702,0.8660701461933011,0.9113535208113019,0.9195962380162697,True,1.1419840905675307,0.8660701461933011,0.9064522356400627,True
0.3825,2420365,0.8386247657748556,1.1299415944513993,0.8653425272008937,0.9104389558893986,0.9189223934794669,True,1.14240023373055,0.8653425272008937,0.9057368940256523,True
0.383,2417684,0.8376958343958931,1.1304511330887759,0.8646562066967212,0.909728043164994,0.9183365504799913,True,1.1429841635157718,0.8646562066967212,0.9050149804579432,True
0.3835,2414926,0.8367402235256289,1.1307863994861072,0.8625395328087408,0.9090869204197277,0.9178046195170774,True,1.1434236232554635,0.8625395328087408,0.9044323839836004,True
0.384,2412236,0.8358081737645663,1.1309330960420927,0.8625388311917059,0.9083033981400824,0.9170673778032952,True,1.1437984715494323,0.8625388311917059,0.9038014546792201,True
0.3845,2409593,0.8348924088878048,1.1310324334260302,0.8611688352888947,0.9075840132803084,0.9164525404165126,True,1.143948317952434,0.8611688352888947,0.9031069116930508,True
0.385,2406834,0.8339364515306406,1.1317662688025507,0.8632250772715488,0.907168207109093,0.9158244641205538,True,1.1446932938177241,0.8632250772715488,0.9026620255403572,True
0.3855,2404174,0.8330147963765786,1.1318757606424656,0.8596972874582485,0.9064550431032987,0.9153441233192504,True,1.144718867242308,0.8596972874582485,0.9018732410571081,True
0.386,2401495,0.8320865579714162,1.1321701109328548,0.8568498517853823,0.9054853451159385,0.9147273773602356,True,1.1449952373127859,0.8568498517853823,0.9008371640972421,True
0.3865,2398777,0.831144806577153,1.1336546942153378,0.8589779345504429,0.9052856143365208,0.9142445721753056,True,1.1463155470697381,0.8589779345504429,0.9004374667867912,True
0.387,2396059,0.8302030551828896,1.1343661783470889,0.8589609902904254,0.904577878949523,0.9135957996323972,True,1.1471901151074244,0.8589609902904254,0.8997749778411533,True
0.3875,2393359,0.8292675405528268,1.1346649933478234,0.8582176835289039,0.9038602372690651,0.9130117077976069,True,1.147486483930309,0.8582176835289039,0.8990689449908899,True
0.388,2390515,0.8282821318091605,1.1349424885891672,0.8575274039403807,0.9029252821595888,0.9122281453076246,True,1.1476434810560496,0.8575274039403807,0.8979865441462285,True
0.3885,2387717,0.8273126614628954,1.1356328893372154,0.8568428318665451,0.902333944178045,0.9116032757303669,True,1.1485686868645026,0.8568428318665451,0.8975351148653046,True
0.389,2384985,0.8263660592520318,1.135096538948725,0.8504938720139256,0.901224124029766,0.9110327840340642,True,1.147884264997417,0.8504938720139256,0.8963445583048616,True
0.3895,2382117,0.8253723348227651,1.1358487540919906,0.8504935933618472,0.9007278134922467,0.9103789831945184,True,1.1486986862098347,0.8504935933618472,0.8958737865493654,True
0.39,2379293,0.8243938558170992,1.1364427675314306,0.8491009071246408,0.9001593538027096,0.9097911150219216,True,1.1492813830475508,0.8491009071246408,0.8952612702819618,True
0.3905,2376392,0.8233886973201318,1.1371283445515732,0.8491261992260506,0.899517286380964,0.9091481730481317,True,1.1500444558876208,0.8491261992260506,0.8946748260521313,True
0.391,2373646,0.8224372442926677,1.1388805379178841,0.8512814747862965,0.8994672584479337,0.9086649636752328,True,1.151974158729201,0.8512814747862965,0.8946865968466567,True
0.3915,2370697,0.8214154544244991,1.139693172556595,0.8499189170858914,0.8987285351558846,0.9079743005519725,True,1.152617800544593,0.8499189170858914,0.8937662469588494,True
0.392,2367896,0.8204449446175339,1.140477277046343,0.8499140378279323,0.898395042440578,0.9074525117122058,True,1.1533119742914635,0.8499140378279323,0.8933501289031057,True
0.3925,2365098,0.8194754742712688,1.140734641740563,0.8499321716477262,0.8974287270858504,0.9066889022624808,True,1.1537232438281972,0.8499321716477262,0.892465242865529,True
0.393,2362286,0.8185011531084033,1.1418549525947694,0.8492701299827579,0.8969529537967368,0.9061188027494568,True,1.155030999487402,0.8492701299827579,0.8920925842288862,True
0.3935,2359442,0.8175157443647371,1.1418515708732169,0.847156621679742,0.8959634186643323,0.9054176184085606,True,1.1550418682141375,0.847156621679742,0.8911140850147389,True
0.394,2356564,0.8165185550664701,1.141707875932526,0.8471545517307751,0.8950303098172757,0.9047877254594983,True,1.154999289031465,0.8471545517307751,0.8902710279022537,True
0.3945,2353613,0.8154960722245014,1.1424933617083741,0.8437337660163685,0.8944383878389581,0.9041972829874015,True,1.1557036016267155,0.8437337660163685,0.8895796952277529,True
0.395,2350761,0.814507891585635,1.1428562424081508,0.84375983571794,0.8938022627015659,0.9035783432725502,True,1.1561818531702406,0.84375983571794,0.8890160908805103,True
0.3955,2347898,0.8135158995908682,1.143824277708925,0.8444444362219896,0.8931060237058295,0.9029720422680176,True,1.1572008979630695,0.8444444362219896,0.888307961113128,True
0.396,2345011,0.812515591910501,1.1446440232413586,0.8437384224395015,0.8925433620135911,0.9023230938584895,True,1.158027739507589,0.8437384224395015,0.8877156399635484,True
0.3965,2342048,0.8114889512257321,1.1443704838636772,0.8429922778309951,0.8914664436321477,0.9015770686584628,True,1.1575272472870677,0.8429922778309951,0.8864854033342613,True
0.397,2339095,0.8104657754099633,1.1457404953989958,0.8423087433994303,0.8913509945384794,0.9011020574212927,True,1.1587764827399574,0.8423087433994303,0.8862379904069427,True
0.3975,2336157,0.8094477968976949,1.1464095769764275,0.8422846345238861,0.8905390146553334,0.9004324235328977,True,1.1597290276875116,0.8422846345238861,0.885599808148895,True
0.398,2333105,0.8083903188788238,1.1468514862985144,0.8415943357965084,0.8898629705601137,0.8997868612547573,True,1.1600305931155828,0.8415943357965084,0.8848020903502076,True
0.3985,2330027,0.8073238322005521,1.147426950548712,0.8401650012693463,0.8893586737363612,0.899159688330945,True,1.1607956031099376,0.8401650012693463,0.8844443605946801,True
0.399,2327091,0.8063065466620838,1.148020144560054,0.8359535880634109,0.8885945011353737,0.8986104180072912,True,1.1616281721664439,0.8359535880634109,0.8838134853436763,True
0.3995,2324070,0.8052598097371134,1.148964049488256,0.8345634355456937,0.8879524362377019,0.8979498379636272,True,1.1628100735899265,0.8345634355456937,0.8832952535365887,True
0.4,2321075,0.8042220814715437,1.149441513739006,0.8317437081648072,0.8872223955596965,0.8971969866930521,True,1.1631565721355608,0.8317437081648072,0.8824591764860261,True
0.4005,2318019,0.8031632175050726,1.1508729658471661,0.8317473587284515,0.8868728683604401,0.8966293826887539,True,1.1643463142517092,0.8317473587284515,0.8818813401626155,True
0.401,2314941,0.8020967308268009,1.1521379745617673,0.8317449554921716,0.8864403280142252,0.8960035741081194,True,1.1659282087937206,0.8317449554921716,0.8816439914817061,True
0.4015,2311902,0.8010437571376301,1.1530180662911478,0.8323893120324792,0.8858879190429718,0.8954359481099767,True,1.166675030876132,0.8323893120324792,0.8809889810963717,True
0.402,2308842,0.7999835072235589,1.1543128738192208,0.8330398494273863,0.8854410046659368,0.8947324450517249,True,1.1682534071797268,0.8330398494273863,0.880694167430313,True
0.4025,2305654,0.7988789069862846,1.1537174688937686,0.8295330068649677,0.8840228683095338,0.893953510036525,True,1.1680610293888205,0.8295330068649677,0.8795803952836853,True
0.403,2302551,0.7978037581355124,1.154641666392286,0.8295126041228557,0.8834778016992605,0.8932780717537507,True,1.1688713440190752,0.8295126041228557,0.8789371080701787,True
0.4035,2299359,0.7966977719506381,1.1546266915097934,0.8287691847594885,0.8824341884911618,0.892482794203071,True,1.1686988893935855,0.8287691847594885,0.8778015687278773,True
0.404,2296246,0.7956191582308656,1.1554487060505503,0.8287693879480762,0.8819649254846622,0.8918669343524341,True,1.169585248779301,0.8287693879480762,0.8773575956762737,True
0.4045,2293159,0.7945495531704937,1.1559863057221238,0.8294995702541809,0.8812174448293997,0.8910738050775516,True,1.1703008231943788,0.8294995702541809,0.8767392309394609,True
0.405,2289999,0.7934546545664202,1.1572782243719073,0.83159565842772,0.8809645344271647,0.8903910717546227,True,1.171410264566944,0.83159565842772,0.8763531553063726,True
0.4055,2286723,0.7923195634819439,1.1576378691933866,0.8330307514949811,0.8800916913740799,0.8896323493609276,True,1.1719370363593182,0.8330307514949811,0.8755837904173062,True
0.406,2283636,0.791249958421572,1.1584410748526148,0.8323257842749177,0.8794430416666718,0.8890101296135919,True,1.1727580702098361,0.8323257842749177,0.8749220855165405,True
0.40650000000000003,2280425,0.7901373889855973,1.1582184629751704,0.8295046142355986,0.8782116908341454,0.8881605218363617,True,1.1725403641823786,0.8295046142355986,0.8737120030878934,True
0.40700000000000003,2277189,0.7890161573771219,1.1592112085663009,0.8294438029401432,0.8777572289946965,0.8875076283082893,True,1.173428755992385,0.8294438029401432,0.8731857527826512,True
0.40750000000000003,2273916,0.7878821057533457,1.1598784482711921,0.8287747038648499,0.8771307483083144,0.886712717479114,True,1.174051570709386,0.8287747038648499,0.8725288481169876,True
0.40800000000000003,2270649,0.7867501330509696,1.1602918314795962,0.8273439940971876,0.8763050369188023,0.885943446683137,True,1.1744163720360186,0.8273439940971876,0.8716706383729456,True
0.40850000000000003,2267414,0.7856292479293943,1.160746085895682,0.8238348994172032,0.8753198391750127,0.8852275523264358,True,1.1748908572598362,0.8238348994172032,0.8706588803221234,True
0.40900000000000003,2264204,0.7845170249803195,1.1608929649295965,0.8209710349654894,0.8743984647591085,0.8845008292815095,True,1.1750271380390396,0.8209710349654894,0.869732996196306,True
0.40950000000000003,2260896,0.7833708463150425,1.1617246884046242,0.8216762731234434,0.8736596324486667,0.8838204397061469,True,1.176010436775619,0.8216762731234434,0.8690584431946058,True
0.41000000000000003,2257590,0.7822253606235655,1.1623334177813558,0.8217149358963205,0.8729409168700798,0.8830964643895728,True,1.176685293107253,0.8217149358963205,0.8684116743784307,True
0.41050000000000003,2254391,0.7811169490303911,1.1622794923622985,0.8195814274212283,0.871827398965643,0.8822885503308626,True,1.1765168731102666,0.8195814274212283,0.867232619473548,True
0.41100000000000003,2251245,0.7800269012429178,1.163091520779023,0.8202475118247091,0.8710845487442335,0.8816042136226386,True,1.177134633386819,0.8202475118247091,0.8663560159508628,True
0.41150000000000003,2248048,0.7789191826235433,1.1632988183864332,0.817446256640207,0.8702861513289719,0.8808492998747577,True,1.1772144580895025,0.817446256640207,0.8654709378313806,True
0.41200000000000003,2244792,0.7777910212770676,1.1642641173340555,0.8167548889752395,0.8697363567476607,0.880058487785704,True,1.1781955681765048,0.8167548889752395,0.8649238366370777,True
0.41250000000000003,2241574,0.7766760264327927,1.164480190445056,0.8160461487989229,0.8690136939869613,0.879234289942296,True,1.1783922710691497,0.8160461487989229,0.8641973375416486,True
0.41300000000000003,2238241,0.775521185595015,1.1658529544410916,0.8153193202871548,0.8683200361047533,0.8784517179478806,True,1.1797241893680166,0.8153193202871548,0.8634153666410039,True
0.41350000000000003,2234887,0.7743590685323369,1.1656197265601336,0.8160066177311033,0.8671680905246465,0.8775616546654544,True,1.1796389231325115,0.8160066177311033,0.8623853029248753,True
0.41400000000000003,2231573,0.7732108109456598,1.1656690798866578,0.8138507561584389,0.8661411959013481,0.8767661435681146,True,1.1797165311859596,0.8138507561584389,0.8614169229053839,True
0.41450000000000004,2228275,0.772068097149383,1.1665450838693017,0.8159641278401917,0.8656001727134239,0.8759189477500293,True,1.1805703036039341,0.8159641278401917,0.8608732061599861,True
0.41500000000000004,2224938,0.7709118703640053,1.1672031964278597,0.8152742550662108,0.8646626838720138,0.8751706635854393,True,1.1812823668218921,0.8152742550662108,0.8599527382146317,True
0.41550000000000004,2221570,0.7697449024847268,1.1673844053367357,0.8145467061860053,0.8637376931774075,0.8744112286472822,True,1.181526604974202,0.8145467061860053,0.8591110183249119,True
0.41600000000000004,2218274,0.7686028816622501,1.1676803848973238,0.8145427893902765,0.8629118785788806,0.8737085292654617,True,1.1819282028754552,0.8145427893902765,0.8583623767612113,True
0.4165,2214882,0.7674275980973712,1.1683564518142102,0.8159061478621995,0.8623626875863197,0.8729967804110409,True,1.1822211147803758,0.8159061478621995,0.8575634770138669,True
0.417,2211527,0.766265134547793,1.1687786408861156,0.8152056376514026,0.861433430395531,0.8721296961620187,True,1.1829631493902464,0.8152056376514026,0.8568579947936651,True
0.4175,2208122,0.7650853466532137,1.16945914428368,0.8144777430042461,0.8606854688052635,0.8713152219565651,True,1.1837877346948675,0.8144777430042461,0.8561963902978678,True
0.418,2204699,0.763899321994434,1.1707093661119874,0.8144838333403638,0.8600941749988626,0.8705935829182136,True,1.1849860497346,0.8144838333403638,0.8555242015594079,True
0.4185,2201316,0.7627271568116553,1.1719944408950411,0.8152110711728942,0.8598126725449349,0.8698684831865253,True,1.1861869415713926,0.8152110711728942,0.8551805405386939,True
0.419,2197863,0.7615307375458749,1.1713790114562617,0.8124075501635518,0.8583728515249784,0.8690384015246138,True,1.1856713817741675,0.8124075501635518,0.8538535533904785,True
0.4195,2194471,0.7603554539809959,1.1713280169434157,0.8117019922008917,0.8574824316272318,0.868254617297384,True,1.185702434142345,0.8117019922008917,0.8530702645922008,True
0.42,2191025,0.7591614601235156,1.1711266752859726,0.8124442254161568,0.8563807755864431,0.867329430484968,True,1.18584340568201,0.8124442254161568,0.8522567872179837,True
0.4205,2187483,0.7579342035236332,1.1712098093953365,0.811757385296569,0.8555668428528298,0.8665140926743632,True,1.1858665625568319,0.811757385296569,0.8514591512834012,True
0.421,2183959,0.7567131836879512,1.1715702043551226,0.8124600952860568,0.8547935552209733,0.8655653937575615,True,1.1861392604526078,0.8124600952860568,0.8506578759959537,True
0.4215,2180455,0.7554990935902696,1.1725936555976195,0.8110509129579947,0.8543286095497733,0.8647932205678486,True,1.187040460567453,0.8110509129579947,0.850135669946702,True
0.422,2176824,0.754240999656285,1.1728900689304909,0.8096657429159402,0.8535446608751389,0.8639292151082695,True,1.1870316436755124,0.8096657429159402,0.8491938881306053,True
0.4225,2173453,0.7530729923163065,1.1751059655159672,0.8110405987728381,0.853494109530816,0.8632783925387071,True,1.1891147678211311,0.8110405987728381,0.8489850773331239,True
0.423,2169999,0.7518762265636261,1.1751282476086904,0.8096265729126019,0.8522167062329886,0.8624769012724771,True,1.1892935791838308,0.8096265729126019,0.8478272009041021,True
0.4235,2166458,0.7506493164506436,1.1757093473382316,0.8103345867070846,0.8512019746286867,0.8616233230808711,True,1.189932350828299,0.8103345867070846,0.8468715092477636,True
0.424,2162924,0.7494248317459613,1.1760856048911128,0.8103370301756718,0.8503951056574269,0.8607900151083745,True,1.1906310441653098,0.8103370301756718,0.8463509667530167,True
0.4245,2159274,0.7481601545608764,1.1771146527762502,0.811726366916415,0.8496615335483885,0.8598369124992046,True,1.1919167397985075,0.811726366916415,0.8458082180231483,True
0.425,2155845,0.7469720509806965,1.1772756088867793,0.8110181296836045,0.8487480063793378,0.8590109969857652,True,1.1920053931768877,0.8110181296836045,0.8448826153362767,True
0.4255,2152317,0.7457496451974144,1.176855589676297,0.810312526089844,0.8472397786080087,0.8581160741347059,True,1.192027890339924,0.810312526089844,0.8437277530734943,True
0.426,2148729,0.7445064502001308,1.1782738359920648,0.8138224616585703,0.8467540705379417,0.8572720661541167,True,1.1935837201047552,0.8138224616585703,0.8433126931195036,True
0.4265,2145210,0.7432871627989489,1.1788384086938004,0.8123870961833164,0.84586911455975,0.8565098333830369,True,1.1943223676906778,0.8123870961833164,0.8425554039251781,True
0.427,2141725,0.7420796559523678,1.1798739345885538,0.812410889336084,0.8453065045811368,0.8556341845846659,True,1.1956104749732324,0.812410889336084,0.8421691593592752,True
0.4275,2138089,0.740819829583883,1.1799949233153002,0.8109780941756981,0.8442070003162151,0.8546669740367057,True,1.1958027279190013,0.8109780941756981,0.8411462787101229,True
0.428,2134530,0.7395866827067002,1.181283151129102,0.8130760567347115,0.8436980367145057,0.8539702812133328,True,1.1967696320605576,0.8130760567347115,0.8404327874000692,True
0.4285,2130952,0.7383469525784169,1.181705945765729,0.8123733989065783,0.8428283672755319,0.8531660566436077,True,1.197168851821002,0.8123733989065783,0.8395763250470459,True
0.429,2127278,0.7370739597077314,1.1824381071928571,0.8116725554127989,0.8422725302376408,0.8522640959565401,True,1.1974357014293533,0.8116725554127989,0.8387370947390702,True
0.4295,2123713,0.7358387339091483,1.182995774203773,0.8116882808778922,0.841363816371705,0.8514366618962055,True,1.1982986475946107,0.8116882808778922,0.8380503540252866,True
0.43,2120124,0.7345951924249648,1.1833494866043601,0.8116818904776848,0.840234729615106,0.8505428895869142,True,1.19876135153633,0.8116818904776848,0.8370128470329277,True
0.4305,2116464,0.7333270503708795,1.1843155564400962,0.8130927953142445,0.8395825843078351,0.8497320226371667,True,1.2003006071230384,0.8130927953142445,0.8367459687299067,True
0.431,2112761,0.7320440093800934,1.1851084142818895,0.814511390032445,0.8387910013426543,0.8488388437548925,True,1.2012972984630992,0.814511390032445,0.8361081295674736,True
0.4315,2109114,0.7307803716557084,1.1861735434474228,0.8142130334453183,0.8382279827317316,0.8479509862499194,True,1.2023733826789658,0.8142130334453183,0.835579793162626,True
0.432,2105577,0.7295548474903261,1.1864298340128707,0.8136575946189406,0.8373780540614868,0.8470466635602429,True,1.2029897246950076,0.8136575946189406,0.8350209878324621,True
0.4325,2101816,0.7282517102593385,1.1864654757660584,0.8113191587748572,0.8361906315914878,0.8461626056435926,True,1.2033377921750312,0.8113191587748572,0.8340964702030735,True
0.433,2098043,0.7269444151855506,1.1879946252791127,0.8096602376096754,0.8355538013239849,0.845366287985726,True,1.2044965880502634,0.8096602376096754,0.8331946251755933,True
0.4335,2094321,0.725654790943664,1.1881499082197593,0.8085453862612555,0.8343548179938987,0.8443406656483317,True,1.204688654295705,0.8085453862612555,0.8320348548926897,True
0.434,2090612,0.7243696710314776,1.1892003461558884,0.8073187507989726,0.8337636358494105,0.84343860376622,True,1.2058460603475885,0.8073187507989726,0.8315964947533007,True
0.4345,2086843,0.7230637619052899,1.1897976290280876,0.8082202519039661,0.8329091441148158,0.8425176773642131,True,1.2064432708753687,0.8082202519039661,0.830769293413241,True
0.435,2083123,0.7217748306372033,1.1902196661397502,0.806553935424833,0.8319431976796533,0.841642647595684,True,1.2070060354536951,0.806553935424833,0.8299299627226987,True
0.4355,2079361,0.7204713469193157,1.1906233349162514,0.8052573545251571,0.8308988035522237,0.8407141105530592,True,1.2074364681574885,0.8052573545251571,0.828959394780388,True
0.436,2075580,0.7191612799503276,1.1923758498683468,0.8052573545251571,0.8306447179678388,0.8398409999296386,True,1.2091868273729742,0.8052573545251571,0.8287147602402835,True
0.4365,2071888,0.7178820503154417,1.1933157257209508,0.804192288243332,0.8298654531225125,0.8390294968982922,True,1.210306448830624,0.804192288243332,0.8280460102582435,True
0.437,2068180,0.7165972768901553,1.19493450773409,0.8042020191508871,0.8294464538029473,0.8381583184224071,True,1.2119713906395448,0.8042020191508871,0.8276858029868066,True
0.4375,2064459,0.7153079991351687,1.195673197935616,0.8045317159491671,0.8288019433767044,0.8372402894645152,True,1.212757323867007,0.8045317159491671,0.8271245023498358,True
0.438,2060575,0.7139622440154783,1.1964185870026307,0.8039838437146991,0.8277640616895832,0.8362332721813155,True,1.2134260286808665,0.8039838437146991,0.8260691454712694,True
0.4385,2056907,0.7126913300661929,1.1964966767118619,0.8031971081232515,0.8266856623014848,0.8353088772719353,True,1.2137097653049016,0.8031971081232515,0.825215439633697,True
0.439,2053266,0.711429771263208,1.196680674465583,0.8031971081232515,0.8258160519240645,0.8342922418131725,True,1.2139262585567474,0.8031971081232515,0.8244365474652626,True
0.4395,2049560,0.7101456908117217,1.1961969211846026,0.8029581964340738,0.8244067176972013,0.8332311850574877,True,1.213875382516672,0.8029581964340738,0.8233599329955967,True
0.44,2045603,0.7087746421483296,1.198666358606428,0.8045843508361298,0.8237465424162849,0.8323123737077255,True,1.2171417925559138,0.8045843508361298,0.8231283219057521,True
0.4405,2041837,0.7074697724828419,1.1991290982917384,0.8025190176865548,0.822910171309962,0.8314229990220723,True,1.2172120375745634,0.8025190176865548,0.8220926397897296,True
0.441,2038035,0.7061524292889535,1.1993176201814346,0.8010697425612691,0.8217719975288805,0.8304092640178992,True,1.2171585332002266,0.8010697425612691,0.8208503455023675,True
0.4415,2034221,0.7048309282522647,1.1993791718987985,0.8003433566329412,0.8207835370648379,0.8294218157134907,True,1.2171620133512502,0.8003433566329412,0.8198793426503532,True
0.442,2030426,0.7035160104666762,1.2000260312957953,0.7975408915438503,0.8198378829086261,0.8285442475416438,True,1.2174710772526869,0.7975408915438503,0.8187284314676571,True
0.4425,2026647,0.7022066364714883,1.2010671495907146,0.7968902569147612,0.8191146907375956,0.8276399966232553,True,1.2181200305915176,0.7968902569147612,0.8178168803596676,True
0.443,2022844,0.7008889467906997,1.2012976004487723,0.7947730634518554,0.8181070275248217,0.8266331513881823,True,1.2177436256632814,0.7947730634518554,0.8164759509336729,True
0.4435,2019011,0.6995608625029105,1.2010315531866476,0.7947752722334035,0.8166834667032301,0.8254758527847265,True,1.2184713672121517,0.7947752722334035,0.8157350462486139,True
0.444,2015129,0.6982158003570201,1.2004104678637395,0.7941137632069921,0.8151562582863436,0.8243261591824388,True,1.2178736084424917,0.7941137632069921,0.8143062122168118,True
0.4445,2011307,0.6968915274251312,1.2005212563752785,0.7920180518686795,0.8139379768353179,0.8232344012895965,True,1.2178103599581067,0.7920180518686795,0.8130493726974454,True
0.445,2007383,0.6955319128294397,1.2006299311710054,0.789176226175697,0.8128573467308614,0.8221881621692628,True,1.2179253752407984,0.789176226175697,0.8120306238822922,True
0.4455,2003536,0.6941989777250501,1.201292842029431,0.7884727065903746,0.8118472445203115,0.8212066707095754,True,1.2191532832673775,0.7884727065903746,0.8114101457722709,True
0.446,1999705,0.692871586411061,1.202117482789773,0.7884686184060439,0.8110754044417501,0.8201868299976882,True,1.219864696621104,0.7884686184060439,0.8106201186940035,True
0.4465,1995940,0.6915670632324733,1.20384536572965,0.788486850315303,0.8106384603793872,0.819326645173988,True,1.2213411311760354,0.788486850315303,0.8100600593165744,True
0.447,1992156,0.6902559568027852,1.2036942091731557,0.7856855872348977,0.8095394891838843,0.8183993170555144,True,1.2210950997332757,0.7856855872348977,0.8089970833168842,True
0.4475,1988330,0.6889302979232961,1.2038003903845205,0.7849602502177171,0.8083428870672037,0.8173145614233015,True,1.2215311835372034,0.7849602502177171,0.8080153989973342,True
0.448,1984389,0.6875647930503044,1.2053919763939522,0.78633701218368,0.8079486565770564,0.8164093888800568,True,1.2229448081484913,0.78633701218368,0.8075564141404563,True
0.4485,1980607,0.6862543795944163,1.2052008890717647,0.7835116130572698,0.806651213631954,0.8153477188101499,True,1.2229571680515012,0.7835116130572698,0.8064428802681664,True
0.449,1976704,0.6849020412236254,1.2048989674062272,0.7828247527762161,0.8052850511599325,0.8142895903910115,True,1.2230319138332981,0.7828247527762161,0.8053639026147716,True
0.4495,1972781,0.683542773114834,1.2059580828335512,0.7828157093589136,0.8041450746594337,0.8132497583111837,True,1.2245462676254855,0.7828157093589136,0.8045029901038812,True
0.45,1968848,0.6821800401370425,1.2074237536030157,0.7849360195231802,0.8036924550043422,0.8122558750419654,True,1.2259592959959642,0.7849360195231802,0.8040633243519033,True
0.4505,1964860,0.6807982503797496,1.208365463129057,0.7835226151102705,0.8025784543626193,0.8111289058237604,True,1.2271885749504265,0.7835226151102705,0.8031253333908915,True
0.451,1960919,0.6794327455067579,1.2085961268106058,0.7828202560603363,0.8014363717829636,0.8100362247937648,True,1.2275869479964667,0.7828202560603363,0.8021409131172021,True
0.4515,1956988,0.6780707055027664,1.2097861839856328,0.7821176440608283,0.800789608046704,0.8091692899969101,True,1.2290168257163128,0.7821176440608283,0.8016804674527576,True
0.452,1953030,0.6766993103524742,1.210575894787735,0.7806891392001791,0.7998270731798035,0.8080977307744032,True,1.229845515551661,0.7806891392001791,0.800788066212018,True
0.4525,1949063,0.6753247968200818,1.211583101715114,0.7813732920904138,0.799087641507249,0.8070321345670961,True,1.230524537062716,0.7813732920904138,0.7999386876803867,True
0.453,1945094,0.6739495903138895,1.2122006783311683,0.7799616762712476,0.7979084139014094,0.8058765561050796,True,1.2312282228222502,0.7799616762712476,0.798859689208977,True
0.4535,1941148,0.6725823530063976,1.2131636699505346,0.7778680444089865,0.7971570768272728,0.8048214327519095,True,1.2317415267311627,0.7778680444089865,0.7978925772504428,True
0.454,1937105,0.6711815064696034,1.2140638257605572,0.7764776395905973,0.796277541545131,0.8037680738465464,True,1.2330375909055533,0.7764776395905973,0.7972927836461465,True
0.4545,1933152,0.6698118437538113,1.2145059996694285,0.7750665236652772,0.7951801714244264,0.8027350723798395,True,1.2336250947153409,0.7750665236652772,0.7963445644326539,True
0.455,1929085,0.6684026815314167,1.2151648542164792,0.7743378021649165,0.7941330441926734,0.8016831188591599,True,1.2341939697985704,0.7743378021649165,0.7953078032892054,True
0.4555,1924971,0.6669772344247209,1.2157328734571782,0.7736148227069233,0.7931443458715413,0.8005785378176664,True,1.2347064953859141,0.7736148227069233,0.7943611027248063,True
0.456,1920920,0.6655736159927266,1.2163199393600665,0.7736368979129663,0.7922009983975676,0.7994069538837182,True,1.2352709068539656,0.7736368979129663,0.7935171135821033,True
0.4565,1916834,0.6641578705192314,1.2163410939175732,0.7701056146703705,0.7909716866188162,0.798168285195363,True,1.2351360212870763,0.7701056146703705,0.7922465637926219,True
0.457,1912734,0.662737274229136,1.2182345826428997,0.7715336201924279,0.7905378595111137,0.7971245279975833,True,1.2368858146870751,0.7715336201924279,0.7917551990714851,True
0.4575,1908669,0.6613288049805413,1.2198465931628235,0.7715340187029582,0.7898758004157203,0.7961426524848662,True,1.2385426629205523,0.7715340187029582,0.7911634010225899,True
0.458,1904626,0.6599279584437472,1.2200559212245565,0.772259069563898,0.7884808893758164,0.7949614724821358,True,1.2393571856353442,0.772259069563898,0.7901843300394888,True
0.4585,1900610,0.6585364670532536,1.2212693426469872,0.7715268459551626,0.7877509007441473,0.7938386968287692,True,1.2406433587366072,0.7715268459551626,0.7895157998436964,True
0.459,1896635,0.6571591816256611,1.2228999959932714,0.7707542870623627,0.7872344654783403,0.7928799560571282,True,1.2419875378381031,0.7707542870623627,0.7889139093022247,True
0.4595,1892639,0.6557746199731681,1.2239341074062906,0.7677952498855617,0.7862406200412801,0.7918440696690229,True,1.243622233469339,0.7699059278735388,0.7882901056141377,True
0.46,1888547,0.6543567955782728,1.2237654321454736,0.7649306000201769,0.7848633374875889,0.7906204045892509,True,1.2435433649556735,0.7684415662654406,0.787078086095079,True
0.4605,1884478,0.652946940382078,1.223825733370859,0.7622373793586998,0.7834637707016837,0.7894178858014596,True,1.2437480067544333,0.7675769939299992,0.7858222586286819,True
0.461,1880409,0.6515370851858833,1.2241298772343179,0.7611766237189251,0.7824187118860826,0.7883308367668924,True,1.2439214074723912,0.7663325150779869,0.7847789439046555,True
0.4615,1876299,0.6501130240267876,1.2249962722723207,0.75947340003843,0.7812989703464854,0.7872621332345754,True,1.2448305615596766,0.765785097279919,0.7837240337140472,True
0.462,1872205,0.6486945066580923,1.2258235063462757,0.7587123277633241,0.7802736197756064,0.7862537698784309,True,1.2454958906784153,0.7641663521292447,0.782669318888082,True
0.4625,1868146,0.6472881163308978,1.2255665895537746,0.7578280235211635,0.7788888550834113,0.7850595429582851,True,1.2449948947702536,0.7619184212803398,0.7812289474792166,True
0.463,1864018,0.6458578184076016,1.225883060326187,0.7536314888864885,0.7775241530507697,0.7839132867820061,True,1.2457351731864392,0.7608155566519045,0.7801788935134676,True
0.4635,1859943,0.6444458842900067,1.2259439058522565,0.748954310648189,0.7761527807188897,0.7827516135544946,True,1.2462746404036826,0.7596373382192166,0.7791748329489676,True
0.464,1855799,0.6430100425763102,1.226960291642117,0.7471066228053943,0.7750853014381875,0.7816609886465068,True,1.2472940871720062,0.758356822155992,0.778194043508498,True
0.4645,1851618,0.641561380847313,1.2290420096994406,0.7472958999003559,0.7742745249076828,0.7805229827715954,True,1.2491355566193405,0.7568256944690009,0.7772721499084968,True
0.465,1847458,0.6401199953432161,1.2292132764654629,0.7454226348315037,0.7730341692938086,0.7792601461412609,True,1.2492648643902968,0.7556025242945715,0.7761021175673981,True
0.4655,1843438,0.6387271180051225,1.229972109609314,0.744487901249259,0.771847057266698,0.7781365798316698,True,1.2498441004639371,0.7538831128233373,0.7748869634908577,True
0.466,1839323,0.6373013244115266,1.2309828471784652,0.7426488739505355,0.7709737962478569,0.7770036284949596,True,1.2509657010281718,0.7525405991543473,0.774121009836448,True
0.4665,1835251,0.6358904297546318,1.2323804247658507,0.7395832880339235,0.7700343289199731,0.7758606584016889,True,1.2527650354081648,0.7519241595620656,0.773417777907312,True
0.467,1831198,0.6344861183488375,1.2339328186446155,0.7381437766125859,0.769339912799484,0.774719185936566,True,1.254400581583172,0.7484438676957602,0.7728061501535838,True
0.4675,1826971,0.633021518222439,1.2341485812080497,0.7322570509532204,0.7678811799160634,0.7734080608702105,True,1.2553854029621638,0.7464683607946061,0.7718394164674903,True
0.468,1822836,0.6315887948908427,1.2352801759351855,0.7299592232691309,0.7669588091542858,0.7722880634815239,True,1.2566497709681543,0.7458883255849958,0.7710698742526363,True
0.4685,1818629,0.6301311245024448,1.2357474353818498,0.7254618083871628,0.7656500796570623,0.771078843906449,True,1.2576203805322461,0.7438583412737241,0.7701154431314956,True
0.46900000000000003,1814528,0.6287101817254493,1.2377192646159267,0.7248106987964535,0.7648743591809082,0.7699666738717499,True,1.2595322037251018,0.741719504205242,0.769325877001403,True
0.46950000000000003,1810404,0.6272812697497533,1.2375975039574916,0.7208489737359092,0.7634547605145827,0.7686975543378438,True,1.259766216313255,0.7392752716692926,0.7681887368233241,True
0.47000000000000003,1806238,0.6258378053242563,1.2389966595270536,0.7220833228120397,0.7626244552659854,0.7676094081601057,True,1.2606236054922493,0.7381373591971556,0.767129025538646,True
0.47050000000000003,1802118,0.6244102792961603,1.2395573769118369,0.7210553560328921,0.7613681191165599,0.7663297986425904,True,1.260998041967068,0.7359206049776803,0.7658473150147452,True
0.47100000000000003,1797899,0.6229484510649621,1.2405389665917022,0.7208849863425645,0.7601933075922256,0.7651902497275965,True,1.2616872771345278,0.7357370016983961,0.764560898842188,True
0.47150000000000003,1793665,0.6214814255302635,1.2411705382807907,0.7205911703875586,0.7592065362682197,0.7640517794434795,True,1.2620622845646876,0.7343088604741802,0.7634971324771818,True
0.47200000000000003,1789326,0.6199780188710625,1.241521162654561,0.7149369553178581,0.7576726257651978,0.7628630189124675,True,1.2631180241942161,0.7333528093410296,0.76242103359268,True
0.47250000000000003,1785187,0.6185439095918661,1.2424367134442944,0.7148085878456995,0.7567830279727348,0.7617106901149637,True,1.263664149571534,0.7324207871718359,0.7614468546535165,True
0.47300000000000003,1780917,0.6170644105287667,1.2427129949989943,0.7098964409522899,0.7553784764310343,0.7603701424258312,True,1.2645332887852072,0.7314650983283727,0.7604320359286725,True
0.47350000000000003,1776665,0.6155911482298677,1.2433218195958116,0.7071487428056803,0.7537994296329457,0.7591236438493009,True,1.265331453561242,0.7287979609938834,0.7589828392804195,True
0.47400000000000003,1772451,0.6141310524331696,1.2439363374576975,0.7024745983305963,0.7525987818745509,0.7579204417759545,True,1.2665260313200526,0.7286672344498158,0.758168135601657,True
0.47450000000000003,1768223,0.6126661058198711,1.2445943404920612,0.702439699714875,0.7512958461425642,0.7566592162884405,True,1.266785196391125,0.7284750876552152,0.756724306856752,True
0.47500000000000003,1763939,0.6111817559401714,1.2456242706039076,0.7002192434778874,0.7500814150821369,0.7555654539286271,True,1.2679601810980776,0.7281696621132112,0.7556216563714978,True
0.47550000000000003,1759682,0.6097067612067723,1.2459918035143631,0.6965003889219435,0.748346338452613,0.7542798195733093,True,1.2687019191889648,0.7248765748906512,0.7541069995115762,True
0.47600000000000003,1755433,0.6082345383685733,1.2461311823074859,0.6974021334557788,0.7471347215212122,0.7531395611550877,True,1.268129611669768,0.7227432335595645,0.7526605646395937,True
0.47650000000000003,1751208,0.606770631215975,1.2461703433683002,0.6941805493598615,0.7457280403053071,0.7518488397914294,True,1.2683822233342505,0.7210478630814084,0.7514555392992456,True
0.47700000000000004,1747028,0.6053223159738776,1.2460618364877116,0.6912833542739535,0.7444437481927627,0.7505629832509827,True,1.2684572765626707,0.7186937869773212,0.7503504586281858,True
0.47750000000000004,1742871,0.6038819699304808,1.2452887261886694,0.6884267487397031,0.7427130729447791,0.7491100347098429,True,1.267704760265296,0.7155009068580032,0.7487448867453431,True
0.47800000000000004,1738503,0.6023685151511792,1.2449213044543535,0.6808081736610022,0.7406263427522375,0.7477462063402068,True,1.2684403641937532,0.7131652559708306,0.7472728059845969,True
0.47850000000000004,1734206,0.6008796609417791,1.2448731775481265,0.675137252182615,0.7392045448049023,0.7464977427724205,True,1.2691458777958247,0.7118744057004517,0.7463231328740455,True
0.47900000000000004,1730042,0.5994368894900821,1.2455040170134646,0.6714817062020373,0.7381323134451858,0.7453261421061217,True,1.2700439546063933,0.7116210205114539,0.7455379364722026,True
0.47950000000000004,1725772,0.5979573904269827,1.245686468104593,0.6677889452427088,0.7366774829580077,0.744056484449887,True,1.270508550239175,0.7100123564841296,0.7443317649263742,True
0.48,1721384,0.5964370059096805,1.247623434929303,0.6633447095962157,0.7358805165036546,0.7428209149761703,True,1.2731265068125022,0.7092062098803618,0.7439400506044812,True
0.4805,1717008,0.5949207792351787,1.2474001066993698,0.6571465291120988,0.7342854379183892,0.7414624770505233,True,1.273750812002852,0.7084145205347887,0.7428564277857547,True
0.481,1712603,0.5933945044405761,1.2480348146068876,0.6531719208016312,0.7329104316788322,0.7401704069086875,True,1.2748640782827128,0.7055794540443298,0.7417702662207435,True
0.4815,1708240,0.5918827820957745,1.2494039757072117,0.6530563638073003,0.7320345715005232,0.739007448793548,True,1.2758678776562173,0.7049662709179868,0.7408099279108813,True
0.482,1703979,0.5904064014147753,1.2513659065454388,0.6557333499779052,0.7314461032221502,0.7378457546498045,True,1.2768713479036142,0.7035092617908827,0.7398586313603998,True
0.4825,1699701,0.5889241304564757,1.2528421425951761,0.6547316896943878,0.7305452202717434,0.7366201829530242,True,1.2781497452110746,0.7027146019532217,0.7389689458914496,True
0.483,1695424,0.5874422059850761,1.254404352146328,0.6546064542013589,0.7296180793834794,0.7352746970005559,True,1.2793700372512422,0.700576367007698,0.7379527044037151,True
0.4835,1691133,0.5859554306970762,1.254848434112515,0.6510090856269322,0.7282846939811712,0.7338014700358932,True,1.2802344168229993,0.6984282803553811,0.7368708726871978,True
0.484,1686814,0.5844589537758756,1.256423342406819,0.6477973196763922,0.7272758795743737,0.7326161042725231,True,1.2821171002886191,0.6965536361063618,0.7361068306741494,True
0.4845,1682399,0.5829292141122728,1.2581024265278429,0.648813537562521,0.7264332295374392,0.7313226318019195,True,1.2831994381320844,0.6945487882996891,0.7350576397568745,True
0.485,1678079,0.5814323907041723,1.258380477549234,0.6458123905641603,0.7250361925280792,0.7298964582668138,True,1.2837142656886424,0.692459855163158,0.7338388371907366,True
0.4855,1673642,0.5798950283287689,1.257796605711129,0.6407633875603069,0.7232533147758494,0.7283618824007769,True,1.283645884432523,0.6900982434380243,0.7324188622442431,True
0.486,1669273,0.5783812270625672,1.258124749135157,0.6423732232130175,0.7219536853796881,0.7269891755089355,True,1.282992966615248,0.6877466579533461,0.7307959589537626,True
0.4865,1664909,0.5768691582308656,1.2586584454149878,0.6387738541443806,0.7208529982971192,0.7256128777569159,True,1.2838481129356798,0.6857198381356906,0.729972903202979,True
0.487,1660618,0.5753823829428657,1.2597145565502639,0.6388123273625618,0.7196950683859199,0.7244095603382004,True,1.284442260389539,0.6839438762312621,0.7286820396107374,True
0.4875,1656192,0.5738488319233627,1.260167342401973,0.6341510721182028,0.7183027749602713,0.7231659050579802,True,1.2854839837005057,0.6820661285655666,0.7276529641649456,True
0.488,1651840,0.5723409209344613,1.2619638082788207,0.632819675102806,0.7173589163968332,0.7218334252798868,True,1.2872165285838595,0.6799866182340034,0.7267521654295028,True
0.4885,1647554,0.5708558780809615,1.262901325104873,0.6318792322322897,0.7163359127004314,0.7204902467616475,True,1.2880132647658278,0.6777033010882767,0.7257199883080027,True
0.489,1643210,0.5693507389872604,1.2632968979787413,0.6288921509843126,0.7150663285154883,0.7191195510008864,True,1.2885569715919547,0.6755540806339296,0.7246412371300633,True
0.4895,1638945,0.5678729723586611,1.2631303284088313,0.625261012525202,0.7134123927294796,0.7176843278655444,True,1.2886294493750936,0.6733358606862309,0.7232069905299551,True
0.49,1634585,0.5663622894745596,1.2635986924746172,0.6215126997694007,0.7119983749219145,0.7164175985866966,True,1.2894996745910705,0.6715046773682372,0.7220523388277491,True
0.4905,1630266,0.564865812553359,1.2637047841867544,0.614287713378805,0.7103738438348648,0.7150251745616678,True,1.290782883426782,0.6692358174213906,0.7210500805522048,True
0.491,1625948,0.5633696821190585,1.263435939821736,0.6121951978368796,0.708823309495296,0.7135392658058965,True,1.2903942100902215,0.6668950125870964,0.7195597663462312,True
0.4915,1621685,0.5618926084642591,1.2631995256380304,0.609733718115423,0.7073342752681657,0.7123045570127481,True,1.2901416775812573,0.6654365196847475,0.7181787816184705,True
0.492,1617384,0.5604023683072591,1.2648248570665146,0.6090514449004264,0.7065337779519706,0.7110984448531023,True,1.2914688646295123,0.6634990333049964,0.717365148291031,True
0.4925,1613051,0.5589010405694581,1.263924867780304,0.6055234820300762,0.7045205950864754,0.7095769396989443,True,1.2907366446412256,0.6612099075109751,0.715520274314964,True
0.493,1608622,0.557366450089255,1.2649535208740676,0.6048064360675703,0.7031652864743613,0.708238367202708,True,1.2913750944444937,0.6591933201620394,0.7140940476306715,True
0.4935,1604148,0.5558162676985509,1.267051545604957,0.6029884472685688,0.7022235526043773,0.7070860009575503,True,1.2936476894522881,0.6576342458017382,0.7132496754194672,True
0.494,1599925,0.5543530535197525,1.267596113133913,0.6004841236437429,0.7009592168057598,0.7056859042844293,True,1.2942783333892132,0.6554140529602137,0.7121231160459838,True
0.4945,1595541,0.5528340549500504,1.2678137699721082,0.5993873579187692,0.6996128460773846,0.7042593853903268,True,1.294186834064086,0.6529973171557096,0.7107490114283419,True
0.495,1591162,0.5513167888148485,1.2678713773952284,0.5978677679740156,0.6982024313928351,0.7027536665281074,True,1.2940136793286032,0.6504594694022758,0.7093507273282594,True
0.4955,1586921,0.5498473378718497,1.2682692762363605,0.5978561236675813,0.6969514327822085,0.7014236076614008,True,1.293871928147564,0.6482789253406804,0.7079620226838337,True
0.496,1582512,0.5483196771296471,1.2683438641150087,0.5945093336022285,0.6953803846518203,0.6999453309657919,True,1.294173898798969,0.645965708350479,0.706588279212886,True
0.4965,1578046,0.5467722666341431,1.26838877262061,0.5925597559325668,0.6939488304117025,0.6985322834666038,True,1.2940567013516364,0.6438843101734086,0.7052142831316064,True
0.497,1573671,0.5452563864465412,1.2689355239452458,0.5880214176039588,0.6924423960113396,0.6972599843497482,True,1.295203708311195,0.6420149062292712,0.704044726945493,True
0.4975,1569307,0.5437443176148397,1.268726647702718,0.5860579963819915,0.690973738523168,0.6958161609865939,True,1.2948608066236234,0.6397702113021763,0.7026310432055209,True
0.498,1564921,0.5422246260713375,1.270302258546939,0.5857935186948723,0.6901128251438626,0.6946480770933442,True,1.296027935933446,0.6381123222167316,0.7017038591937506,True
0.4985,1560581,0.5407208729252364,1.2708047396336952,0.5839144361432046,0.688595482762407,0.6931708931216056,True,1.2963512440442255,0.6356837650422044,0.7002267101645407,True
0.499,1556204,0.5392042997638345,1.2706117955593244,0.5783841805122332,0.6870799737761673,0.6917347340561611,True,1.2969867696627269,0.6335595039958796,0.6991572841388267,True
0.4995,1551770,0.5376679768491313,1.2714089790494612,0.5758386818876128,0.6857745525983965,0.6902146101127188,True,1.297965784968507,0.6312744649103319,0.6979896493440392,True
0.5,1547340,0.5361330398820281,1.271624792007031,0.5726642965613934,0.6842246272097875,0.6887337947161304,True,1.2984614701252173,0.6288414594349336,0.6966202195040535,True
0.5005000000000001,1543007,0.5346317121442272,1.2727948602151797,0.5692437455714529,0.6829973529511495,0.6872837328328683,True,1.3000196104470183,0.6267726726897218,0.6956366426600047,True
0.501,1538620,0.5331116741138251,1.2718965817069219,0.5631909817569553,0.6810458593875831,0.6857808991551592,True,1.299924660239882,0.6244939884826941,0.694140845790986,True
0.5015000000000001,1534168,0.5315691144349215,1.2716561040642007,0.5604387835303997,0.6794311312481894,0.684314779659617,True,1.299713147751186,0.6223978251756541,0.6926525032168327,True
0.502,1529653,0.5300047260813163,1.2737829240779477,0.5606039530233283,0.6785208384564598,0.6829868361334409,True,1.3012991378618048,0.6202638603108115,0.6916227146156966,True
0.5025000000000001,1525166,0.5284500393609118,1.275177347631335,0.5633219913517492,0.6775363916768338,0.6816859849500942,True,1.3013731641131987,0.6180379962691469,0.6902268806018432,True
0.503,1520711,0.5269064402213081,1.2754322952514958,0.5599297263738718,0.6759251123080207,0.6802475729853884,True,1.3019466705846943,0.6159848420159896,0.6888134885229261,True
0.5035000000000001,1516274,0.5253690778459048,1.2760733295349727,0.5595828236067557,0.6746500735670287,0.6787315132335299,True,1.3019897413524644,0.6136764925581014,0.6874353235626144,True
0.504,1511965,0.5238760657937045,1.2755479428131278,0.5518194670932134,0.6728261870669505,0.677225976973157,True,1.3028494620265019,0.6115966380343256,0.6862713781751437,True
0.5045000000000001,1507477,0.5223210325864,1.2756819745030534,0.5456956820386367,0.6712685980045595,0.6757791324348101,True,1.303944469824041,0.609534210609076,0.6852211442229954,True
0.505,1503081,0.5207978761738976,nan,0.5431741222002386,0.6699417799450813,0.6744409592552849,False,nan,0.6073705584058056,0.6840270752500639,False
0.5055000000000001,1498678,0.5192722943530951,nan,0.5423480396720137,0.6688516376183136,0.6730694570582477,False,nan,0.6053583937467747,0.6829075929456803,False
0.506,1494256,0.5177401292811922,nan,0.5408330706401906,0.6670868186670116,0.6716630887969622,False,nan,0.6033376828480953,0.681115012892214,False
0.5065000000000001,1489798,0.5161954906808883,nan,0.5375914248860719,0.6656320408170011,0.6700898327163745,False,nan,0.6009058380774103,0.6798587759204376,False
0.507,1485352,0.5146550099233849,nan,0.530555965256835,0.6634541102789686,0.6686320444726379,False,nan,0.5988910128654352,0.6782205708369834,False
0.5075000000000001,1480984,0.5131415551440831,nan,0.5229473780415345,0.6618217648627546,0.6671754362178114,False,nan,0.5966858641431464,0.6772522522873347,False
0.508,1476544,0.5116031533079798,nan,0.5192046064523861,0.6602545453291475,0.6655801856672171,False,nan,0.5941289799836718,0.6759267607598988,False
0.5085000000000001,1472046,0.510044655231675,nan,0.5178786833453446,0.6590206922949695,0.6640346843518169,False,nan,0.5917379043588088,0.6747031377338168,False
0.509,1467531,0.5084802668780699,nan,0.516113379941825,0.6575826775908611,0.6625739981817109,False,nan,0.5896363678494505,0.6733014884407539,False
0.5095000000000001,1463080,0.5069380536860663,nan,0.5093322676808129,0.6557772028611595,0.6609273652945075,False,nan,0.5871572574449024,0.6720488623256424,False
0.51,1458642,0.505400344823763,nan,0.5049884838995429,0.6543131082965075,0.6595113093948776,False,nan,0.585002347392128,0.6709047332295035,False
0.5105000000000001,1454231,0.5038719911077602,nan,0.504350715093965,0.6531360487666603,0.6580169075804718,False,nan,0.5826736974007976,0.669667752508071,False
0.511,1449812,0.5023408654965573,nan,0.49969180031662475,0.6517998722468563,0.6565640982972498,False,nan,0.5804163565798631,0.6687007691279931,False
0.5115000000000001,1445292,0.5007747447084521,nan,0.5012473958254974,0.6512827536529454,0.6553886452279242,False,nan,0.5785287174585206,0.6679533489671063,False
0.512,1440998,0.4992869299597521,nan,0.502299083770398,0.6502882219373051,0.6539765219742448,False,nan,0.5760146391582637,0.6667314595114059,False
0.5125,1436537,0.49774125189874824,nan,0.5045240797117426,0.6494248652295139,0.6526249820710062,False,nan,0.5740760071189144,0.6655249525092662,False
0.513,1432135,0.4962160165648457,nan,0.5003594148063126,0.6475181944763453,0.6511201699600218,False,nan,0.571860664575312,0.6638691699952378,False
0.5135,1427690,0.4946758822942422,nan,0.49889493688169884,0.6462633855229954,0.6496870620918167,False,nan,0.5696741356604498,0.6626376575942506,False
0.514,1423314,0.49315965561974034,nan,0.49456994112904606,0.6446032187554247,0.6480890684993436,False,nan,0.5671361846399882,0.6612735829361333,False
0.5145,1418974,0.4916559024736393,nan,0.49335700809589433,0.642890135932962,0.6465751674418039,False,nan,0.5648026003294484,0.6595049279148584,False
0.515,1414505,0.4901074525174352,nan,0.49302510247258174,0.6417264518669877,0.645215082573855,False,nan,0.5626406467653962,0.6582488240219218,False
0.5155,1410129,0.48859122584293335,nan,0.49105569155485773,0.6400834386852442,0.6437571387352836,False,nan,0.5604771994090395,0.6566420772552871,False
0.516,1405691,0.48705351698063,nan,0.48784829262162255,0.6388748919442035,0.6421215570064599,False,nan,0.5578394196781986,0.6556556252022682,False
0.5165,1401321,0.4855393692275283,nan,0.48632896147827953,0.6373667204285816,0.6406649990288464,False,nan,0.5555451119445585,0.6541486936452817,False
0.517,1396874,0.4839985419831247,nan,0.4854047384576348,0.636236994073077,0.6393153508454217,False,nan,0.5532889328428983,0.6529961335859038,False
0.5175,1392517,0.48248889855972327,nan,0.4825434412759588,0.6351532832561113,0.6378391962967024,False,nan,0.5510763539227428,0.6521099323650171,False
0.518,1388095,0.4809567334878203,nan,0.4830934626171509,0.633765125840035,0.6363638707287006,False,nan,0.548859429785983,0.6505064217536889,False
0.5185,1383690,0.4794304586932177,nan,0.48091684195160506,0.6322131823413223,0.6348520147441994,False,nan,0.5465530055976101,0.6490238868290685,False
0.519,1379236,0.47788720604051405,nan,0.4795622040081692,0.6310554359607478,0.6334445521627555,False,nan,0.5444571755524754,0.6478880172888121,False
0.5195,1374866,0.4763730582874123,nan,0.4759243000735716,0.6296842172251378,0.6318747161630687,False,nan,0.5420870978061082,0.6467686524642007,False
0.52,1370416,0.47483119158230863,nan,0.4729673986087243,0.6282986692834103,0.6303566800674787,False,nan,0.5398756049777186,0.6455576993583754,False
0.5205,1366099,0.4733354076349081,nan,0.4663825645845889,0.6261677152405706,0.6286384058312888,False,nan,0.5375221068019743,0.6439216208690131,False
0.521,1361681,0.4718046285106053,nan,0.46423275423958504,0.6249620625605937,0.6272032189828672,False,nan,0.5354609887805579,0.6428208745962614,False
0.5215,1357257,0.47027177046490226,nan,0.4618358394616926,0.6234307340656258,0.6256481161754686,False,nan,0.5331913570264653,0.6413857223549517,False
0.522,1352908,0.468764898936701,nan,0.4560729007552413,0.6217940851968631,0.6241924233275553,False,nan,0.5311001006158307,0.6402075501348211,False
0.5225,1348402,0.46720362896519607,nan,0.45211260704886347,0.6201904076245819,0.6227461925562673,False,nan,0.5290237479809139,0.6388657187996617,False
0.523,1343952,0.4656617622600925,nan,0.4466027192800587,0.6182615835151121,0.6211804333168786,False,nan,0.5266243846297748,0.6373347906523403,False
0.5235,1339574,0.4641448426117905,nan,0.4434326323300582,0.6167507554183975,0.6195468198219626,False,nan,0.5242761443386378,0.6360083246504352,False
0.524,1335230,0.46263970351808936,nan,0.4428962460862812,0.6154893722896064,0.6180918478249846,False,nan,0.522007051730819,0.6346663863121981,False
0.5245,1330740,0.46108397733698486,nan,0.4376267406250874,0.6134014652977882,0.6163930462727938,False,nan,0.5193928986614913,0.6329319902614216,False
0.525,1326377,0.45957225499218324,nan,0.4362640236518419,0.6120736328160076,0.614989496310502,False,nan,0.5174166210617843,0.6316080338342482,False
0.5255,1321855,0.458005441230278,nan,0.4353880356473065,0.6105917156627461,0.6134537902998886,False,nan,0.5150556923247656,0.6300587912200171,False
0.526,1317429,0.4564718902107749,nan,0.4336611586050189,0.6087579264120339,0.611850088001688,False,nan,0.5126091189379715,0.6282131228350355,False
0.5265,1313081,0.45496536516947367,nan,0.4328572833095419,0.6076549192040581,0.6105032903891204,False,nan,0.5104872661341474,0.6270768787478933,False
0.527,1308516,0.45338365247086737,nan,0.43128921583014357,0.606459693534281,0.6089539963937393,False,nan,0.5083206464465251,0.6259230799458518,False
0.5275,1304074,0.45184455766096393,nan,0.42721219505552643,0.6048525289482031,0.6073987650430573,False,nan,0.5060574347385287,0.6245903438251671,False
0.528,1299673,0.45031966881396146,nan,0.42412274971050423,0.6033904800460037,0.6056958570080802,False,nan,0.5036746634140584,0.6233091167499482,False
0.5285,1295147,0.4487514691044561,nan,0.42061597851018806,0.6018106376263174,0.6039984008363238,False,nan,0.5010233542801865,0.6219433775281096,False
0.529,1290731,0.44722138295395325,nan,0.41655672877349736,0.6003787618531982,0.602335551033566,False,nan,0.4985438083190002,0.6208034321953873,False
0.5295,1286451,0.4457384190218536,nan,0.4163828452237627,0.5991905625315351,0.6009049419098751,False,nan,0.49617533530205715,0.6195025311212876,False
0.53,1282090,0.44422738965085207,nan,0.4124879857790434,0.5976984472845603,0.599355027308076,False,nan,0.49378652617078084,0.6182773874518399,False
0.5305,1277619,0.442678246720848,nan,0.4102255698592443,0.5959022194292901,0.5975747696528201,False,nan,0.4910398838834326,0.6165329582704063,False
0.531,1273216,0.44115266490004545,nan,0.4068419225638419,0.5944990302439808,0.5959925606044028,False,nan,0.4885880284894177,0.6153498199862186,False
0.5315,1268740,0.43960178953554124,nan,0.40485399521518795,0.5930222571802545,0.594457905468474,False,nan,0.48648139582925115,0.6139298418430397,False
0.532,1264350,0.43808071204443905,nan,0.40324162573942013,0.5917652612279617,0.5928918659373154,False,nan,0.48411120553820547,0.6127123318377996,False
0.5325,1260059,0.4365939367564391,nan,0.39719860457736145,0.5898790693718473,0.5912729079560587,False,nan,0.4820934031536492,0.6112880099045679,False
0.533,1255626,0.4350579603286359,nan,0.39237315923517313,0.5884147474781487,0.5895708418727946,False,nan,0.4796939056765188,0.6101971461718129,False
0.5335,1251338,0.43357222450133603,nan,0.3911722100022469,0.587895445250974,0.5881143555074946,False,nan,0.47757039814648705,0.6097535825008324,False
0.534,1247037,0.4320819843443359,nan,0.3908207070809738,0.5867298105189545,0.5865285119803128,False,nan,0.4752546441072581,0.60849748867873,False
0.5345,1242699,0.4305789241720349,nan,0.3863722197878668,0.5848129642724109,0.5848329044012698,False,nan,0.47277359865311475,0.6068619358818048,False
0.535,1238245,0.4290356715193312,nan,0.3836203649332799,0.5832811622220886,0.5833189806624314,False,nan,0.4709009181598254,0.6054656952541785,False
0.5355,1233979,0.42755755840383186,nan,0.38006967074871556,0.581719226647477,0.5818129282126607,False,nan,0.4688082366628794,0.6041247328584505,False
0.536,1229566,0.4260285117140291,nan,0.38065771692750194,0.5807936344871341,0.5802922543042767,False,nan,0.46636710590459546,0.6030309586604264,False
0.5365,1225269,0.4245396575046291,nan,0.37616186923183653,0.5793650870121435,0.5786810535102278,False,nan,0.46429828487219243,0.6019432223210663,False
0.537,1220974,0.42305149626902905,nan,0.3734245623736505,0.5777751817441545,0.5770341808463828,False,nan,0.46204351923862336,0.6004808061186551,False
0.5375,1216658,0.4215560588085286,nan,0.3737456907695315,0.5763006920299479,0.5755228372364363,False,nan,0.45982558610157165,0.5988068032811054,False
0.538,1212258,0.4200315164484261,nan,0.37486410485617644,0.5750277216346684,0.5739606967696952,False,nan,0.45733227214026156,0.5972681234989454,False
0.5385,1207936,0.41853400006652547,nan,0.36900099646272594,0.5731352636274148,0.5722958871426123,False,nan,0.45524811341363186,0.5958168488679358,False
0.539,1203606,0.41703371178942467,nan,0.3658069020839644,0.5714340550571512,0.5706654094969797,False,nan,0.45301707825499477,0.5942815164986164,False
0.5395,1199197,0.415506051047222,nan,0.36261788003306084,0.5700466644029987,0.5689530649231376,False,nan,0.45040895672531933,0.5930943071107695,False
0.54,1194879,0.41400992061292147,nan,0.3615238962267168,0.5681901789969506,0.5672491877576052,False,nan,0.44769870003776707,0.5911530993047543,False
0.5405,1190498,0.4124919615039195,nan,0.3597383209773194,0.566379496519829,0.5654966400040794,False,nan,0.4452921437490859,0.5893396271356635,False
0.541,1186195,0.41100102837311925,nan,0.35470578830524124,0.5643109148758576,0.56370953338637,False,nan,0.44288635081653177,0.587600373383704,False
0.5415,1181852,0.40949623576631816,nan,0.3519750098547605,0.5628208033622026,0.5621895527020513,False,nan,0.4408846546679816,0.5862481137519183,False
0.542,1177480,0.40798139503941633,nan,0.3490275824969471,0.5613302227700833,0.5606429711582791,False,nan,0.4386607863517475,0.584919405022654,False
0.5425,1173181,0.4064918478562162,nan,0.34647884850151095,0.5602103674635822,0.5590079412605735,False,nan,0.4361764794845352,0.5839583140149235,False
0.543,1168878,0.40500091472541605,nan,0.34669699381639296,0.5590514874328701,0.5574365923382296,False,nan,0.4339873763289539,0.5826464311680343,False
0.5435,1164568,0.40350755618631573,nan,0.34306159427883387,0.5575382696765014,0.5558535689707867,False,nan,0.431559951901732,0.5813690113873533,False
0.544,1160270,0.40201835549001563,nan,0.34146536604595296,0.5561130937677035,0.5542618959136861,False,nan,0.4293890959668791,0.5799628412923423,False
0.5445,1155999,0.40053850994001616,nan,0.3370266213362296,0.554295650737555,0.5526515435866397,False,nan,0.42689160014034194,0.5784366540043689,False
0.545,1151716,0.39905450654721647,nan,0.3358791168947273,0.5521058722036332,0.5507687297237529,False,nan,0.42424648293768835,0.576131067237956,False
0.5455,1147459,0.39757951181381734,nan,0.3329988229074545,0.5503521144972591,0.5492655462147232,False,nan,0.42222933364918364,0.5745024802294596,False
0.546,1143196,0.3961024381590181,nan,0.33121141894865175,0.5490827410104263,0.5476766170676562,False,nan,0.41988226450425914,0.5732906656839568,False
0.5465,1138790,0.3945758168775155,nan,0.3255266033399929,0.5477793130111961,0.5461207074399929,False,nan,0.41783150211814224,0.5724740585302186,False
0.547,1134515,0.39309458537991593,nan,0.32155576827704385,0.5463037499867325,0.544422846001522,False,nan,0.4154834343777689,0.5712757479544757,False
0.5475,1130184,0.3915939506159151,nan,0.3246531753528877,0.5451292992376288,0.5429199422770683,False,nan,0.413151200369807,0.5696266463359333,False
0.548,1125878,0.3901019780244149,nan,0.32057558377585516,0.5434214294778424,0.5412661283555537,False,nan,0.41077321820602486,0.5681820790002856,False
0.5485,1121660,0.38864049628011665,nan,0.3150750131571044,0.5412337219972512,0.5395735500945258,False,nan,0.4083285202384496,0.5663624674239343,False
0.549,1117387,0.3871599577563172,nan,0.3153405598621424,0.5398359938218282,0.5379177898628524,False,nan,0.406012413105131,0.5647799309284601,False
0.5495,1113127,0.385683923562218,nan,0.31017442998077965,0.538137028026526,0.5362702058210495,False,nan,0.40375946037056726,0.5634662055871645,False
0.55,1109035,0.3842660991673227,nan,0.31321932287085213,0.5372126161043906,0.5349039523238979,False,nan,0.40163566091749253,0.5621007597970061,False
0.5505,1104876,0.38282506015012585,nan,0.3089814902385442,0.5353745494178551,0.5332064034481898,False,nan,0.39939002735698753,0.5605293337711119,False
0.551,1100603,0.38134452162632637,nan,0.3082078494250449,0.5343715172500202,0.5317296751219419,False,nan,0.39715521102733864,0.5595008136750176,False
0.5515,1096351,0.3798712593274273,nan,0.3046480135160566,0.5327594995653032,0.5300905649715781,False,nan,0.39482417395082714,0.5581052202374418,False
0.552,1092092,0.3783955716202282,nan,0.30063927561765846,0.530664953231336,0.5283903674801493,False,nan,0.3925735757381843,0.5562233618550779,False
0.5525,1087694,0.3768717222339258,nan,0.3004124670184269,0.5288304944582286,0.5267944556280254,False,nan,0.39052532198320083,0.5542102752848732,False
0.553,1083538,0.375431722677429,nan,0.29781611311326506,0.5273800244059688,0.5251521759560537,False,nan,0.38811901114536235,0.5528871256607135,False
0.5535,1079248,0.37394529387632913,nan,0.30056573528669,0.5263914352808019,0.5235415290347217,False,nan,0.3858286301117009,0.5514831797245923,False
0.554,1074946,0.37245470723242896,nan,0.29549396645983067,0.5248613662514436,0.521891021295455,False,nan,0.38360198531555045,0.5503466328949561,False
0.5545,1070628,0.37095857679812844,nan,0.2909092847448349,0.52291735930483,0.520215523259901,False,nan,0.38158770528667724,0.5486960342559405,False
0.555,1066482,0.3695220421106319,nan,0.28536372659544273,0.521294610889948,0.5186515684458644,False,nan,0.37967233909686127,0.5475091535893375,False
0.5555,1062226,0.36804739386413277,nan,0.2836442160593942,0.5194685246118962,0.5169870345200387,False,nan,0.3773445184476083,0.5456712255621741,False
0.556,1057981,0.3665765569735339,nan,0.2826659894512915,0.5182051101380768,0.5155570595876369,False,nan,0.3753527475148384,0.5443761235477198,False
0.5565,1053762,0.3651147287423357,nan,0.2812505632431829,0.5165269609319213,0.5138205845562265,False,nan,0.3726766785069459,0.5426687828973367,False
0.557,1049638,0.3636858167666397,nan,0.28062207981549864,0.514747779197473,0.5122312505033395,False,nan,0.370615748859389,0.5407617457954701,False
0.5575,1045507,0.3622544793826435,nan,0.2757259938803085,0.5123359345335344,0.5104834915806539,False,nan,0.3684725729010875,0.5386259279394484,False
0.558,1041242,0.3607767127540442,nan,0.27299239644971746,0.5102794483745579,0.5088129640334343,False,nan,0.36644685079658007,0.5366446763662067,False
0.5585,1037053,0.3593252791298467,nan,0.27102521601069757,0.5086481580499127,0.50719614061527,False,nan,0.3642981338797296,0.5350507071653811,False
0.559,1032961,0.3579074547349514,nan,0.2674072954923126,0.5070363761000771,0.5057018191993002,False,nan,0.3625813535533021,0.5336618295009398,False
0.5595,1028803,0.35646676220465456,nan,0.2678361653465726,0.5055130218183385,0.5041266122709706,False,nan,0.36046723106549283,0.5319215614263124,False
0.56,1024537,0.35498864908915523,nan,0.26614210671104727,0.5043372750299249,0.5025149428301003,False,nan,0.3581844115156147,0.5308034048431334,False
0.5605,1020270,0.3535101894867559,nan,0.26170179073185684,0.5020931556200616,0.5008157860280268,False,nan,0.3561178219578459,0.5288033072743068,False
0.561,1016093,0.35206291370535864,nan,0.26151243266683566,0.5001504084426054,0.49930191315225425,False,nan,0.354303436158217,0.5266657390843577,False
0.5615,1011839,0.3505889584326596,nan,0.2595656582906506,0.4980034064826331,0.4975813508632702,False,nan,0.3519551443060838,0.5244964896150756,False
0.562,1007743,0.3491697480901642,nan,0.2546499922829923,0.49616124798263,0.4958335100820554,False,nan,0.34971974120802646,0.5229958319492565,False
0.5625,1003522,0.3477072268851659,nan,0.25520939197475356,0.4945912076118827,0.4942270765343218,False,nan,0.34759763870146326,0.5211891871271193,False
0.5630000000000001,999403,0.34628004734397,nan,0.2535703058260475,0.4935135571202084,0.4925641177410554,False,nan,0.3452836177727509,0.520173918375115,False
0.5635,995197,0.3448227234424721,nan,0.25144445807137206,0.4915588572278698,0.4909319065992019,False,nan,0.34318412853952757,0.5182382349119251,False
0.5640000000000001,990975,0.34335985575057376,nan,0.2512547134327123,0.4900288943613407,0.4892990863074718,False,nan,0.3407163113150186,0.5165593589089661,False
0.5645,986992,0.34197979842778103,nan,0.25165904889917834,0.4886519970107314,0.4877910629566916,False,nan,0.3387694960618535,0.514984546800904,False
0.5650000000000001,982856,0.34054672860928475,nan,0.25151984636988,0.4874642042647796,0.4862096014859419,False,nan,0.3363895156299036,0.5136802440308795,False
0.5655,978802,0.33914207071659036,nan,0.2509758896481778,0.4861519230684788,0.48470679612477185,False,nan,0.3342605842457859,0.5122825934485122,False
0.5660000000000001,974661,0.33770726846359395,nan,0.2478598745383605,0.48407129533134674,0.4830079434688647,False,nan,0.3321248528423714,0.5103170087527896,False
0.5665,970604,0.3363015711101995,nan,0.24219728108415636,0.48206953189094826,0.48138368049919317,False,nan,0.33006398436124434,0.508722004202814,False
0.5670000000000001,966616,0.3349197813529066,nan,0.24047514809815168,0.4802654686927374,0.4797524685753198,False,nan,0.32798859093246713,0.5069088376476913,False
0.5675,962520,0.33350057101041125,nan,0.2396670918745449,0.4790652247541975,0.47811027662674227,False,nan,0.32560221694691366,0.5056650172963811,False
0.5680000000000001,958389,0.33206923362641505,nan,0.23737706788236387,0.47701282726313093,0.4764069917657452,False,nan,0.3234699920907664,0.5036390227498828,False
0.5685,954341,0.3306666546551208,nan,0.23618778462284584,0.4756401780982101,0.4748489356447157,False,nan,0.32131588472068523,0.5022459995954728,False
0.5690000000000001,950297,0.3292654616314266,nan,0.2351334481478446,0.47410901851642473,0.47323352132800117,False,nan,0.31918526797465835,0.5006618596684892,False
0.5695,946194,0.3278438258806311,nan,0.22949439396174598,0.4719158119597838,0.4715228657623198,False,nan,0.3168783218274576,0.4988515250706771,False
0.5700000000000001,942099,0.32642496202503574,nan,0.22812772930458253,0.47014607534168185,0.4698300923202266,False,nan,0.3146647696432759,0.4970370026791373,False
0.5705,938019,0.3250112954729408,nan,0.22775165507803263,0.4686877039277852,0.4682607475243709,False,nan,0.3125762062397324,0.4954583760222022,False
0.5710000000000001,933992,0.323615992726547,nan,0.22326019445817644,0.4670900042711287,0.4665805495833027,False,nan,0.31033260554157915,0.4941822053614566,False
0.5715,929881,0.3221915850805513,nan,0.21950971268537056,0.46488527022816467,0.46481143331237496,False,nan,0.30795304088373093,0.4921492210662529,False
0.5720000000000001,925758,0.3207630195917553,nan,0.2203015422502864,0.46325928579797315,0.4630441266577564,False,nan,0.30557212509139275,0.490254590636605,False
0.5725,921622,0.31932994977325896,nan,0.21841641179595436,0.46119216518611833,0.46121982911292364,False,nan,0.3031737968958488,0.4881672488961366,False
0.5730000000000001,917671,0.317960980031267,nan,0.21410419241450696,0.4592178465432061,0.4593891843973331,False,nan,0.30102831270512387,0.4864526970019504,False
0.5735,913765,0.316607602199776,nan,0.21297387294137915,0.45795026885120754,0.457815388256695,False,nan,0.2987828395916377,0.48516986839674403,False
0.5740000000000001,909857,0.31525353139448503,nan,0.21047418595892967,0.45627340691726503,0.4562185771963258,False,nan,0.2967754485870521,0.4835844314681912,False
0.5745,905911,0.31388629408699315,nan,0.20864574144634584,0.4545975691561689,0.45460653156584013,False,nan,0.2947322748509895,0.4819255500128159,False
0.5750000000000001,901919,0.3125031183821002,nan,0.20777858426760087,0.4533098333980193,0.45294807350215816,False,nan,0.2926699462811791,0.4805910833013991,False
0.5755,897801,0.31107628532780435,nan,0.2046940508227504,0.45130543829898595,0.45106207554214484,False,nan,0.29022640894913465,0.47870670357412315,False
0.5760000000000001,893887,0.30972013560111317,nan,0.20161709222702953,0.44942422490504264,0.44935225840266546,False,nan,0.2879741907653526,0.4769583507581551,False
0.5765,889898,0.3083379993569203,nan,0.19867416739588276,0.4477537832756503,0.44770935441194337,False,nan,0.285856328406294,0.47542929615118,False
0.577,885874,0.3069437360712266,nan,0.19666739849654663,0.4463088599626122,0.44604087054670366,False,nan,0.2837157646996609,0.4740468001255085,False
0.5775,881934,0.30557857768513486,nan,0.19480979513383626,0.4445107951274772,0.44442592577357604,False,nan,0.2817770049894823,0.47225535068232616,False
0.578,878015,0.30422069552394365,nan,0.1921846926544233,0.4430545215437916,0.442682473712396,False,nan,0.27934142239457943,0.4709289469759437,False
0.5785,874132,0.30287528689115323,nan,0.18640963961053314,0.4411239658398272,0.44087856850345813,False,nan,0.2772003956180179,0.469425557643082,False
0.579,870179,0.3015056241753612,nan,0.1882159838540005,0.4397711571615073,0.43930671478958716,False,nan,0.27541675940132204,0.46772173197345246,False
0.5795,866246,0.3001428911975696,nan,0.18833915032064102,0.4383977801840245,0.4378114145190032,False,nan,0.2736624869681701,0.46618207239106696,False
0.58,862394,0.29880822365867993,nan,0.18564459191905733,0.4370531802506335,0.43625304740885246,False,nan,0.2718108212602669,0.4649874678430309,False
0.5805,858571,0.2974836042398909,nan,0.18213343403773907,0.43508063516264367,0.43454578624554546,False,nan,0.270004465393022,0.4631858797320775,False
0.581,854620,0.2961146344978989,nan,0.17825470650911446,0.43306339063685817,0.432786804815592,False,nan,0.2677039411089708,0.46137546665105195,False
0.5815,850671,0.294746357729707,nan,0.17759832051145957,0.43109506921988877,0.4311782923040672,False,nan,0.2657861160875029,0.45926137463193645,False
0.582,846768,0.29339401935891607,nan,0.17932768628228274,0.4296501975784032,0.42960253256009173,False,nan,0.26375247813743014,0.4574638099446388,False
0.5825,842917,0.2920596983069264,nan,0.18011436373230055,0.4290696130057225,0.4281021328517213,False,nan,0.2618588590023477,0.456731307369436,False
0.583,838964,0.2906900355911344,nan,0.1809293608039176,0.4274589852731281,0.4264093935595341,False,nan,0.259907291996239,0.45485116576970697,False
0.5835,835007,0.2893189869277422,nan,0.17695216068600508,0.4251847743231435,0.4244608820465632,False,nan,0.2576842784203037,0.45276617583838114,False
0.584,831052,0.2879486312381501,nan,0.1762244520773815,0.4234818168725062,0.42286860686803485,False,nan,0.2557783077936427,0.4509548574052979,False
0.5845,827196,0.2866125777516604,nan,0.17376194257470476,0.4211863350610317,0.421271729611637,False,nan,0.254043932563083,0.4486779342261792,False
0.585,823194,0.2852259371777672,nan,0.1721889287400107,0.4196184730013404,0.41957220272779966,False,nan,0.2519582350488764,0.4471106445859325,False
0.5855,819368,0.2839002782982781,nan,0.17181968721783333,0.4181945918316119,0.4179596372456989,False,nan,0.24984146085146522,0.4455695812331428,False
0.586,815502,0.28256075994278806,nan,0.1704919583614588,0.4162311241845851,0.41628260369429354,False,nan,0.24787287091905089,0.44353547594271026,False
0.5865,811626,0.28121777671829784,nan,0.16915842069429932,0.41472901989295774,0.41463184319362406,False,nan,0.24592378483479121,0.4420146420261421,False
0.587,807760,0.27987825836280783,nan,0.17003608083263455,0.41343253875344194,0.4127790216603978,False,nan,0.24352820357583924,0.4404765896335316,False
0.5875,803925,0.2785494811012185,nan,0.1674084724109534,0.4117812933327004,0.41108997331208846,False,nan,0.24144138881092816,0.43893382899067235,False
0.588,800085,0.27721897140512913,nan,0.16692723705424103,0.4107960977512766,0.40949897753303094,False,nan,0.2393752572012647,0.437892637828725,False
0.5885,796326,0.27591652714794157,nan,0.16354965102751562,0.4089228633846803,0.4078965054946038,False,nan,0.23752134697303517,0.4361865536465874,False
0.589,792569,0.27461477586455413,nan,0.1623050929720591,0.40681944727262165,0.40616600963535376,False,nan,0.2354053296038519,0.4339877088615729,False
0.5895,788681,0.27326763479726357,nan,0.16102451242389396,0.4052181133044761,0.4046058722542174,False,nan,0.2334084588543194,0.4323507356245408,False
0.59,784872,0.2719478661950749,nan,0.16141714817798386,0.40369040882215257,0.4029551489583174,False,nan,0.23168058816836948,0.43060966000483797,False
0.5905,781102,0.2706416105819871,nan,0.16474627345718204,0.4023548251956419,0.40135523625765923,False,nan,0.23001762898250952,0.42875577538880405,False
0.591,777344,0.2693395128116996,nan,0.16394671865578,0.4010980853578617,0.39984881774283143,False,nan,0.22814266929154134,0.42744823721364855,False
0.5915,773522,0.26801523987981063,nan,0.16200927091059392,0.4002201513835786,0.39827553370907615,False,nan,0.22645294792566437,0.426688026991688,False
0.592,769691,0.26668784856582145,nan,0.16069358758082983,0.3981600798065024,0.3965576435973261,False,nan,0.22461056662378695,0.4245452456093549,False
0.5925,765968,0.2653978778370347,nan,0.1605093719981275,0.39666677775606607,0.39489721107723574,False,nan,0.22266704457332662,0.42290648950694815,False
0.593,762169,0.2640815741038463,nan,0.160595690646131,0.39557044034759936,0.39333734440113555,False,nan,0.2208124040771223,0.42167874586998466,False
0.5935,758425,0.2627843271501591,nan,0.1592761649395187,0.39442602057084863,0.39180712778940824,False,nan,0.21888314144582818,0.42055378230766305,False
0.594,754695,0.2614919310130723,nan,0.15810796847912734,0.3927730158192394,0.390253462407592,False,nan,0.21719161485916003,0.4188469099681407,False
0.5945,751058,0.26023175815768756,nan,0.15629496026279704,0.3914872900431557,0.38876215601515846,False,nan,0.21561855846868574,0.4176197711298622,False
0.595,747317,0.2589355506647005,nan,0.15675082433751852,0.3900517464324197,0.3872861200961799,False,nan,0.21390923385498983,0.4159740711096309,False
0.5955,743649,0.25766463671541506,nan,0.15482795300723373,0.3884653638606136,0.3856366756209082,False,nan,0.21231299557147837,0.41442507617765584,False
0.596,739979,0.2563930297923296,nan,0.15284448673509454,0.3865557152515609,0.38396441727590663,False,nan,0.2104456715624639,0.4125236295311683,False
0.5965,736329,0.25512835260724465,nan,0.15042422392727617,0.3850114703706595,0.38230651542589517,False,nan,0.20845968829190006,0.41107671997547995,False
0.597,732631,0.25384704405095854,nan,0.14918554197988362,0.3831084219082245,0.38077401134313227,False,nan,0.20678970437638983,0.40909985301137347,False
0.5975,728905,0.25255603386147174,nan,0.14602660493632075,0.38158159387546464,0.3791684761318867,False,nan,0.20505991430620826,0.4077543704242584,False
0.598,725191,0.2512691815147853,nan,0.1421711304988798,0.37987857771480865,0.3774825475402927,False,nan,0.20325408141026305,0.40629051629435625,False
0.5985,721547,0.2500065832511004,nan,0.13718975180899476,0.37771611535986793,0.3758379821442063,False,nan,0.20166460806272665,0.40444126686552045,False
0.599,717878,0.248735322814915,nan,0.13549321931540373,0.37624980671822505,0.37424974612345896,False,nan,0.2001314338951652,0.4030005386518718,False
0.5995,714175,0.2474522818241288,nan,0.13525689948266653,0.37495659461318076,0.37246770557651293,False,nan,0.19820097251245705,0.40158989407212675,False
0.6,710552,0.24619695978534445,nan,0.1349106303537275,0.3735010138179461,0.3708371705318548,False,nan,0.19654071966542364,0.40001105642508145,False
0.6005,706895,0.24492985719195928,nan,0.13478481628142563,0.37227141920755,0.3692627070123854,False,nan,0.194760339634617,0.398658819532675,False
0.601,703216,0.24365513188677362,nan,0.13193651001555437,0.37041808936140264,0.36753425572563275,False,nan,0.1930210645130592,0.3969160426220525,False
0.6015,699580,0.24239530551828897,nan,0.13175424536134997,0.3689370499176561,0.3659873851596259,False,nan,0.1910930411087064,0.3952906948683568,False
0.602,696008,0.2411576543114058,nan,0.13027892709812103,0.3675759057467569,0.3643731987449275,False,nan,0.18952576802494175,0.3939422367077164,False
0.6025,692443,0.23992242851282278,nan,0.12773221393748146,0.36638540575140044,0.3628736621775237,False,nan,0.18774024879818893,0.3929024270640581,False
0.603,688820,0.23866710647403844,nan,0.12454802879189539,0.36452891740315374,0.36115619459163173,False,nan,0.18591594002832174,0.39119346058218246,False
0.6035,685259,0.23743326662305553,nan,0.120754599354321,0.36258032631666676,0.35950116551440153,False,nan,0.18411028381488193,0.3894498515347051,False
0.604,681784,0.2362292246454746,nan,0.12098638554233579,0.36149176775331177,0.35803716154948717,False,nan,0.18260134655022456,0.38821458799897574,False
0.6045,678159,0.2349732096328902,nan,0.11757843713723495,0.3595893845759647,0.35645185107781774,False,nan,0.18094789673499556,0.38647948984693464,False
0.605,674604,0.23374144870330743,nan,0.11859873136174662,0.3581917927556625,0.35496969802452366,False,nan,0.17927251404614125,0.3848132440216532,False
0.6055,671074,0.23251834994622522,nan,0.11431798059341451,0.35696977209900277,0.35346993739822474,False,nan,0.17742386007503524,0.38393108226629036,False
0.606,667599,0.23131430796864433,nan,0.11218432720236575,0.3553810808250792,0.35190129399998477,False,nan,0.17562779868725786,0.382402942338714,False
0.6065,664015,0.23007249891896087,nan,0.10961025033902412,0.35331828390248343,0.3501239633642506,False,nan,0.17361876225983902,0.38039695429842335,False
0.607,660561,0.22887573316628046,nan,0.10729291403529453,0.3516012275278093,0.34861825443274846,False,nan,0.1721065308141175,0.3787465956936443,False
0.6075,657030,0.22765228792229825,nan,0.10473810261682732,0.3498512664779425,0.34696471400261447,False,nan,0.17048239253530292,0.3770860624625108,False
0.608,653582,0.22645760109101795,nan,0.10227917857331012,0.34833447624111347,0.34524918909630625,False,nan,0.16872976628742245,0.37567395375975826,False
0.6085,650091,0.22524801532303668,nan,0.10207178303471323,0.3466940749206778,0.34364474653140387,False,nan,0.16709399967337088,0.3738743295746738,False
0.609,646604,0.22403981550265548,nan,0.09987691795375621,0.3447089703705664,0.34212639136166384,False,nan,0.165595457592369,0.37191253175021194,False
0.6095,643186,0.22285552327837588,nan,0.09850984886825578,0.34317694857849007,0.3405295231478843,False,nan,0.16396027096138346,0.3703621818796272,False
0.61,639698,0.22164697697109467,nan,0.09852264931081664,0.34156171137448105,0.33893892791883884,False,nan,0.16238830062336268,0.3685660516037771,False
0.6105,636284,0.22046407069441518,nan,0.09623623543468829,0.3399470827860953,0.33727353566638074,False,nan,0.1606447303539856,0.3670260658251405,False
0.611,632809,0.21926002871683428,nan,0.09495103609657908,0.3385836546985728,0.3356902528820512,False,nan,0.1589976191530204,0.3656539456543499,False
0.6115,629370,0.2180684602676542,nan,0.09223340295077745,0.33751895521282893,0.33418821867454485,False,nan,0.157394666141838,0.364772905464168,False
0.612,625931,0.21687689181847414,nan,0.09034633830294911,0.336074993826306,0.33272965532582394,False,nan,0.15605263532775082,0.36337817777334563,False
0.6125,622527,0.21569745041079486,nan,0.09068669850162286,0.33527758540646946,0.3313908460474773,False,nan,0.15461350247453987,0.3624543506181191,False
0.613,619092,0.2145072679092149,nan,0.0897927634675335,0.3337148510377165,0.3298295713641368,False,nan,0.15286741278600224,0.36081730521218114,False
0.6135,615750,0.21334930868933707,nan,0.08609743513898549,0.33220236537699427,0.32834023926794986,False,nan,0.15144938970994778,0.35954735762566187,False
0.614,612326,0.21216293754365734,nan,0.08438245495124111,0.33035465619867627,0.32660771953092443,False,nan,0.14972447708275735,0.3576849007817246,False
0.6145,608903,0.21097691288487766,nan,0.083673859379855,0.32930359585530306,0.32509818145072317,False,nan,0.14806167662160652,0.35659578879701953,False
0.615,605602,0.20983315962790078,nan,0.08265942430744344,0.3280848308096734,0.3236221666017845,False,nan,0.14654242686116903,0.35535432042103227,False
0.6155,602272,0.20867935825082326,nan,0.08168079420120812,0.32636140320274826,0.32206512103117835,False,nan,0.14479154350206827,0.3535481375362527,False
0.616,598923,0.20751897362264526,nan,0.08380644783972796,0.32536532361849824,0.32061556907862204,False,nan,0.14314972411779472,0.35220519870502826,False
0.6165,595543,0.20634784790056657,nan,0.08202221664700328,0.3239860657294086,0.3191097893044522,False,nan,0.14174794292117654,0.3508709378496758,False
0.617,592222,0.20519716490558926,nan,0.08311731759477066,0.3228066825827581,0.31755637349366245,False,nan,0.14006760135555818,0.3494388342480901,False
0.6175,588892,0.2040433635285117,nan,0.0819252380583642,0.3213367607779221,0.31601664631879517,False,nan,0.13864864147530553,0.3479380410800952,False
0.618,585602,0.2029034216274351,nan,0.08271909544682515,0.32023136662888213,0.31444134277347524,False,nan,0.13702992932971636,0.34662161898244404,False
0.6185,582314,0.20176417270015856,nan,0.08155142132853001,0.31840204017171014,0.3128936819894061,False,nan,0.13550948336274535,0.3447187755987302,False
0.619,578944,0.20059651184708008,nan,0.0826672150208607,0.3170620085223719,0.3114067315289297,False,nan,0.13404949406827418,0.34310587446698426,False
0.6195,575580,0.19943092991540176,nan,0.08042573653209201,0.31558053603171893,0.3098862848679456,False,nan,0.13261307086674698,0.341708847087233,False
0.62,572286,0.19828960206672505,nan,0.07917463163810978,0.31402441947245796,0.30840446024968815,False,nan,0.13123296009681393,0.3401188403429411,False
0.6205,569056,0.19717044937964986,nan,0.07866494160239708,0.31263310832801217,0.3070037979403043,False,nan,0.1299667112846058,0.3386295712975249,False
0.621,565788,0.19603813019037375,nan,0.0788576477142353,0.3112092380135142,0.3054985958919716,False,nan,0.12863466398236353,0.3370260813801007,False
0.6215,562523,0.19490685046179773,nan,0.07824766607005759,0.3098645709848376,0.30409042096070515,False,nan,0.1271214459669009,0.3355997826420353,False
0.622,559224,0.19376379017862091,nan,0.07554073184814528,0.30822990469501865,0.30254865278216875,False,nan,0.1255117999605926,0.3340842572335601,False
0.6225,555910,0.19261553259194375,nan,0.07690791370137726,0.307419926959586,0.30120735467600657,False,nan,0.12423700780173026,0.3330323728771647,False
0.623,552652,0.1914866782716679,nan,0.07607922324617067,0.3063798368506744,0.29961135323779464,False,nan,0.12265448908400758,0.3319687939178415,False
0.6235,549434,0.19037168342739297,nan,0.07537817376847109,0.30471780798905,0.29808175166977885,False,nan,0.12130334665692863,0.33019998956911434,False
0.624,546336,0.18929826701112085,nan,0.07417245428412568,0.30377177120024423,0.2967516287367259,False,nan,0.12008751473962101,0.3292828064131463,False
0.6245,543141,0.18819124136554646,nan,0.07162600816123249,0.3022471158110925,0.2952489330746667,False,nan,0.1187497626876992,0.32787168332774363,False
0.625,539980,0.18709599627457285,nan,0.0696899356774602,0.30089058380330097,0.29369697938950085,False,nan,0.11724384754634451,0.3265795447061721,False
0.6255000000000001,536768,0.18598308035169805,nan,0.06966509937086443,0.29968352752640837,0.29227570662450886,False,nan,0.11597081407348735,0.3252411306548021,False
0.626,533626,0.1848944185118249,nan,0.0680124478676831,0.29834509823412936,0.2909371256019807,False,nan,0.1149078893872717,0.3239376149415123,False
0.6265000000000001,530426,0.1837856604317504,nan,0.0660805170935152,0.29686878512924325,0.2894429778448392,False,nan,0.11327372688058726,0.3225119260221019,False
0.627,527318,0.18270877914647804,nan,0.06501569132018978,0.2953691172406835,0.2880426726574433,False,nan,0.11200727787794523,0.3209639423429606,False
0.6275000000000001,524192,0.18162566109700523,nan,0.06411349312284818,0.29400076248724505,0.28662164003301727,False,nan,0.11073538034032593,0.3195437924166225,False
0.628,521152,0.18057234092093447,nan,0.06289088077332292,0.2926003262385499,0.28529936417203794,False,nan,0.10930930560567555,0.3181235979569085,False
0.6285000000000001,518016,0.17948575800246144,nan,0.060495170591246615,0.291306736374764,0.28392711060517356,False,nan,0.10805074099777467,0.3169524659062659,False
0.629,514816,0.17837699992238693,nan,0.059562232243415725,0.28995800857514625,0.28249516536914815,False,nan,0.10692716395608376,0.3155575392786719,False
0.6295000000000001,511704,0.1772987326895145,nan,0.05831054725418808,0.28823340534503294,0.28103372822124434,False,nan,0.10541391372429838,0.3137803895773491,False
0.63,508600,0.1762232373518422,nan,0.05889538496113851,0.28725172626794143,0.27961213007132124,False,nan,0.10408302546480744,0.31262465307980836,False
0.6305000000000001,505616,0.17518932044217272,nan,0.05911994353271215,0.2856428425925039,0.278149109372496,False,nan,0.10284911357010608,0.31081205359914743,False
0.631,502574,0.1741353072923019,nan,0.05646350241924355,0.2842470460958677,0.27670445528510945,False,nan,0.10161822261903893,0.3095563287266037,False
0.6315000000000001,499510,0.17307367143063054,nan,0.05358822672355067,0.28258952302631607,0.2752350713555604,False,nan,0.10023528225957949,0.30803411150440113,False
0.632,496366,0.17198431661695734,nan,0.05281768205602666,0.2809561477965312,0.2736985794739792,False,nan,0.09899809976843726,0.30630486621214287,False
0.6325000000000001,493348,0.17093861915268707,nan,0.05055942735414172,0.2793905307710739,0.2721821556206415,False,nan,0.09766912793438187,0.30481620892851075,False
0.633,490266,0.1698707465268153,nan,0.05018809900089916,0.2783391999640862,0.27085891041511423,False,nan,0.09646005871510085,0.30368932229332923,False
0.6335000000000001,487299,0.16884271989444624,nan,0.05051367287941771,0.27702361944991316,0.26950250914544704,False,nan,0.0955097416162337,0.30219139129107936,False
0.634,484318,0.1678098424454768,nan,0.05171854076541087,0.27581201945360173,0.2682121139601716,False,nan,0.09433941381390633,0.30071129486340076,False
0.6345000000000001,481291,0.16676102659910635,nan,0.052263044083071974,0.2748359854909991,0.26684970681410053,False,nan,0.09331833614268586,0.29956631231410213,False
0.635,478228,0.165699737224335,nan,0.05112337836182644,0.2736356803380589,0.2653812725357767,False,nan,0.0920621485438194,0.2983592694465292,False
0.6355000000000001,475317,0.16469111385836724,nan,0.050826516099849714,0.27251309197252127,0.26404686342616335,False,nan,0.09074758916967955,0.2971449337361514,False
0.636,472267,0.16363432881329623,nan,0.05164591359690144,0.270930965768083,0.2626561747435197,False,nan,0.08963203017663103,0.29529597156488097,False
0.6365000000000001,469335,0.16261842922242795,nan,0.051199764479957374,0.2697490761883909,0.26140144700007745,False,nan,0.0885945051180657,0.2940323330448835,False
0.637,466385,0.16159629286735927,nan,0.04988071054775159,0.26820497547061123,0.2600289695793006,False,nan,0.08736318558595202,0.29246322712870676,False
0.6375000000000001,463500,0.1605966781607921,nan,0.047447244451124915,0.26670711803310676,0.2586606389742947,False,nan,0.08616256972950956,0.2910693262088826,False
0.638,460523,0.1595651866594228,nan,0.04502395355043062,0.26488887472676204,0.25723264775738713,False,nan,0.08509002735983072,0.2893183104130211,False
0.6385000000000001,457579,0.15854512922575423,nan,0.04402926148246866,0.2631436035503241,0.255725758718468,False,nan,0.08403373985681731,0.2874896415578636,False
0.639,454708,0.1575503653357874,nan,0.0421462538864504,0.26190026712352704,0.25449058413460046,False,nan,0.08306792422508977,0.2863173797054245,False
0.6395000000000001,451818,0.15654901819472009,nan,0.04134737633801927,0.2603841155917583,0.25318377277130444,False,nan,0.08207598932974743,0.28472153106439596,False
0.64,448915,0.1555431667239525,nan,0.0416720115244367,0.25923168439449934,0.2517066383911635,False,nan,0.08076551329152379,0.28340498138006187,False
0.6405,446147,0.15458409098468806,nan,0.03878580592330877,0.2575053862785553,0.2503292994438011,False,nan,0.07965207317883247,0.28180756187358263,False
0.641,443326,0.15360665143972238,nan,0.035668652071096256,0.2557995008285776,0.2489539723864879,False,nan,0.0787620997408604,0.2802584840238532,False
0.6415,440523,0.1526354486589571,nan,0.034422207141445976,0.2543613811737911,0.24759620742881278,False,nan,0.07780687183580941,0.278799067177385,False
0.642,437784,0.15168642103979332,nan,0.031168758730337878,0.25253399638199847,0.24622658094401167,False,nan,0.07684026212381495,0.27713013389884966,False
0.6425,434997,0.15072076204942844,nan,0.03234586968138921,0.25159485647465935,0.2449698060049999,False,nan,0.07562438093438895,0.27595585500724484,False
0.643,432206,0.14975371711146346,nan,0.03268666322241586,0.250302111475484,0.2435755104792729,False,nan,0.07451785394740211,0.27448160572582486,False
0.6435,429389,0.14877766351409785,nan,0.03223436442320105,0.24893628450938182,0.24218729527930646,False,nan,0.07356851312687329,0.27301427563006864,False
0.644,426609,0.14781442993203314,nan,0.03158525128707611,0.24797147342790105,0.2409993003998734,False,nan,0.07254843029107415,0.2720143869991038,False
0.6445,423904,0.14687718286747015,nan,0.028877112068737203,0.246666133681463,0.2395898874102582,False,nan,0.07141854780114003,0.27086491386065475,False
0.645,421189,0.14593647093390694,nan,0.026451740677287207,0.2445815968928214,0.23814314187355978,False,nan,0.07027243267022855,0.26881824758343636,False
0.6455,418409,0.1449732373518422,nan,0.02667226045746955,0.24333837496472407,0.2367929402612439,False,nan,0.06922540388315052,0.2674123876877524,False
0.646,415653,0.14401831945537802,nan,0.02648880612411571,0.24206894654556818,0.2355371339076368,False,nan,0.06805404722567034,0.2660222954812851,False
0.6465,412885,0.1430592437161136,nan,0.026236738002834742,0.2405336268122768,0.23425294428307222,False,nan,0.06708618001699601,0.2643443922355482,False
0.647,410091,0.14209115931744853,nan,0.024277495141068264,0.2386144462765299,0.23284643716464548,False,nan,0.06603894800621476,0.26242966306935894,False
0.6475,407436,0.14117123659788672,nan,0.024443463438029504,0.2376931581688388,0.23159819492361064,False,nan,0.06494478626692585,0.2613875686944843,False
0.648,404746,0.14023918683682407,nan,0.023019231414400484,0.2365470605785449,0.23033152111196034,False,nan,0.06399786778465462,0.2602723749301165,False
0.6485,402055,0.13930679058886142,nan,0.022389775137960956,0.23530260127307354,0.22908835077268094,False,nan,0.06314182411635237,0.2589595819547527,False
0.649,399332,0.138363306760098,nan,0.02117690745595521,0.2336397760156587,0.2277041372665496,False,nan,0.0621937407695278,0.2572467614111813,False
0.6495,396636,0.13742917807763524,nan,0.019320473653552654,0.23200934605701615,0.22631678850530265,False,nan,0.06121840986691767,0.2556414429907343,False
0.65,393994,0.1365137596877737,nan,0.0179092578603903,0.2308078124098961,0.22504624352109392,False,nan,0.06034995688825594,0.25446320735984124,False
0.6505,391392,0.13561220077391314,nan,0.018818140072737338,0.22954483212792579,0.22380922454224353,False,nan,0.059427729576071855,0.2529589090229467,False
0.651,388793,0.13471168132075262,nan,0.01901776210773389,0.22814161098735503,0.22259888651799534,False,nan,0.05873866473175126,0.25137759419620187,False
0.6515,386162,0.13380007428679136,nan,0.019546140329121924,0.22708824192309499,0.2214365894851242,False,nan,0.05800645606887287,0.25014847543353635,False
0.652,383635,0.13292450189043253,nan,0.018580956241912534,0.22546100946758316,0.22023143957742328,False,nan,0.05715057060535827,0.24844768204821324,False
0.6525,381042,0.13202606135867215,nan,0.01916934261912153,0.22395580083956554,0.21909686875761145,False,nan,0.056411451932174166,0.24670985175294824,False
0.653,378421,0.13111791919371113,nan,0.01819888754950521,0.22295089816883196,0.21793687915632878,False,nan,0.05553116145056095,0.24570112157097934,False
0.6535,375844,0.13022502245235112,nan,0.01673448644894452,0.22148439482107923,0.21666254286517622,False,nan,0.05461637526416578,0.24423438464020533,False
0.654,373272,0.12933385814549123,nan,0.017076175855673136,0.22025171767301216,0.2155550657642112,False,nan,0.0538415265209165,0.24282677787493873,False
0.6545,370668,0.1284316062578306,nan,0.018769675977685005,0.21936376111783823,0.21430522133564733,False,nan,0.05300272538793446,0.24165199280007751,False
0.655,368023,0.12751514840726902,nan,0.01771057311492342,0.21781881214351836,0.21303134135413881,False,nan,0.05211710395745657,0.2400530609244734,False
0.6555,365528,0.12665066359171093,nan,0.01894473261433805,0.21660788510476267,0.2118192028122424,False,nan,0.051286444195419736,0.23857045760369877,False
0.656,362965,0.12576261766695124,nan,0.020033628885252133,0.2153412930561287,0.2106322646438398,False,nan,0.05049026296090102,0.23704214463067055,False
0.6565,360354,0.12485794037099045,nan,0.02107850166168812,0.21356400766296618,0.20931230344015872,False,nan,0.049566152087819546,0.23495128610755264,False
0.657,357879,0.12400038529343282,nan,0.02057835508798472,0.21224162040094247,0.20815117788974236,False,nan,0.048851543203309894,0.23353753876904884,False
0.6575,355384,0.12313590047787473,nan,0.02048218932286829,0.21100856643432836,0.20694907966573034,False,nan,0.048169276612240075,0.23217816389115725,False
0.658,352813,0.12224508265791487,nan,0.021151505926847433,0.21034276789448808,0.2057925532974311,False,nan,0.047448841535466524,0.23136401922422595,False
0.6585,350373,0.12139965462185806,nan,0.021140140023612752,0.20950738789379883,0.20459270315450317,False,nan,0.04673917695656456,0.2304370821015973,False
0.659,347971,0.12056739308800213,nan,0.020933920704609914,0.20856720306953988,0.20351040045295493,False,nan,0.045920067864595196,0.22941534555453208,False
0.6595,345533,0.11972265802574536,nan,0.02034144237768744,0.20726290033671138,0.20234114394364378,False,nan,0.0452014903420405,0.2280319512210474,False
0.66,343051,0.11886267753988757,nan,0.0204660384933066,0.20586243226732526,0.20106414009339585,False,nan,0.044609090582553,0.22646203157554956,False
0.6605,340634,0.1180252187025313,nan,0.021851676523192136,0.2052629160739759,0.1999424183362531,False,nan,0.04398138652305682,0.2256419426907296,False
0.661,338222,0.11718949229967514,nan,0.021976619156612278,0.2043214169208963,0.1988034771981866,False,nan,0.04326550712680211,0.22458195000581677,False
0.6615,335846,0.11636623942521981,nan,0.0215995241051849,0.20244680168505597,0.19758518949007534,False,nan,0.04278346244188417,0.22254094363837496,False
0.662,333450,0.11553605681276402,nan,0.021769085314347625,0.20140188201052261,0.19646940661679044,False,nan,0.04210428499286801,0.22136108164343096,False
0.6625,331089,0.11471800124180905,nan,0.021504317908335582,0.2001212834788368,0.195235729232138,False,nan,0.0413240455683478,0.21996761298667025,False
0.663,328656,0.1138749986140524,nan,0.020559989268296174,0.1988939874475057,0.19403904503709557,False,nan,0.040605723440997665,0.21870887613408455,False
0.6635,326253,0.11304239059329645,nan,0.019364047870812754,0.1972946125609328,0.19282184139930447,False,nan,0.040136143537875056,0.21706467530427945,False
0.664,323922,0.11223472962934217,nan,0.018799600561866872,0.1959795205010498,0.19172585342428394,False,nan,0.039640686636692374,0.21566617827207013,False
0.6645,321616,0.11143573083788848,nan,0.016557620208470986,0.19448280277509314,0.19056999670434221,False,nan,0.03890573024888866,0.21425226750471785,False
0.665,319336,0.1106457407058354,nan,0.016907583214563485,0.1934467175037553,0.18941678766317638,False,nan,0.038217739977769935,0.21306217686922102,False
0.6655,317016,0.10984189109778138,nan,0.01584594130766806,0.19207681621244793,0.18810903534510834,False,nan,0.03741790221032512,0.21165802453520127,False
0.666,314682,0.10903319067312703,nan,0.014917329056385582,0.19055458646917728,0.18699248053359985,False,nan,0.03679087751398171,0.2100698372928208,False
0.6665,312355,0.10822691565677285,nan,0.013498181529556378,0.18967575072420875,0.1858775152160318,False,nan,0.036276345294668555,0.2092510361902812,False
0.667,310097,0.10744454823652028,nan,0.014682163434643687,0.18894363448982326,0.1848214104827224,False,nan,0.03568655849526138,0.208306020162621,False
0.6675,307832,0.10665975540796753,nan,0.015123457183271202,0.18791963057385097,0.18369103694277794,False,nan,0.03502134306194525,0.20711920539502648,False
0.668,305564,0.10587392311871473,nan,0.015107063555436081,0.18688741953752427,0.18260475454915231,False,nan,0.034283557474011114,0.20597412575775634,False
0.6685,303281,0.10508289352596158,nan,0.015337459466895166,0.1856416937085335,0.18138773122165258,False,nan,0.03363554743136413,0.20456438640204888,False
0.669,301105,0.1043289380315109,nan,0.015379904607889818,0.18498486214687568,0.18024746208622708,False,nan,0.03277677098849291,0.20382985742898527,False
0.6695,298870,0.10355453980995886,nan,0.015368702766793696,0.18361385536963867,0.17912961498409546,False,nan,0.03225087193753123,0.20230776121439922,False
0.67,296652,0.10278603186570723,nan,0.014652420703068656,0.18253056199490175,0.17797945718433456,False,nan,0.03165438548605823,0.20118368880510543,False
0.6705,294437,0.10201856338215565,nan,0.014235098743439815,0.1815445841599939,0.1769381580219098,False,nan,0.031051759519970256,0.20013452698405543,False
0.671,292281,0.10127153762570544,nan,0.014120806255739431,0.18061287458197056,0.1758691735864667,False,nan,0.03046765425898701,0.19911199328488513,False
0.6715,290062,0.10050268319455379,nan,0.013009841627267255,0.17967254071937608,0.17478248464186183,False,nan,0.029976618824342598,0.19819061839627705,False
0.672,287880,0.09974664877870297,nan,0.012379155839752238,0.17837771256299334,0.17372236860936707,False,nan,0.02947642370942963,0.19682199664335348,False
0.6725,285769,0.09901521493275382,nan,0.01088877550140012,0.1774254075407806,0.1726994419391991,False,nan,0.02888573471026641,0.1959294777673784,False
0.673,283551,0.09824670698850217,nan,0.009968370794675989,0.17592554256110798,0.17152994866157167,False,nan,0.028344077603454157,0.19436522831293374,False
0.6735,281397,0.09750037420585203,nan,0.010057995839337986,0.17501023455957676,0.1704772726372417,False,nan,0.027652479379960165,0.19333826108404775,False
0.674,279254,0.09675785277910212,nan,0.009520294477632828,0.17398706252433963,0.16944291568871508,False,nan,0.02709045086136305,0.19226114786286258,False
0.6745,277203,0.09604720814715437,nan,0.009746381520190379,0.17274705597158144,0.1683772477337567,False,nan,0.026544904836022502,0.190858242021736,False
0.675,275085,0.09531334889290506,nan,0.010091182141908728,0.17210490736624023,0.16742956642090467,False,nan,0.026115633916265864,0.19010643239116598,False
0.6755,272965,0.09457879666485569,nan,0.009405185908831644,0.1708397627001191,0.16631694155132162,False,nan,0.02548383797735199,0.18877693789915104,False
0.676,270803,0.09382969198700536,nan,0.00819833650977329,0.16910981237646824,0.16519900099576412,False,nan,0.024970107138298833,0.18698886525054548,False
0.6765,268735,0.0931131570777572,nan,0.008600498872082994,0.16812557756202096,0.1641674624213004,False,nan,0.024672757873759363,0.18585058630534737,False
0.677,266674,0.09239904757680921,nan,0.009160519108914831,0.16718121943901268,0.1631550933320385,False,nan,0.02431337645256051,0.18473907503124576,False
0.6775,264601,0.09168078023306095,nan,0.007714002771900127,0.16583297275681907,0.16206852716741804,False,nan,0.023776970365679703,0.18340174719958782,False
0.678,262571,0.09097741182601368,nan,0.008802260086288326,0.16501645386866032,0.16102302159216644,False,nan,0.023282952083835504,0.1823735865111461,False
0.6785,260630,0.09030488075306849,nan,0.009116175501880274,0.16388714497196055,0.16010379924396548,False,nan,0.022761358500667943,0.18108391935752502,False
0.679,258609,0.08960463072812143,nan,0.00942233611541399,0.1632751954385736,0.15918073512169695,False,nan,0.0223033808090783,0.18036995758559132,False
0.6795,256632,0.0889196261267754,nan,0.009588904125819015,0.16195196000104878,0.15820332615857044,False,nan,0.021843826389314924,0.17888118843162987,False
0.68,254652,0.0882335820647293,nan,0.008788994522928134,0.16062267501169822,0.15716676960263679,False,nan,0.021484917180765256,0.17749308395489488,False
0.6805,252645,0.08753818285638257,nan,0.00821465564725995,0.15943051738128727,0.15615195037292132,False,nan,0.021048686345238196,0.17623227979617923,False
0.681,250693,0.08686184042753711,nan,0.007949750319311517,0.158235049940291,0.1552135248951027,False,nan,0.020613444400277105,0.1749334165648443,False
0.6815,248773,0.0861965855794924,nan,0.007267107132028087,0.15732132883696814,0.15428729597539098,False,nan,0.020160565244866906,0.17399402013751705,False
0.682,246879,0.0855403393908483,nan,0.006565728285908515,0.15643311775972044,0.15338612094431797,False,nan,0.019727137489940608,0.17308504992347734,False
0.6825,245009,0.08489240888780478,nan,0.006859280709382627,0.1552727531493852,0.15233224985348337,False,nan,0.01929563103944881,0.17176313897605217,False
0.683,243070,0.08422057078865962,nan,0.006176593259618427,0.1536341723893428,0.15116220319930562,False,nan,0.01874521419019337,0.17001834784820105,False
0.6835,241251,0.08359031111751727,nan,0.0067933890504926955,0.1526493079900131,0.1502246129787812,False,nan,0.01841606092758069,0.1688555212055154,False
0.684,239393,0.08294653845727401,nan,0.00698332508430732,0.15167962328817522,0.149249669200039,False,nan,0.018070412635041368,0.16775698975527165,False
0.6845,237459,0.08227643279262897,nan,0.007182212677371343,0.15077756648086776,0.14823994293084405,False,nan,0.017609665448493298,0.16673260579236737,False
0.685,235636,0.08164478717388653,nan,0.007949666537373359,0.1496195821512597,0.1473539721911721,False,nan,0.017192355827058293,0.16536068388613598,False
0.6855,233792,0.08100586533024359,nan,0.00790412824753643,0.14870122118166734,0.14639759694686613,False,nan,0.016814453244093322,0.164345342618793,False
0.686,231919,0.08035689536649998,nan,0.00716410484759082,0.14752748088944287,0.14537998309582573,False,nan,0.01642075820604105,0.16312341156075977,False
0.6865,230074,0.07971762703595703,nan,0.007006406091659698,0.14644359112064903,0.14442250034023754,False,nan,0.016036968999836133,0.16193661167942563,False
0.687,228300,0.07910295927531572,nan,0.006822169449804002,0.14539273972311392,0.14345193365862108,False,nan,0.015608046230036358,0.16078946975348168,False
0.6875,226485,0.07847408555177346,nan,0.006815496742963209,0.14403368081763251,0.1424547535596173,False,nan,0.015287633007647619,0.15928014571481802,False
0.6880000000000001,224683,0.0778497161579315,nan,0.006562935690935877,0.1428618691741841,0.14146555650746098,False,nan,0.014993873176272139,0.1580061951167672,False
0.6885,222926,0.07724093867459059,nan,0.0073713278770621065,0.14173074937195057,0.14064375497741047,False,nan,0.014766831823160673,0.15665957398249375,False
0.6890000000000001,221201,0.07664324877205042,nan,0.008012859029449263,0.14118609351693043,0.13979073585710988,False,nan,0.014510477889027281,0.15598311957109504,False
0.6895,219415,0.07602442316860884,nan,0.007042256536337332,0.14000826210612066,0.1388601237889699,False,nan,0.013999931022171713,0.1547822627249855,False
0.6900000000000001,217637,0.07540836946036744,nan,0.006715688068862989,0.13921894055022682,0.13796457687160935,False,nan,0.013625034728054231,0.15394152415926723,False
0.6905,215891,0.07480340333292679,nan,0.006684475788973248,0.13795476323107786,0.13703844719780947,False,nan,0.013375410386765174,0.15254035072464509,False
0.6910000000000001,214187,0.07421298965528711,nan,0.0073952710659343475,0.1370538709364611,0.13621342731362723,False,nan,0.01313851694026163,0.15146038203318626,False
0.6915,212486,0.0736236154383475,nan,0.00690634167244666,0.13585132427160357,0.13526784294019203,False,nan,0.012843984726733197,0.1501785445603988,False
0.6920000000000001,210770,0.07302904391790756,nan,0.006521127027719065,0.13505002674096583,0.13429148226459925,False,nan,0.012620679242228235,0.14933101559799325,False
0.6925,209085,0.07244521349136832,nan,0.004977176337875635,0.13406505853137124,0.13337081471184448,False,nan,0.012284669420193973,0.14840815655287073,False
0.6930000000000001,207506,0.07189811067623156,nan,0.004916464737475401,0.13332176581260197,0.13250602558240862,False,nan,0.011937994773799674,0.14758902148761602,False
0.6935,205812,0.07131116186759211,nan,0.004571817964573486,0.13247916196932238,0.13157853631846803,False,nan,0.011707337989329426,0.14669108908096112,False
0.6940000000000001,204166,0.07074084443015378,nan,0.004750210424788661,0.1317499147281356,0.1308048648572117,False,nan,0.011514256095645412,0.14586099298406305,False
0.6945,202542,0.07017814970451597,nan,0.004224712718856295,0.13117968420670803,0.12994845848153003,False,nan,0.011231926012293485,0.14528579214980264,False
0.6950000000000001,200945,0.0696248101251788,nan,0.00441421731164022,0.1301471776260952,0.12896692353786418,False,nan,0.010770870978386993,0.14411750654992353,False
0.6955,199420,0.06909641760264328,nan,0.004219528028547108,0.1292101466341935,0.1281753808557724,False,nan,0.0105818521263029,0.14309799314593197,False
0.6960000000000001,197812,0.06853926666740584,nan,0.004000439516436719,0.12837363536632979,0.1272965346830912,False,nan,0.010354718998871477,0.14219287934965125,False
0.6965,196226,0.06798973844396891,nan,0.004012563787973433,0.1276129260123141,0.12637921016613574,False,nan,0.010098354376644662,0.1413462995927964,False
0.6970000000000001,194723,0.06746896863323391,nan,0.0038527284299939546,0.12700390322767263,0.12569281809415406,False,nan,0.00984695601444803,0.1406873670940814,False
0.6975,193145,0.06692221230499718,nan,0.003406730798173797,0.12601052256009254,0.12477706655635518,False,nan,0.009555404933145528,0.13963316608919463,False
0.6980000000000001,191567,0.06637545597676044,nan,0.0032451262070491405,0.12487213094582272,0.12383815243176945,False,nan,0.009297541439565927,0.13838624258346424,False
0.6985,190038,0.06584567750662483,nan,0.003393744942336212,0.1240450603957727,0.1229966614920871,False,nan,0.009039113859557552,0.13745076211282126,False
0.6990000000000001,188489,0.06530896929848876,nan,0.0032304375696181656,0.12292270506496453,0.12219565215957574,False,nan,0.0088008477880494,0.13622184589778077,False
0.6995,186986,0.06478819948775377,nan,0.003922311281294348,0.12199381465955168,0.12141292551774768,False,nan,0.008640229953948673,0.13511287059046917,False
0.7000000000000001,185446,0.0642546096617179,nan,0.004148094703117875,0.1211315864489497,0.12063761737030278,False,nan,0.00848803502111452,0.13412975219848658,False
0.7005,183977,0.06374562040558371,nan,0.004144425996283257,0.12024777142909308,0.11984372611266975,False,nan,0.00828099009513129,0.13314814314384976,False
0.7010000000000001,182468,0.06322277167344857,nan,0.0038245888781837296,0.11925037318899263,0.11895469890774667,False,nan,0.008015066221168769,0.13207546033463805,False
0.7015,181043,0.06272902784091539,nan,0.004412075674163276,0.11838120206279931,0.1182351949716906,False,nan,0.0078852689870914,0.13104443832820334,False
0.7020000000000001,179611,0.06223285860008205,nan,0.004363428239278555,0.11764695028150951,0.11742421736471872,False,nan,0.007610698951903284,0.13023400828620182,False
0.7025,178149,0.06172629475224801,nan,0.004788476550844198,0.11653153531791338,0.11661513441412776,False,nan,0.0074333593802652234,0.12894743073647663,False
0.7030000000000001,176679,0.06121695900921378,nan,0.004800706803972959,0.1155930047169385,0.115778331462097,False,nan,0.007211785868285962,0.12790326004060135,False
0.7035,175252,0.060722522202880554,nan,0.005078904936249405,0.11489148842237237,0.11503483209109217,False,nan,0.006988186786907388,0.12709288658749715,False
0.704,173882,0.060247835149848654,nan,0.004453903468694044,0.11400641553359836,0.11424063635231523,False,nan,0.006776529002705125,0.1261789168741433,False
0.7045,172503,0.059770029714716545,nan,0.00496438049538083,0.11308087887473013,0.11347017951541878,False,nan,0.006558878728464676,0.12509382313910228,False
0.705,171072,0.05927420696078323,nan,0.005237350243069604,0.11268331290455973,0.11267443810375648,False,nan,0.00638066918441746,0.12462175320028084,False
0.7055,169686,0.05879397611735095,nan,0.0054237265121591565,0.11170640564835813,0.11188803442504734,False,nan,0.006119412930304021,0.1235155922190469,False
0.706,168265,0.05830161823241787,nan,0.005236086191570226,0.11071590591274268,0.1110830255081978,False,nan,0.005992285032618481,0.12243588588176182,False
0.7065,166858,0.05781411116408511,nan,0.004631468139004165,0.1097441391082731,0.1103370246606432,False,nan,0.0058986596777367796,0.12142332477152522,False
0.707,165468,0.057332494373052746,nan,0.004169839452769848,0.10873254433312948,0.1095594982318975,False,nan,0.005721137252197092,0.12035062265316945,False
0.7075,164118,0.05686473705802131,nan,0.003940793175769562,0.10763144629993382,0.10873611479653741,False,nan,0.0055387555674506804,0.11915262998039651,False
0.708,162781,0.05640148407269018,nan,0.004208128857756511,0.1069710426642502,0.10792692178332335,False,nan,0.005421572747396937,0.11838914419830505,False
0.7085,161429,0.0559330337838587,nan,0.003906431833707609,0.10612187645918647,0.10706920739233047,False,nan,0.005233418255795592,0.1174791480842397,False
0.709,160067,0.055461118626026984,nan,0.0042540744665047325,0.10524679183245064,0.10622639745775223,False,nan,0.005044146123326028,0.11646820487311131,False
0.7095,158734,0.05499925158829595,nan,0.00364848557688993,0.10433477904922553,0.10547728329875382,False,nan,0.004906564203546159,0.11552214499059615,False
0.71,157400,0.05453703806366489,nan,0.0034493936472624028,0.10344969464153202,0.1046901894834635,False,nan,0.004792503281352904,0.11456083919645087,False
0.7105,156123,0.054094574292335156,nan,0.0034888536264302524,0.10256089633151837,0.10393431745321209,False,nan,0.004698682437314637,0.11356890107652814,False
0.711,154901,0.0536711673005067,nan,0.0033523720936123754,0.10182635027596043,0.10329202646375493,False,nan,0.004539490014239827,0.1127679034073324,False
0.7115,153611,0.053224199199476664,nan,0.003456623528991823,0.10062481977538104,0.1025134026017145,False,nan,0.004389085033312201,0.11142128602497986,False
0.712,152347,0.052786239757847235,nan,0.0039392806555147005,0.10007800472739378,0.1018320642655984,False,nan,0.004262111122298262,0.11076008517982477,False
0.7125,151055,0.05233857868301715,nan,0.003874966411695766,0.09957101663700683,0.10107427724768474,False,nan,0.004121647870631436,0.11020391110648584,False
0.713,149727,0.05187844407978623,nan,0.003644711778251657,0.09886157521732047,0.10033546813169261,False,nan,0.003966429242557761,0.10944122671055034,False
0.7135,148452,0.05143667328225655,nan,0.0028505168557098628,0.09785468405145814,0.09958572423428314,False,nan,0.003844025185326107,0.10841070262876351,False
0.714,147145,0.05098381490392611,nan,0.0031706466920074314,0.09714705863456545,0.09884410110372563,False,nan,0.003754353720594525,0.10758888218373858,False
0.7145,145926,0.05056144737279773,nan,0.0031706466920074314,0.09634072796325212,0.09803100322707894,False,nan,0.0036148091996904864,0.10669295921561264,False
0.715,144629,0.05011205386346753,nan,0.002868914070745662,0.09558289197760977,0.09729039341187756,False,nan,0.0034857602383516536,0.10588444507837244,False
0.7155,143392,0.04968344956813873,nan,0.0028244309729702384,0.09495756045960882,0.0966290512833199,False,nan,0.0033218728590117615,0.10519457484701308,False
0.716,142191,0.04926731880121076,nan,0.002341127167701052,0.09433502788782899,0.09588808715902729,False,nan,0.0032255660304902276,0.10455657241228763,False
0.7165,140924,0.04882831989888126,nan,0.0023526811854963138,0.09327844315355642,0.09512927092168515,False,nan,0.0031171129864366503,0.10338130559445198,False
0.717,139627,0.04837892638955106,nan,0.0018678674121223445,0.09244523056743946,0.09437552910105378,False,nan,0.002997237879200983,0.10250938202914137,False
0.7175,138439,0.047967299952323406,nan,0.0020311538910298623,0.09174804681254452,0.09367561630651361,False,nan,0.0028522942124984013,0.1017165904704906,False
0.718,137230,0.04754839729019525,nan,0.0018733300610606532,0.09104077015116015,0.09298941342990312,False,nan,0.0027632043470014562,0.10094826349450453,False
0.7185,136071,0.047146818973068265,nan,0.001896575728773378,0.09048734864269241,0.0923645016118495,False,nan,0.0026179275101430774,0.10033076785535006,False
0.719,134906,0.04674316173454114,nan,0.002066716749955673,0.08967565433361398,0.09174065384547296,False,nan,0.0025791565725833926,0.09940998073179823,False
0.7195,133688,0.04632114069031278,nan,0.002157737029461409,0.08904624233920151,0.09102055338649914,False,nan,0.002390922556448818,0.09870052070695039,False
0.72,132587,0.04593965861338715,nan,0.002151927984865644,0.08834866159235095,0.09037322523909451,False,nan,0.0022829055637022997,0.0979260764376271,False
0.7205,131384,0.04552283487265914,nan,0.0020746630685450724,0.08762037898039862,0.08966628206927818,False,nan,0.002183887862858113,0.09712545852616013,False
0.721,130146,0.04509388409043031,nan,0.0020762603899862316,0.08703363584757287,0.08886328855178727,False,nan,0.00209861426866047,0.09647334423174916,False
0.7215,129059,0.044717252830105,nan,0.001988157701501642,0.0864002344394932,0.08824749503791966,False,nan,0.001988157701501642,0.09575087342148353,False
0.722,127881,0.04430909126187757,nan,0.0019437869634465834,0.08611734637725696,0.0875393094420485,False,nan,0.0019437869634465834,0.09541920999188935,False
0.7225,126737,0.043912710248250934,nan,0.0019216695192272187,0.0852221865920088,0.08681144115773538,False,nan,0.0019216695192272187,0.09442458800828028,False
0.723,125581,0.04351217139182402,nan,0.0019026021005206378,0.0846919690161625,0.08613507996060583,False,nan,0.0019026021005206378,0.09385323797240404,False
0.7235,124448,0.04311960173409764,nan,0.0018629311802554045,0.08377666975244297,0.08544534546269673,False,nan,0.0018629311802554045,0.09282717561736131,False
0.724,123318,0.042728071537071324,nan,0.0017635867279920411,0.08291264127317356,0.08471770424824084,False,nan,0.0017635867279920411,0.09186714397372864,False
0.7245,122195,0.042338966748345176,nan,0.0016488062865755574,0.08233525981168717,0.08407736431511112,False,nan,0.0016488062865755574,0.09123365502036711,False
0.725,121074,0.04195055493341908,nan,0.0015892999061777077,0.08177487180467768,0.08338823926495102,False,nan,0.0015892999061777077,0.09062895774492596,False
0.7255,119975,0.04156976583029349,nan,0.0015400695097159106,0.08082827253788978,0.08273845556638948,False,nan,0.0015400695097159106,0.08957718078182829,False
0.726,118872,0.04118759077956781,nan,0.001523630990473445,0.0799616188431614,0.08203619008411579,False,nan,0.001523630990473445,0.0886142322321301,False
0.7265,117754,0.040800218425341775,nan,0.001447127393862861,0.07942994500385844,0.08134988249135792,False,nan,0.001447127393862861,0.08804143958747397,False
0.727,116659,0.04042081526981628,nan,0.0014354425636828017,0.07891778090089539,0.08076923963821593,False,nan,0.0014354425636828017,0.08748041436580506,False
0.7275,115562,0.04004071914049074,nan,0.0013823262647269798,0.07834494760165846,0.0801006630602394,False,nan,0.0013823262647269798,0.08686751432921871,False
0.728,114473,0.03966339490636538,nan,0.0013186378713667566,0.07755435792548111,0.07942210662706388,False,nan,0.0013228198843291301,0.08602499348704937,False
0.7285,113386,0.03928676364604007,nan,0.001312242619717291,0.07679881880028597,0.07873677025901575,False,nan,0.001312242619717291,0.08516936634757111,False
0.729,112300,0.038910478872614784,nan,0.0011406816924704561,0.07593804502693806,0.07811814842631237,False,nan,0.0012763220920358831,0.08424886317521223,False
0.7295,111245,0.03854493519309022,nan,0.0011406816924704561,0.07505553989277773,0.07739617038811733,False,nan,0.0011877079646426363,0.08326830191503411,False
0.73,110151,0.03816587852446475,nan,0.0009813280043837447,0.07427796383069016,0.07665049979031477,False,nan,0.0011656596486752007,0.08242203447805753,False
0.7305,109122,0.03780934350434079,nan,0.0009813280043837447,0.07360939988553522,0.07597765161685784,False,nan,0.001075970884879024,0.08167918565010761,False
0.731,108089,0.037451422536616735,nan,0.0009813280043837447,0.0729656946859119,0.07534179929192633,False,nan,0.0010544535017116784,0.08096395765052614,False
0.7315,107075,0.03710008481999313,nan,0.0006581188221344319,0.0721450292457099,0.07471247462102588,False,nan,0.0010008982371873735,0.08008801929277383,False
0.732,106058,0.03674770764266944,nan,0.0006581188221344319,0.07186777218571355,0.07419272660947218,False,nan,0.0009731864626348998,0.0797799558927779,False
0.7325,105074,0.03640676453304653,nan,0.0006581188221344319,0.07095946106505958,0.07354035833148681,False,nan,0.0009732329191194042,0.07877072131427348,False
0.733,104059,0.0360550803295229,nan,0.0006581188221344319,0.06996166405717182,0.07294227249804136,False,nan,0.0008922091555542089,0.07766205797217597,False
0.7335,103019,0.03569473395349869,nan,0.0006581188221344319,0.06910172498742242,0.07232192798893969,False,nan,0.000831001019586251,0.07670657011689887,False
0.734,101943,0.03532191404907363,nan,0.0006598282764464015,0.06844559526571538,0.07158214653942252,False,nan,0.0008094836364189055,0.07597734715341192,False
0.7345,100971,0.034985128782251,nan,0.0004307819994461146,0.06784246200381716,0.07094475926142894,False,nan,0.0008013098903793401,0.0753326486709695,False
0.735,99988,0.03464453215952811,nan,0.0004307819994461146,0.06720100617196831,0.07037488389695415,False,nan,0.0007466494263165928,0.0746199199689152,False
0.7355,99008,0.034304974997505296,nan,0.00022081419490283013,0.06656101716465948,0.06984318648299565,False,nan,0.000748456539660437,0.07393215082796578,False
0.736,98069,0.03397962379838343,nan,0.00022081419490283013,0.06576854189731757,0.06918086833066722,False,nan,0.0007082696605119776,0.07305162275314142,False
0.7365,97066,0.033632097437660075,nan,0.00022081419490283013,0.06535509473651031,0.06856848704629852,False,nan,0.0006732293326893919,0.07259223701891114,False
0.737,96088,0.0332932332494373,nan,0.00022081419490283013,0.06497519426128533,0.06799889646654626,False,nan,0.0006301945663547009,0.07217012537977228,False
0.7375,95104,0.03295229013981439,nan,0.00022081419490283013,0.06444885535228066,0.06740173062292062,False,nan,0.0005905236460894678,0.07158530436976708,False
0.738,94122,0.03261204000399153,nan,5.9209603778173686e-05,0.06348862620004968,0.06674518531213693,False,nan,0.0005806428099854426,0.07053633915519096,False
0.7385,93223,0.032300548280870596,nan,-0.00010239498734648275,0.06304911522073535,0.0662035334107786,False,nan,0.000560807349852826,0.07006594968829999,False
0.739,92255,0.03196514896164806,nan,-0.00010239498734648275,0.06261795957923477,0.06563359106322508,False,nan,0.000541614865729473,0.06958688786441046,False
0.7395,91237,0.031612425297424356,nan,5.943157624636067e-05,0.06183891628531226,0.06491599922960674,False,nan,0.0004920262153979315,0.06870330347520848,False
0.74,90267,0.03127633300440177,nan,5.943157624636067e-05,0.06132459192704535,0.06434723661474799,False,nan,0.0004699369775190297,0.06813183196602302,False
0.7405,89287,0.03093677584237895,nan,5.943157624636067e-05,0.060856312467184835,0.06378658685336998,False,nan,0.0004717804459278715,0.0676115214550669,False
0.741,88344,0.030610038695656993,nan,5.943157624636067e-05,0.06000312439820652,0.0630906291968059,False,nan,0.00045026306276052595,0.06666353471175765,False
0.7415,87401,0.03028330154893504,nan,5.943157624636067e-05,0.05951048042792965,0.06250644587542802,False,nan,0.0004310474607659604,0.06611615252256113,False
0.742,86477,0.029963147653313524,nan,5.943157624636067e-05,0.05897344533917611,0.061916880608393746,False,nan,0.00042446242472774176,0.06551944686839052,False
0.7425,85575,0.029650616469492522,nan,-0.00010217301487829577,0.05821116681860149,0.06124920965182775,False,nan,0.0004052814527034345,0.06469042680009923,False
0.743,84591,0.02930967335986961,nan,-0.00010217301487829577,0.057565528418699344,0.06058476273495272,False,nan,0.0003972856259754476,0.06397305080020797,False
0.7435,83602,0.028966997815746583,nan,-0.00010217301487829577,0.057071587996100626,0.06003032047017775,False,nan,0.0003774828177884323,0.06342422810843162,False
0.744,82707,0.028656892040225743,nan,-0.00010217301487829577,0.0567254713827399,0.05950860739356425,False,nan,0.0003658831646873951,0.06303965409358636,False
0.7445,81776,0.028334312736304067,nan,-0.00010217301487829577,0.05622265335419115,0.05888670076848044,False,nan,0.0003739420980419608,0.06248096739519888,False
0.745,80804,0.027997527469481434,nan,-0.00016961470075392633,0.055549747380680345,0.05821319623001312,False,nan,0.0003739420980419608,0.06174078761195082,False
0.7455,79901,0.027684649798760407,nan,-0.00016961470075392633,0.055063956543771095,0.057735366695356456,False,nan,0.00032435344771041935,0.061201020015384994,False
0.746,78981,0.027365881850738988,nan,-0.00016961470075392633,0.05431042855098024,0.05705835364872935,False,nan,0.0003343419111822576,0.06036376669006181,False
0.7465,78037,0.027038798217117008,nan,-0.00016961470075392633,0.053697425947150414,0.05644296353723362,False,nan,0.00029706168171067174,0.05968265268580645,False
0.747,77127,0.02672349513809582,nan,-0.00016961470075392633,0.05290652754349736,0.05575613404544477,False,nan,0.00027731780185705055,0.058803876681747504,False
0.7475,76259,0.02642274450887561,nan,-0.00016961470075392633,0.052009871953972234,0.0551591863148907,False,nan,0.0002756358788223216,0.05780759269338625,False
0.748,75357,0.026110213325054605,nan,-0.00016961470075392633,0.051531411412098084,0.054617859912759,False,nan,0.0002657181487560133,0.05727596986908164,False
0.7485,74420,0.02578555509973279,nan,-0.00016961470075392633,0.05071162978976666,0.05388286193536036,False,nan,0.000255800418689705,0.05636510139982451,False
0.749,73567,0.02549000177401293,nan,-0.00016961470075392633,0.050073749210918964,0.05336769356514815,False,nan,0.0002359649585570884,0.05565634520110484,False
0.7495,72695,0.025187865197192624,nan,-0.00016961470075392633,0.04944596385530852,0.0528332927281764,False,nan,0.00022604722849078012,0.05495880591709323,False
0.75,71798,0.02487706644787174,nan,-0.00016961470075392633,0.04891482451441806,0.052326718804312354,False,nan,0.00021612949842447182,0.054368651093881615,False
0.7505000000000001,70954,0.024584631504252087,nan,-0.00016961470075392633,0.04817549685089777,0.05180972674743384,False,nan,0.00021612949842447182,0.053547175912192393,False
0.751,70066,0.024276951137031412,nan,-0.00016961470075392633,0.04751040962662763,0.05116230683545108,False,nan,0.0002062117683581635,0.0528081901074478,False
0.7515000000000001,69266,0.023999761617012783,nan,-1.9284433850714957e-05,0.047016377462124635,0.05058844228220255,False,nan,0.00019629403829185522,0.05224256211723301,False
0.752,68400,0.02369970396159262,nan,-1.9284433850714957e-05,0.04645006788855363,0.050003422894710395,False,nan,0.00019629403829185522,0.05161332925770965,False
0.7525000000000001,67532,0.02339895333237241,nan,-1.9284433850714957e-05,0.045650434801170814,0.04938322698710642,False,nan,0.00018637630822554693,0.05072484804950654,False
0.753,66670,0.023100281624552337,nan,-1.9284433850714957e-05,0.04537127222417386,0.048790428567178586,False,nan,0.00015662311802662203,0.05041466740839881,False
0.7535000000000001,65812,0.022802995864332362,nan,-1.9284433850714957e-05,0.045052810827059364,0.0482217644724217,False,nan,0.00012686992782769715,0.05006082141160492,False
0.754,64986,0.022516797684913128,nan,-1.9284433850714957e-05,0.044533223697082985,0.047606644323932426,False,nan,9.888731153007133e-05,0.049483502378297836,False
0.7545000000000001,64127,0.022219165437793127,nan,-1.9284433850714957e-05,0.04388617063394173,0.04699057046921677,False,nan,9.888731153007133e-05,0.048764554530363116,False
0.755,63313,0.021937125101174175,nan,-1.9284433850714957e-05,0.04329649653876559,0.04642314078930151,False,nan,7.905185139745475e-05,0.048109361091278516,False
0.7555000000000001,62455,0.021639839340954196,nan,-1.9284433850714957e-05,0.04285863889446866,0.04580123751678394,False,nan,8.96009598898753e-05,0.04762285259761526,False
0.756,61664,0.02136576820303578,nan,-1.9284433850714957e-05,0.042521928725533745,0.04530104392305407,False,nan,8.96009598898753e-05,0.047248730187687576,False
0.7565000000000001,60869,0.021090311117517267,nan,-1.9284433850714957e-05,0.04212360953297827,0.04476471298819207,False,nan,7.968322982356701e-05,0.046806153307070386,False
0.757,60109,0.020826981073499572,nan,-1.9284433850714957e-05,0.041641606203722786,0.04429883997814181,False,nan,7.968322982356701e-05,0.04627059405234206,False
0.7575000000000001,59338,0.02055983967358162,nan,-1.9284433850714957e-05,0.04108492312235161,0.04370132330493815,False,nan,7.800130678883805e-05,0.04565205729526298,False
0.758,58525,0.02027814582386269,nan,-1.9284433850714957e-05,0.04043055308299201,0.04314905554183752,False,nan,5.997315424885889e-05,0.04492497947375232,False
0.7585000000000001,57737,0.020005114146644343,nan,-1.9284433850714957e-05,0.03982141314523542,0.04264977660413428,False,nan,5.997315424885889e-05,0.04424815732068943,False
0.759,56910,0.019718569480325087,nan,-1.9284433850714957e-05,0.03950945731461022,0.04214147641811849,False,nan,5.997315424885889e-05,0.043901539731105874,False
0.7595000000000001,56095,0.019436182656806113,nan,-1.9284433850714957e-05,0.03923919872909399,0.04163148004662343,False,nan,5.997315424885889e-05,0.04360125241386562,False
0.76,55306,0.01916280449268774,nan,-1.9284433850714957e-05,0.03863010101635891,0.04103508269939433,False,nan,5.997315424885889e-05,0.042924477177493314,False
0.7605000000000001,54511,0.01888734740716923,nan,-1.9284433850714957e-05,0.03811279137827213,0.04050249976505279,False,nan,6.057501919376179e-05,0.04234968869073022,False
0.761,53734,0.018618127085851137,nan,-1.9284433850714957e-05,0.03751591636134572,0.0399487135749134,False,nan,6.057501919376179e-05,0.04168649422747866,False
0.7615000000000001,52898,0.01832846403743167,nan,-1.9284433850714957e-05,0.037320927004052505,0.039405479547531326,False,nan,5.065728912745349e-05,0.041469839386041756,False
0.762,52120,0.01805889722921356,nan,-1.9284433850714957e-05,0.03710620232344657,0.03889484334540153,False,nan,4.8476608700922526e-05,0.04123125640759071,False
0.7625000000000001,51327,0.017784133117495094,nan,-1.9284433850714957e-05,0.036567774024600146,0.038341631987195646,False,nan,4.8476608700922526e-05,0.0406330027422058,False
0.763,50564,0.01751976361277733,nan,-1.9284433850714957e-05,0.035639247711244444,0.037768456778281716,False,nan,3.855887863461423e-05,0.039601306838477235,False
0.7635000000000001,49829,0.017265095741260214,nan,-1.9284433850714957e-05,0.035355727493603474,0.03726692833195021,False,nan,3.855887863461423e-05,0.03928628437443171,False
0.764,49099,0.017012160304243216,nan,-1.9284433850714957e-05,0.0349174467461431,0.03669942615591207,False,nan,3.855887863461423e-05,0.03879930576614241,False
0.7645000000000001,48311,0.01673912862702487,nan,-1.9284433850714957e-05,0.03453275187338371,0.03610850651541333,False,nan,2.864114856830593e-05,0.03837186701863199,False
0.765,47572,0.01648307480790766,nan,-1.9284433850714957e-05,0.03398225616640141,0.035603672850750445,False,nan,2.0578415378352555e-05,0.037760205121984976,False
0.7655000000000001,46827,0.016224942067390315,nan,-1.9284433850714957e-05,0.03350247091905302,0.03511032135198095,False,nan,2.0578415378352555e-05,0.037227110402709,False
0.766,46109,0.0159761644731736,nan,-1.9284433850714957e-05,0.03293650250371079,0.034520863038982226,False,nan,2.0578415378352555e-05,0.03659825660788429,False
0.7665000000000001,45363,0.01571768524575623,nan,-1.9284433850714957e-05,0.03259801511411016,0.03397445421332409,False,nan,1.066068531204426e-05,0.036222159508328036,False
0.767,44639,0.015466828730139371,nan,-1.9284433850714957e-05,0.032170329529176395,0.03342386962750343,False,nan,8.97876227731531e-06,0.03574695330284608,False
0.7675000000000001,43835,0.01518825326252065,nan,-1.9284433850714957e-05,0.031612996371135474,0.03288713567035232,False,nan,-9.389677889929844e-07,0.035127694238356155,False
0.768,43093,0.014931159982703375,nan,-1.9284433850714957e-05,0.031095463143108626,0.032393589789190644,False,nan,-9.389677889929844e-07,0.03455265731832633,False
0.7685,42400,0.014691044560987238,nan,-1.9284433850714957e-05,0.030421136527774128,0.03183187745898695,False,nan,-9.389677889929844e-07,0.033803405523510216,False
0.769,41672,0.014438802097770287,nan,-1.9284433850714957e-05,0.030080389649582307,0.031346295230193263,False,nan,-9.389677889929844e-07,0.033424797881074865,False
0.7695,40971,0.014195914780853965,nan,-1.9284433850714957e-05,0.02947081468796826,0.03087609520524768,False,nan,-9.389677889929844e-07,0.032747492368170365,False
0.77,40240,0.013942632856936945,nan,-1.9284433850714957e-05,0.028920919298211823,0.030318624427986895,False,nan,-9.389677889929844e-07,0.03213649749066321,False
0.7705,39583,0.013714990963621648,nan,-1.9284433850714957e-05,0.028575089278926546,0.02987692382981807,False,nan,-9.389677889929844e-07,0.03175224191367957,False
0.771,38923,0.01348630960960628,nan,-1.9284433850714957e-05,0.02830030506360004,0.029412273227059155,False,nan,-1.0856697855301279e-05,0.03144692611887234,False
0.7715,38282,0.013264211506691355,nan,-1.9284433850714957e-05,0.027900605813911662,0.028862059906106338,False,nan,-1.0856697855301279e-05,0.03100281584144081,False
0.772,37604,0.013029293388475569,nan,-1.0856697855301279e-05,0.02736496359778535,0.028334042611733595,False,nan,-1.0856697855301279e-05,0.030405515108650392,False
0.7725,36925,0.012794028783359758,nan,-1.0856697855301279e-05,0.026633911349179827,0.02781047729393339,False,nan,-1.0856697855301279e-05,0.029593234832422037,False
0.773,36295,0.01257574203634509,nan,-1.0856697855301279e-05,0.026111047984356095,0.027365835296736387,False,nan,-1.0856697855301279e-05,0.02901227553817344,False
0.7735,35635,0.012347060682329722,nan,-1.0856697855301279e-05,0.025647291962931317,0.02686728810138612,False,nan,-1.0856697855301279e-05,0.028496991069923688,False
0.774,34961,0.012113528511714029,nan,-1.0856697855301279e-05,0.025103691657249638,0.026316451450927373,False,nan,-1.0856697855301279e-05,0.027892990730277376,False
0.7745,34292,0.011881728775598453,nan,0.0,0.024921438162556004,0.025871190176651977,False,nan,0.0,0.027690486847284448,False
0.775,33669,0.011665867436883946,nan,0.0,0.024824629768646328,0.025508418804689906,False,nan,0.0,0.027582921965162585,False
0.7755,33062,0.011455549888569812,nan,0.0,0.024466893629994806,0.025089545513302572,False,nan,0.0,0.027185437366660892,False
0.776,32425,0.01123483773325498,nan,0.0,0.024076290636500387,0.024649436829759112,False,nan,0.0,0.026751434040555983,False
0.7765,31776,0.01100996773513987,nan,0.0,0.023675841073275774,0.024180200505472055,False,nan,0.0,0.02630649008141753,False
0.777,31140,0.010789602066725062,nan,0.0,0.023301239270820846,0.023725758049571815,False,nan,0.0,0.025890265856467608,False
0.7775,30509,0.01057096883281037,nan,0.0,0.022808310302503625,0.02320266855137947,False,nan,0.0,0.025342567002781806,False
0.778,29891,0.01035683992859598,nan,0.0,0.02247747499454863,0.022776097012422523,False,nan,0.0,0.024974972216165143,False
0.7785,29279,0.01014478994578173,nan,0.0,0.022172376181367606,0.02229061107527078,False,nan,0.0,0.024635973534852893,False
0.779,28688,0.009940016187867969,nan,0.0,0.0218201017409271,0.021811431727139532,False,nan,0.0,0.024244557489918998,False
0.7795,28045,0.009717225111152998,nan,0.0,0.021400758702080358,0.021298709152575347,False,nan,0.0,0.023778620780089285,False
0.78,27440,0.00950760053663891,nan,0.0,0.021307366876283325,0.020838193274312137,False,nan,0.0,0.023674852084759248,False
0.7805,26858,0.00930594516082536,nan,0.0,0.02090675644231411,0.02046568514467847,False,nan,0.0,0.023229729380349017,False
0.781,26300,0.009112605470612368,nan,0.0,0.02040958058494499,0.020015808129841696,False,nan,0.0,0.022677311761049992,False
0.7815,25759,0.00892515605769977,nan,0.0,0.019972680212149298,0.019559290497106682,False,nan,0.0,0.02219186690238811,False
0.782,25186,0.008726619063986429,nan,0.0,0.019638092801812338,0.0191521196015399,False,nan,0.0,0.021820103113124822,False
0.7825,24643,0.008538476677273785,nan,0.0,0.01933568134295254,0.018775157975766073,False,nan,0.0,0.021484090381058377,False
0.783,24075,0.008341672118060561,nan,0.0,0.018798855108685442,0.018331875106546804,False,nan,0.0,0.02088761678742827,False
0.7835,23546,0.008158380547948244,nan,0.0,0.01843337421749465,0.01792459744765846,False,nan,0.0,0.020481526908327385,False
0.784,22982,0.007962961936335111,nan,0.0,0.0178910916183948,0.01746758564479666,False,nan,0.0,0.01987899068710533,False
0.7845,22404,0.007762692508121653,nan,0.0,0.017497379263172706,0.016986996588384186,False,nan,0.0,0.01944153251463634,False
0.785,21914,0.007592913927110244,nan,0.0,0.01704608416766323,0.016619042923533403,False,nan,0.0,0.01894009351962581,False
0.7855,21405,0.007416552094998393,nan,0.0,0.01656882592642567,0.016145815668561,False,nan,0.0,0.01840980658491741,False
0.786,20832,0.007218015101285051,nan,0.0,0.015991524718254733,0.015746458483909605,False,nan,0.0,0.017768360798060812,False
0.7865,20315,0.007038881373973013,nan,0.0,0.015620076115816565,0.015319117813846601,False,nan,0.0,0.017355640128685068,False
0.787,19781,0.006853857369360579,nan,0.0,0.015330273215410872,0.014919685192794659,False,nan,0.0,0.017033636906012076,False
0.7875,19309,0.006690315552549589,nan,0.0,0.014892697593520363,0.014553557505784754,False,nan,0.0,0.016547441770578177,False
0.788,18815,0.006519151023938087,nan,0.0,0.014571045035944455,0.014159607847237205,False,nan,0.0,0.016190050039938286,False
0.7885,18327,0.0063500654167267245,nan,-6.519859494457614e-07,0.014175459494016204,0.013781562487212396,False,nan,-6.519859494457614e-07,0.015750510548906894,False
0.789,17822,0.006175089532214966,nan,-6.519859494457614e-07,0.013753849341791824,0.01341430081330761,False,nan,-6.519859494457614e-07,0.015282054824213138,False
0.7895,17352,0.006012240689204022,nan,-6.519859494457614e-07,0.013328845277152354,0.01305608848017888,False,nan,-6.519859494457614e-07,0.014809828085724834,False
0.79,16882,0.005849391846193079,nan,-6.519859494457614e-07,0.013006400188865366,0.01266360017776759,False,nan,-6.519859494457614e-07,0.014451555765405966,False
0.7905,16449,0.005699363018482997,nan,-6.519859494457614e-07,0.01262112355942847,0.01237485091139379,False,nan,-6.519859494457614e-07,0.01402347062158719,False
0.791,15995,0.005542057965872427,nan,0.0,0.012316994283648755,0.012039865179687323,False,nan,0.0,0.013685549204054173,False
0.7915,15573,0.0053958404940626006,nan,0.0,0.012123077535676777,0.011736520830727985,False,nan,0.0,0.013470086150751974,False
0.792,15095,0.005230219755851471,nan,0.0,0.011768845147934946,0.011382754057749878,False,nan,0.0,0.013076494608816606,False
0.7925,14659,0.005079151467441319,nan,0.0,0.011379557975449792,0.010997504951472288,False,nan,0.0,0.012643953306055323,False
0.793,14212,0.004924271823130911,nan,0.0,0.011150536410972522,0.010644255237166673,False,nan,0.0,0.012389484901080583,False
0.7935,13789,0.004777707864421062,nan,0.0,0.010473334025639793,0.010262042698059502,False,nan,0.0,0.011637037806266438,False
0.794,13376,0.004634608774711445,nan,-5.846138173107081e-06,0.010284306328684377,0.009915484802005948,False,nan,-5.846138173107081e-06,0.01142700703187153,False
0.7945,12956,0.004489084276701667,nan,-0.00012363801930841847,0.009680696808225078,0.00955222769417285,False,nan,-0.00012363801930841847,0.010756329786916752,False
0.795,12524,0.004339401935891608,nan,-0.00012363801930841847,0.009339147018909033,0.009172649986189335,False,nan,-0.00012363801930841847,0.010376830021010036,False
0.7955,12072,0.004182789857081083,nan,-0.00012363801930841847,0.008899646671171126,0.008824448864820963,False,nan,-0.00012363801930841847,0.009888496301301253,False
0.796,11666,0.00404211617567163,nan,-0.00012363801930841847,0.008635152248226367,0.008491288836339947,False,nan,-0.00012363801930841847,0.009594613609140407,False
0.7965,11292,0.003912530075062922,nan,-0.00012363801930841847,0.008533687676715598,0.008255073170433667,False,nan,-0.00012363801930841847,0.009481875196350664,False
0.797,10893,0.0037742818019536315,nan,-0.00012363801930841847,0.008195514085689845,0.007954533538214088,False,nan,-0.00012363801930841847,0.009106126761877607,False
0.7975,10530,0.0036485070572451796,nan,-0.00012363801930841847,0.007775857387670035,0.007673639488226098,False,nan,-0.00012363801930841847,0.008639841541855594,False
0.798,10158,0.003519613930436518,nan,-0.00012363801930841847,0.0074836323939989876,0.007387624733562441,False,nan,-0.00012363801930841847,0.008315147104443319,False
0.7985,9767,0.003384137552527414,nan,-0.00012363801930841847,0.007085823895788215,0.007056507766272705,False,nan,-0.00012363801930841847,0.007873137661986905,False
0.799,9409,0.0032600952423190786,nan,-0.00012363801930841847,0.006935305249346784,0.0068102756322780365,False,nan,-0.00012363801930841847,0.007705894721496426,False
0.7995,9057,0.0031381318535108824,nan,0.0,0.006803971843201953,0.006585308295179803,False,nan,0.0,0.007559968714668835,False
0.8,8689,0.003010624674302314,nan,0.0,0.006545394461102391,0.006340798440894726,False,nan,0.0,0.00727266051233599,False
0.8005,8344,0.002891086693794281,nan,0.0,0.006223623583962903,0.006028165177821891,False,nan,0.0,0.006915137315514337,False
0.801,8025,0.0027805573726868535,nan,0.0,0.005733043038991495,0.005781220760064533,False,nan,0.0,0.006370047821101662,False
0.8015,7720,0.002674878868179752,nan,0.0,0.005659693667586485,0.005565087375388379,False,nan,0.0,0.006288548519540539,False
0.802,7401,0.002564349547072324,nan,0.0,0.005473590282036234,0.005336053247423611,False,nan,0.0,0.0060817669800402605,False
0.8025,7065,0.002447929948664501,nan,0.0,0.005219073770964885,0.0050479285750024555,False,nan,0.0,0.00579897085662765,False
0.803,6757,0.0023412119834573296,nan,0.0,0.005111734443711297,0.004864039166904645,False,nan,0.0,0.005679704937456996,False
0.8035,6458,0.0022376124003503674,nan,0.0,0.004711714123770006,0.004626205706474066,False,nan,0.0,0.005235237915300007,False
0.804,6149,0.0021305479482431728,nan,0.0,0.004408516244827569,0.004420412116277158,False,nan,0.0,0.0048983513831417445,False
0.8045,5863,0.0020314526948365134,nan,0.0,0.004181564030331095,0.004189765923512706,False,nan,0.0,0.004646182255923438,False
0.805,5616,0.0019458704305307625,nan,0.0,0.003896197658032859,0.003958460738475702,False,nan,0.0,0.004329108508925399,False
0.8055,5348,0.0018530119413245223,nan,0.0,0.0038161183171323563,0.0037420764408732468,False,nan,0.0,0.004240131463480396,False
0.806,5093,0.001764657781818585,nan,0.0,0.0036100264851282532,0.003550566462362356,False,nan,0.0,0.004011140539031392,False
0.8065,4850,0.001680461465112927,nan,0.0,0.003421173566912207,0.003365238785138698,False,nan,0.0,0.0038013039632357856,False
0.807,4591,0.0015907213580068965,nan,0.0,0.0030481031882285087,0.0031208311329666266,False,nan,0.0,0.003386781320253899,False
0.8075,4383,0.0015186520828020535,nan,-2.3911594007276955e-05,0.003008323989957211,0.002991112506650916,False,nan,-2.3911594007276955e-05,0.003342582211063568,False
0.808,4169,0.0014445038861970706,nan,-7.203064394872252e-05,0.002866325670857274,0.002889311111366726,False,nan,-7.203064394872252e-05,0.003184806300952527,False
0.8085,3955,0.0013703556895920878,nan,-7.203064394872252e-05,0.002799980476329498,0.0026980528124684352,False,nan,-7.203064394872252e-05,0.0031110894181438867,False
0.809,3746,0.0012979399274872215,nan,-7.203064394872252e-05,0.0025466986761803617,0.0025662240906550848,False,nan,-7.203064394872252e-05,0.0028296651957559573,False
0.8095,3504,0.001214090097681587,nan,0.0,0.002324675784743264,0.0023836519661323053,False,nan,0.0,0.002582973094159182,False
0.81,3327,0.0011527619163774656,nan,0.0,0.002228738719483349,0.0022662236757300244,False,nan,0.0,0.002476376354981499,False
0.8105,3122,0.0010817321018726923,nan,0.0,0.0021449553243966892,0.002147638803686346,False,nan,0.0,0.002383283693774099,False
0.811,2936,0.0010172855384683616,nan,0.0,0.002276554078134172,0.0020579876701585587,False,nan,0.0,0.0025295045312601913,False
0.8115,2771,0.0009601151999645198,nan,0.0,0.0022123302409670525,0.00193322917165738,False,nan,0.0,0.0024581447121856136,False
0.812,2603,0.000901905400760608,nan,0.0,0.0021308059023540443,0.0018086780810012094,False,nan,0.0,0.002367562113726716,False
0.8125,2449,0.0008485464181570223,nan,0.0,0.0020753121630468635,0.0017184656823063837,False,nan,0.0,0.002305902403385404,False
0.8130000000000001,2294,0.0007948409486534133,nan,0.0,0.002033975833659497,0.0016090367547368415,False,nan,0.0,0.0022599731485105526,False
0.8135,2147,0.0007439073743499906,nan,0.0,0.0018324240280445186,0.0014867674853518344,False,nan,0.0,0.0020360266978272433,False
0.8140000000000001,2011,0.0006967851559468239,nan,0.0,0.0017624113092979093,0.0013666701725577463,False,nan,0.0,0.0019582347881087884,False
0.8145,1865,0.0006461980685434245,nan,0.0,0.0016960528477980206,0.0012614262977540666,False,nan,0.0,0.001884503164220023,False
0.8150000000000001,1711,0.0005928390859398387,nan,0.0,0.0015246142890939748,0.001177920830735277,False,nan,0.0,0.0016940158767710831,False
0.8155,1577,0.0005464098413367187,nan,0.0,0.0015347674895711558,0.0010876089882318602,False,nan,0.0,0.0017052972106346173,False
0.8160000000000001,1468,0.0005086427692341808,nan,0.0,0.001366533001016679,0.0010159084955199224,False,nan,0.0,0.0015183700011296433,False
0.8165,1342,0.00046498541983124703,nan,0.0,0.0013236533621351953,0.0009566542072423326,False,nan,0.0,0.0014707259579279945,False
0.8170000000000001,1240,0.00042964375602887205,nan,0.0,0.0012790487645350664,0.0008804638219158335,False,nan,0.0,0.0014211652939278515,False
0.8175,1152,0.0003991529088268231,nan,0.0,0.0012460311423109836,0.0008381352432462203,False,nan,0.0,0.001384479047012204,False
0.8180000000000001,1061,0.0003676226009247042,nan,0.0,0.001239111856748291,0.0007838144422734315,False,nan,0.0,0.0013767909519425458,False
0.8185,973,0.00033713175372265526,nan,0.0,0.000990631129827253,0.0007198505542758434,False,nan,0.0,0.0011007012553636145,False
0.8190000000000001,896,0.0003104522624208624,nan,0.0,0.000960247572599318,0.0006560496567633142,False,nan,0.0,0.0010669417473325755,False
0.8195,821,0.0002844657449191161,nan,0.0,0.0009219367196572573,0.0005988007109997378,False,nan,0.0,0.0010243741329525081,False
0.8200000000000001,737,0.00025536084531716023,nan,0.0,0.000886594489155795,0.0005449233312495066,False,nan,0.0,0.0009851049879508833,False
0.8205,656,0.00022729540641527426,nan,0.0,0.0008431849845509867,0.0004908598034334039,False,nan,0.0,0.0009368722050566518,False
0.8210000000000001,595,0.00020615970551385394,nan,0.0,0.0007033719820365641,0.00044257504181995945,False,nan,0.0,0.0007815244244850712,False
0.8215,556,0.00019264671641294585,nan,0.0,0.000679255619343724,0.0004149604420707442,False,nan,0.0,0.0007547284659374711,False
0.8220000000000001,495,0.00017151101551152553,nan,0.0,0.0006621243554024898,0.0003631590601281049,False,nan,0.0,0.0007356937282249888,False
0.8225,447,0.00015487964431040792,nan,0.0,0.0005869577002625366,0.00033041426037100325,False,nan,0.0,0.0006521752225139294,False
0.8230000000000001,396,0.00013720881240922043,nan,0.0,0.0005537388728329978,0.00029036769113671376,False,nan,0.0,0.0006152654142588865,False
0.8235,355,0.0001230028495082658,nan,0.0,0.00046644463328984883,0.0002638999605303983,False,nan,0.0,0.0005182718147664987,False
0.8240000000000001,314,0.00010879688660731115,nan,0.0,0.0004579939843637041,0.000243660966853675,False,nan,0.0,0.0005088822048485601,False
0.8245,278,9.632335820647293e-05,nan,0.0,0.00031388445086444566,0.0002133092856447077,False,nan,0.0,0.0003487605009604952,False
0.8250000000000001,254,8.800767260591412e-05,nan,0.0,0.0003022612276811536,0.00018880267826676097,False,nan,0.0,0.0003358458085346151,False
0.8255,230,7.96919870053553e-05,nan,0.0,0.00014940666902979368,0.00015916833225239994,False,nan,0.0,0.0001660074100331041,False
0.8260000000000001,205,7.10298145047732e-05,nan,0.0,0.0001416870312394456,0.0001429692378693886,False,nan,0.0,0.0001574300347104951,False
0.8265,177,6.132818130412126e-05,nan,0.0,7.706758904711213e-05,0.00012649510384382006,False,nan,0.0,8.563065449679126e-05,False
0.8270000000000001,152,5.2666008803539156e-05,nan,0.0,6.978708805174553e-05,0.00011131247357967902,False,nan,0.0,7.754120894638393e-05,False
0.8275,138,4.781519220321318e-05,nan,0.0,6.0620209500673685e-05,9.801017818226932e-05,False,nan,0.0,6.735578833408189e-05,False
0.8280000000000001,122,4.2271401802840636e-05,nan,0.0,5.750324937768752e-05,9.17941934397322e-05,False,nan,0.0,6.38924993085417e-05,False
0.8285,109,3.776707210253795e-05,nan,0.0,4.773534864788145e-05,7.936222395465796e-05,False,nan,0.0,5.303927627542384e-05,False
0.8290000000000001,103,3.568815070239824e-05,nan,0.0,4.773534864788145e-05,7.936222395465796e-05,False,nan,0.0,5.303927627542384e-05,False
0.8295,91,3.153030790211884e-05,nan,0.0,4.1501428401909116e-05,6.693025446958374e-05,False,nan,0.0,4.6112698224343464e-05,False
0.8300000000000001,78,2.7025978201816145e-05,nan,0.0,3.175479128649193e-05,5.760627735577806e-05,False,nan,0.0,3.528310142943548e-05,False
0.8305,69,2.390759610160659e-05,nan,0.0,2.8637831163505765e-05,5.1390292613240944e-05,False,nan,0.0,3.18198124038953e-05,False
0.8310000000000001,60,2.0789214001397034e-05,nan,0.0,2.198689055668586e-05,4.517430787070382e-05,False,nan,0.0,2.4429878396317623e-05,False
0.8315,54,1.8710292601257333e-05,nan,0.0,1.8869930433699696e-05,3.895832312816671e-05,False,nan,0.0,2.0966589370777438e-05,False
0.8320000000000001,43,1.4898936701001209e-05,nan,0.0,1.1410248122788025e-05,2.3418361271823917e-05,False,nan,0.0,1.2678053469764472e-05,False
0.8325,39,1.3512989100908073e-05,nan,0.0,1.1410248122788025e-05,2.3418361271823917e-05,False,nan,0.0,1.2678053469764472e-05,False
0.833,36,1.2473528400838222e-05,nan,0.0,1.0184486057848685e-05,2.031036890055536e-05,False,nan,0.0,1.1316095619831871e-05,False
0.8335,34,1.1780554600791653e-05,nan,0.0,8.626005996355603e-06,1.72023765292868e-05,False,nan,0.0,9.584451107061782e-06,False
0.834,29,1.0048120100675234e-05,nan,0.0,8.626005996355603e-06,1.72023765292868e-05,False,nan,0.0,9.584451107061782e-06,False
0.8345,21,7.2762249004889625e-06,nan,0.0,3.950565811876355e-06,7.878399415481126e-06,False,nan,0.0,4.389517568751506e-06,False
0.835,19,6.5832511004423945e-06,nan,0.0,3.950565811876355e-06,7.878399415481126e-06,False,nan,0.0,4.389517568751506e-06,False
0.8355,16,5.543790400372543e-06,nan,0.0,2.392085750383273e-06,4.770407044212568e-06,False,nan,0.0,2.657873055981414e-06,False
0.836,15,5.1973035003492586e-06,nan,0.0,2.392085750383273e-06,4.770407044212568e-06,False,nan,0.0,2.657873055981414e-06,False
0.8365,12,4.157842800279407e-06,nan,0.0,2.392085750383273e-06,4.770407044212568e-06,False,nan,0.0,2.657873055981414e-06,False
0.837,9,3.1183821002095555e-06,nan,0.0,2.392085750383273e-06,4.770407044212568e-06,False,nan,0.0,2.657873055981414e-06,False
0.8375,9,3.1183821002095555e-06,nan,0.0,2.392085750383273e-06,4.770407044212568e-06,False,nan,0.0,2.657873055981414e-06,False
0.838,7,2.4254083001629875e-06,nan,0.0,2.392085750383273e-06,4.770407044212568e-06,False,nan,0.0,2.657873055981414e-06,False
0.8385,6,2.0789214001397035e-06,nan,0.0,8.336056888901904e-07,1.6624146729440096e-06,False,nan,0.0,9.262285432113227e-07,False
0.839,5,1.7324345001164195e-06,nan,0.0,8.336056888901904e-07,1.6624146729440096e-06,False,nan,0.0,9.262285432113227e-07,False
0.8395,4,1.3859476000931357e-06,nan,0.0,0.0,0.0,False,nan,0.0,0.0,False
0.84,3,1.0394607000698518e-06,nan,0.0,0.0,0.0,False,nan,0.0,0.0,False
0.8405,1,3.4648690002328394e-07,nan,0.0,0.0,0.0,False,nan,0.0,0.0,False
0.841,1,3.4648690002328394e-07,nan,0.0,0.0,0.0,False,nan,0.0,0.0,False
0.8415,0,0.0,nan,0.0,0.0,0.0,False,nan,0.0,0.0,False
0.842,0,0.0,nan,0.0,0.0,0.0,False,nan,0.0,0.0,False
0.8425,0,0.0,nan,0.0,0.0,0.0,False,nan,0.0,0.0,False
0.843,0,0.0,nan,0.0,0.0,0.0,False,nan,0.0,0.0,False
0.8435,0,0.0,nan,0.0,0.0,0.0,False,nan,0.0,0.0,False
0.844,0,0.0,nan,0.0,0.0,0.0,False,nan,0.0,0.0,False
0.8445,0,0.0,nan,0.0,0.0,0.0,False,nan,0.0,0.0,False
0.845,0,0.0,nan,0.0,0.0,0.0,False,nan,0.0,0.0,False
0.8455,0,0.0,nan,0.0,0.0,0.0,False,nan,0.0,0.0,False
0.846,0,0.0,nan,0.0,0.0,0.0,False,nan,0.0,0.0,False
0.8465,0,0.0,nan,0.0,0.0,0.0,False,nan,0.0,0.0,False
0.847,0,0.0,nan,0.0,0.0,0.0,False,nan,0.0,0.0,False
0.8475,0,0.0,nan,0.0,0.0,0.0,False,nan,0.0,0.0,False
0.848,0,0.0,nan,0.0,0.0,0.0,False,nan,0.0,0.0,False
0.8485,0,0.0,nan,0.0,0.0,0.0,False,nan,0.0,0.0,False
0.849,0,0.0,nan,0.0,0.0,0.0,False,nan,0.0,0.0,False
0.8495,0,0.0,nan,0.0,0.0,0.0,False,nan,0.0,0.0,False
0.85,0,0.0,nan,0.0,0.0,0.0,False,nan,0.0,0.0,False
0.8505,0,0.0,nan,0.0,0.0,0.0,False,nan,0.0,0.0,False
0.851,0,0.0,nan,0.0,0.0,0.0,False,nan,0.0,0.0,False
0.8515,0,0.0,nan,0.0,0.0,0.0,False,nan,0.0,0.0,False
0.852,0,0.0,nan,0.0,0.0,0.0,False,nan,0.0,0.0,False
0.8525,0,0.0,nan,0.0,0.0,0.0,False,nan,0.0,0.0,False
0.853,0,0.0,nan,0.0,0.0,0.0,False,nan,0.0,0.0,False
0.8535,0,0.0,nan,0.0,0.0,0.0,False,nan,0.0,0.0,False
0.854,0,0.0,nan,0.0,0.0,0.0,False,nan,0.0,0.0,False
0.8545,0,0.0,nan,0.0,0.0,0.0,False,nan,0.0,0.0,False
0.855,0,0.0,nan,0.0,0.0,0.0,False,nan,0.0,0.0,False
0.8555,0,0.0,nan,0.0,0.0,0.0,False,nan,0.0,0.0,False
0.856,0,0.0,nan,0.0,0.0,0.0,False,nan,0.0,0.0,False
0.8565,0,0.0,nan,0.0,0.0,0.0,False,nan,0.0,0.0,False
0.857,0,0.0,nan,0.0,0.0,0.0,False,nan,0.0,0.0,False
0.8575,0,0.0,nan,0.0,0.0,0.0,False,nan,0.0,0.0,False
0.858,0,0.0,nan,0.0,0.0,0.0,False,nan,0.0,0.0,False
0.8585,0,0.0,nan,0.0,0.0,0.0,False,nan,0.0,0.0,False
0.859,0,0.0,nan,0.0,0.0,0.0,False,nan,0.0,0.0,False
0.8595,0,0.0,nan,0.0,0.0,0.0,False,nan,0.0,0.0,False
0.86,0,0.0,nan,0.0,0.0,0.0,False,nan,0.0,0.0,False
0.8605,0,0.0,nan,0.0,0.0,0.0,False,nan,0.0,0.0,False
0.861,0,0.0,nan,0.0,0.0,0.0,False,nan,0.0,0.0,False
0.8615,0,0.0,nan,0.0,0.0,0.0,False,nan,0.0,0.0,False
0.862,0,0.0,nan,0.0,0.0,0.0,False,nan,0.0,0.0,False
0.8625,0,0.0,nan,0.0,0.0,0.0,False,nan,0.0,0.0,False
0.863,0,0.0,nan,0.0,0.0,0.0,False,nan,0.0,0.0,False
0.8635,0,0.0,nan,0.0,0.0,0.0,False,nan,0.0,0.0,False
0.864,0,0.0,nan,0.0,0.0,0.0,False,nan,0.0,0.0,False
0.8645,0,0.0,nan,0.0,0.0,0.0,False,nan,0.0,0.0,False
0.865,0,0.0,nan,0.0,0.0,0.0,False,nan,0.0,0.0,False
0.8655,0,0.0,nan,0.0,0.0,0.0,False,nan,0.0,0.0,False
0.866,0,0.0,nan,0.0,0.0,0.0,False,nan,0.0,0.0,False
0.8665,0,0.0,nan,0.0,0.0,0.0,False,nan,0.0,0.0,False
0.867,0,0.0,nan,0.0,0.0,0.0,False,nan,0.0,0.0,False
0.8675,0,0.0,nan,0.0,0.0,0.0,False,nan,0.0,0.0,False
0.868,0,0.0,nan,0.0,0.0,0.0,False,nan,0.0,0.0,False
0.8685,0,0.0,nan,0.0,0.0,0.0,False,nan,0.0,0.0,False
0.869,0,0.0,nan,0.0,0.0,0.0,False,nan,0.0,0.0,False
0.8695,0,0.0,nan,0.0,0.0,0.0,False,nan,0.0,0.0,False
0.87,0,0.0,nan,0.0,0.0,0.0,False,nan,0.0,0.0,False
0.8705,0,0.0,nan,0.0,0.0,0.0,False,nan,0.0,0.0,False
0.871,0,0.0,nan,0.0,0.0,0.0,False,nan,0.0,0.0,False
0.8715,0,0.0,nan,0.0,0.0,0.0,False,nan,0.0,0.0,False
0.872,0,0.0,nan,0.0,0.0,0.0,False,nan,0.0,0.0,False
0.8725,0,0.0,nan,0.0,0.0,0.0,False,nan,0.0,0.0,False
0.873,0,0.0,nan,0.0,0.0,0.0,False,nan,0.0,0.0,False
0.8735,0,0.0,nan,0.0,0.0,0.0,False,nan,0.0,0.0,False
0.874,0,0.0,nan,0.0,0.0,0.0,False,nan,0.0,0.0,False
0.8745,0,0.0,nan,0.0,0.0,0.0,False,nan,0.0,0.0,False
0.875,0,0.0,nan,0.0,0.0,0.0,False,nan,0.0,0.0,False
0.8755000000000001,0,0.0,nan,0.0,0.0,0.0,False,nan,0.0,0.0,False
0.876,0,0.0,nan,0.0,0.0,0.0,False,nan,0.0,0.0,False
0.8765000000000001,0,0.0,nan,0.0,0.0,0.0,False,nan,0.0,0.0,False
0.877,0,0.0,nan,0.0,0.0,0.0,False,nan,0.0,0.0,False
0.8775000000000001,0,0.0,nan,0.0,0.0,0.0,False,nan,0.0,0.0,False
0.878,0,0.0,nan,0.0,0.0,0.0,False,nan,0.0,0.0,False
0.8785000000000001,0,0.0,nan,0.0,0.0,0.0,False,nan,0.0,0.0,False
0.879,0,0.0,nan,0.0,0.0,0.0,False,nan,0.0,0.0,False
0.8795000000000001,0,0.0,nan,0.0,0.0,0.0,False,nan,0.0,0.0,False
0.88,0,0.0,nan,0.0,0.0,0.0,False,nan,0.0,0.0,False
0.8805000000000001,0,0.0,nan,0.0,0.0,0.0,False,nan,0.0,0.0,False
0.881,0,0.0,nan,0.0,0.0,0.0,False,nan,0.0,0.0,False
0.8815000000000001,0,0.0,nan,0.0,0.0,0.0,False,nan,0.0,0.0,False
0.882,0,0.0,nan,0.0,0.0,0.0,False,nan,0.0,0.0,False
0.8825000000000001,0,0.0,nan,0.0,0.0,0.0,False,nan,0.0,0.0,False
0.883,0,0.0,nan,0.0,0.0,0.0,False,nan,0.0,0.0,False
0.8835000000000001,0,0.0,nan,0.0,0.0,0.0,False,nan,0.0,0.0,False
0.884,0,0.0,nan,0.0,0.0,0.0,False,nan,0.0,0.0,False
0.8845000000000001,0,0.0,nan,0.0,0.0,0.0,False,nan,0.0,0.0,False
0.885,0,0.0,nan,0.0,0.0,0.0,False,nan,0.0,0.0,False
0.8855000000000001,0,0.0,nan,0.0,0.0,0.0,False,nan,0.0,0.0,False
0.886,0,0.0,nan,0.0,0.0,0.0,False,nan,0.0,0.0,False
0.8865000000000001,0,0.0,nan,0.0,0.0,0.0,False,nan,0.0,0.0,False
0.887,0,0.0,nan,0.0,0.0,0.0,False,nan,0.0,0.0,False
0.8875000000000001,0,0.0,nan,0.0,0.0,0.0,False,nan,0.0,0.0,False
0.888,0,0.0,nan,0.0,0.0,0.0,False,nan,0.0,0.0,False
0.8885000000000001,0,0.0,nan,0.0,0.0,0.0,False,nan,0.0,0.0,False
0.889,0,0.0,nan,0.0,0.0,0.0,False,nan,0.0,0.0,False
0.8895000000000001,0,0.0,nan,0.0,0.0,0.0,False,nan,0.0,0.0,False
0.89,0,0.0,nan,0.0,0.0,0.0,False,nan,0.0,0.0,False
0.8905000000000001,0,0.0,nan,0.0,0.0,0.0,False,nan,0.0,0.0,False
0.891,0,0.0,nan,0.0,0.0,0.0,False,nan,0.0,0.0,False
0.8915000000000001,0,0.0,nan,0.0,0.0,0.0,False,nan,0.0,0.0,False
0.892,0,0.0,nan,0.0,0.0,0.0,False,nan,0.0,0.0,False
0.8925000000000001,0,0.0,nan,0.0,0.0,0.0,False,nan,0.0,0.0,False
0.893,0,0.0,nan,0.0,0.0,0.0,False,nan,0.0,0.0,False
0.8935000000000001,0,0.0,nan,0.0,0.0,0.0,False,nan,0.0,0.0,False
0.894,0,0.0,nan,0.0,0.0,0.0,False,nan,0.0,0.0,False
0.8945000000000001,0,0.0,nan,0.0,0.0,0.0,False,nan,0.0,0.0,False
0.895,0,0.0,nan,0.0,0.0,0.0,False,nan,0.0,0.0,False
0.8955000000000001,0,0.0,nan,0.0,0.0,0.0,False,nan,0.0,0.0,False
0.896,0,0.0,nan,0.0,0.0,0.0,False,nan,0.0,0.0,False
0.8965,0,0.0,nan,0.0,0.0,0.0,False,nan,0.0,0.0,False
0.897,0,0.0,nan,0.0,0.0,0.0,False,nan,0.0,0.0,False
0.8975,0,0.0,nan,0.0,0.0,0.0,False,nan,0.0,0.0,False
0.898,0,0.0,nan,0.0,0.0,0.0,False,nan,0.0,0.0,False
0.8985,0,0.0,nan,0.0,0.0,0.0,False,nan,0.0,0.0,False
0.899,0,0.0,nan,0.0,0.0,0.0,False,nan,0.0,0.0,False
0.8995,0,0.0,nan,0.0,0.0,0.0,False,nan,0.0,0.0,False
0.9,0,0.0,nan,0.0,0.0,0.0,False,nan,0.0,0.0,False
0.9005,0,0.0,nan,0.0,0.0,0.0,False,nan,0.0,0.0,False
0.901,0,0.0,nan,0.0,0.0,0.0,False,nan,0.0,0.0,False
0.9015,0,0.0,nan,0.0,0.0,0.0,False,nan,0.0,0.0,False
0.902,0,0.0,nan,0.0,0.0,0.0,False,nan,0.0,0.0,False
0.9025,0,0.0,nan,0.0,0.0,0.0,False,nan,0.0,0.0,False
0.903,0,0.0,nan,0.0,0.0,0.0,False,nan,0.0,0.0,False
0.9035,0,0.0,nan,0.0,0.0,0.0,False,nan,0.0,0.0,False
0.904,0,0.0,nan,0.0,0.0,0.0,False,nan,0.0,0.0,False
0.9045,0,0.0,nan,0.0,0.0,0.0,False,nan,0.0,0.0,False
0.905,0,0.0,nan,0.0,0.0,0.0,False,nan,0.0,0.0,False
0.9055,0,0.0,nan,0.0,0.0,0.0,False,nan,0.0,0.0,False
0.906,0,0.0,nan,0.0,0.0,0.0,False,nan,0.0,0.0,False
0.9065,0,0.0,nan,0.0,0.0,0.0,False,nan,0.0,0.0,False
0.907,0,0.0,nan,0.0,0.0,0.0,False,nan,0.0,0.0,False
0.9075,0,0.0,nan,0.0,0.0,0.0,False,nan,0.0,0.0,False
0.908,0,0.0,nan,0.0,0.0,0.0,False,nan,0.0,0.0,False
0.9085,0,0.0,nan,0.0,0.0,0.0,False,nan,0.0,0.0,False
0.909,0,0.0,nan,0.0,0.0,0.0,False,nan,0.0,0.0,False
0.9095,0,0.0,nan,0.0,0.0,0.0,False,nan,0.0,0.0,False
0.91,0,0.0,nan,0.0,0.0,0.0,False,nan,0.0,0.0,False
0.9105,0,0.0,nan,0.0,0.0,0.0,False,nan,0.0,0.0,False
0.911,0,0.0,nan,0.0,0.0,0.0,False,nan,0.0,0.0,False
0.9115,0,0.0,nan,0.0,0.0,0.0,False,nan,0.0,0.0,False
0.912,0,0.0,nan,0.0,0.0,0.0,False,nan,0.0,0.0,False
0.9125,0,0.0,nan,0.0,0.0,0.0,False,nan,0.0,0.0,False
0.913,0,0.0,nan,0.0,0.0,0.0,False,nan,0.0,0.0,False
0.9135,0,0.0,nan,0.0,0.0,0.0,False,nan,0.0,0.0,False
0.914,0,0.0,nan,0.0,0.0,0.0,False,nan,0.0,0.0,False
0.9145,0,0.0,nan,0.0,0.0,0.0,False,nan,0.0,0.0,False
0.915,0,0.0,nan,0.0,0.0,0.0,False,nan,0.0,0.0,False
0.9155,0,0.0,nan,0.0,0.0,0.0,False,nan,0.0,0.0,False
0.916,0,0.0,nan,0.0,0.0,0.0,False,nan,0.0,0.0,False
0.9165,0,0.0,nan,0.0,0.0,0.0,False,nan,0.0,0.0,False
0.917,0,0.0,nan,0.0,0.0,0.0,False,nan,0.0,0.0,False
0.9175,0,0.0,nan,0.0,0.0,0.0,False,nan,0.0,0.0,False
0.918,0,0.0,nan,0.0,0.0,0.0,False,nan,0.0,0.0,False
0.9185,0,0.0,nan,0.0,0.0,0.0,False,nan,0.0,0.0,False
0.919,0,0.0,nan,0.0,0.0,0.0,False,nan,0.0,0.0,False
0.9195,0,0.0,nan,0.0,0.0,0.0,False,nan,0.0,0.0,False
0.92,0,0.0,nan,0.0,0.0,0.0,False,nan,0.0,0.0,False
0.9205,0,0.0,nan,0.0,0.0,0.0,False,nan,0.0,0.0,False
0.921,0,0.0,nan,0.0,0.0,0.0,False,nan,0.0,0.0,False
0.9215,0,0.0,nan,0.0,0.0,0.0,False,nan,0.0,0.0,False
0.922,0,0.0,nan,0.0,0.0,0.0,False,nan,0.0,0.0,False
0.9225,0,0.0,nan,0.0,0.0,0.0,False,nan,0.0,0.0,False
0.923,0,0.0,nan,0.0,0.0,0.0,False,nan,0.0,0.0,False
0.9235,0,0.0,nan,0.0,0.0,0.0,False,nan,0.0,0.0,False
0.924,0,0.0,nan,0.0,0.0,0.0,False,nan,0.0,0.0,False
0.9245,0,0.0,nan,0.0,0.0,0.0,False,nan,0.0,0.0,False
0.925,0,0.0,nan,0.0,0.0,0.0,False,nan,0.0,0.0,False
0.9255,0,0.0,nan,0.0,0.0,0.0,False,nan,0.0,0.0,False
0.926,0,0.0,nan,0.0,0.0,0.0,False,nan,0.0,0.0,False
0.9265,0,0.0,nan,0.0,0.0,0.0,False,nan,0.0,0.0,False
0.927,0,0.0,nan,0.0,0.0,0.0,False,nan,0.0,0.0,False
0.9275,0,0.0,nan,0.0,0.0,0.0,False,nan,0.0,0.0,False
0.928,0,0.0,nan,0.0,0.0,0.0,False,nan,0.0,0.0,False
0.9285,0,0.0,nan,0.0,0.0,0.0,False,nan,0.0,0.0,False
0.929,0,0.0,nan,0.0,0.0,0.0,False,nan,0.0,0.0,False
0.9295,0,0.0,nan,0.0,0.0,0.0,False,nan,0.0,0.0,False
0.93,0,0.0,nan,0.0,0.0,0.0,False,nan,0.0,0.0,False
0.9305,0,0.0,nan,0.0,0.0,0.0,False,nan,0.0,0.0,False
0.931,0,0.0,nan,0.0,0.0,0.0,False,nan,0.0,0.0,False
0.9315,0,0.0,nan,0.0,0.0,0.0,False,nan,0.0,0.0,False
0.932,0,0.0,nan,0.0,0.0,0.0,False,nan,0.0,0.0,False
0.9325,0,0.0,nan,0.0,0.0,0.0,False,nan,0.0,0.0,False
0.933,0,0.0,nan,0.0,0.0,0.0,False,nan,0.0,0.0,False
0.9335,0,0.0,nan,0.0,0.0,0.0,False,nan,0.0,0.0,False
0.934,0,0.0,nan,0.0,0.0,0.0,False,nan,0.0,0.0,False
0.9345,0,0.0,nan,0.0,0.0,0.0,False,nan,0.0,0.0,False
0.935,0,0.0,nan,0.0,0.0,0.0,False,nan,0.0,0.0,False
0.9355,0,0.0,nan,0.0,0.0,0.0,False,nan,0.0,0.0,False
0.936,0,0.0,nan,0.0,0.0,0.0,False,nan,0.0,0.0,False
0.9365,0,0.0,nan,0.0,0.0,0.0,False,nan,0.0,0.0,False
0.937,0,0.0,nan,0.0,0.0,0.0,False,nan,0.0,0.0,False
0.9375,0,0.0,nan,0.0,0.0,0.0,False,nan,0.0,0.0,False
0.9380000000000001,0,0.0,nan,0.0,0.0,0.0,False,nan,0.0,0.0,False
0.9385,0,0.0,nan,0.0,0.0,0.0,False,nan,0.0,0.0,False
0.9390000000000001,0,0.0,nan,0.0,0.0,0.0,False,nan,0.0,0.0,False
0.9395,0,0.0,nan,0.0,0.0,0.0,False,nan,0.0,0.0,False
0.9400000000000001,0,0.0,nan,0.0,0.0,0.0,False,nan,0.0,0.0,False
0.9405,0,0.0,nan,0.0,0.0,0.0,False,nan,0.0,0.0,False
0.9410000000000001,0,0.0,nan,0.0,0.0,0.0,False,nan,0.0,0.0,False
0.9415,0,0.0,nan,0.0,0.0,0.0,False,nan,0.0,0.0,False
0.9420000000000001,0,0.0,nan,0.0,0.0,0.0,False,nan,0.0,0.0,False
0.9425,0,0.0,nan,0.0,0.0,0.0,False,nan,0.0,0.0,False
0.9430000000000001,0,0.0,nan,0.0,0.0,0.0,False,nan,0.0,0.0,False
0.9435,0,0.0,nan,0.0,0.0,0.0,False,nan,0.0,0.0,False
0.9440000000000001,0,0.0,nan,0.0,0.0,0.0,False,nan,0.0,0.0,False
0.9445,0,0.0,nan,0.0,0.0,0.0,False,nan,0.0,0.0,False
0.9450000000000001,0,0.0,nan,0.0,0.0,0.0,False,nan,0.0,0.0,False
0.9455,0,0.0,nan,0.0,0.0,0.0,False,nan,0.0,0.0,False
0.9460000000000001,0,0.0,nan,0.0,0.0,0.0,False,nan,0.0,0.0,False
0.9465,0,0.0,nan,0.0,0.0,0.0,False,nan,0.0,0.0,False
0.9470000000000001,0,0.0,nan,0.0,0.0,0.0,False,nan,0.0,0.0,False
0.9475,0,0.0,nan,0.0,0.0,0.0,False,nan,0.0,0.0,False
0.9480000000000001,0,0.0,nan,0.0,0.0,0.0,False,nan,0.0,0.0,False
0.9485,0,0.0,nan,0.0,0.0,0.0,False,nan,0.0,0.0,False
0.9490000000000001,0,0.0,nan,0.0,0.0,0.0,False,nan,0.0,0.0,False
0.9495,0,0.0,nan,0.0,0.0,0.0,False,nan,0.0,0.0,False
0.9500000000000001,0,0.0,nan,0.0,0.0,0.0,False,nan,0.0,0.0,False
0.9505,0,0.0,nan,0.0,0.0,0.0,False,nan,0.0,0.0,False
0.9510000000000001,0,0.0,nan,0.0,0.0,0.0,False,nan,0.0,0.0,False
0.9515,0,0.0,nan,0.0,0.0,0.0,False,nan,0.0,0.0,False
0.9520000000000001,0,0.0,nan,0.0,0.0,0.0,False,nan,0.0,0.0,False
0.9525,0,0.0,nan,0.0,0.0,0.0,False,nan,0.0,0.0,False
0.9530000000000001,0,0.0,nan,0.0,0.0,0.0,False,nan,0.0,0.0,False
0.9535,0,0.0,nan,0.0,0.0,0.0,False,nan,0.0,0.0,False
0.9540000000000001,0,0.0,nan,0.0,0.0,0.0,False,nan,0.0,0.0,False
0.9545,0,0.0,nan,0.0,0.0,0.0,False,nan,0.0,0.0,False
0.9550000000000001,0,0.0,nan,0.0,0.0,0.0,False,nan,0.0,0.0,False
0.9555,0,0.0,nan,0.0,0.0,0.0,False,nan,0.0,0.0,False
0.9560000000000001,0,0.0,nan,0.0,0.0,0.0,False,nan,0.0,0.0,False
0.9565,0,0.0,nan,0.0,0.0,0.0,False,nan,0.0,0.0,False
0.9570000000000001,0,0.0,nan,0.0,0.0,0.0,False,nan,0.0,0.0,False
0.9575,0,0.0,nan,0.0,0.0,0.0,False,nan,0.0,0.0,False
0.9580000000000001,0,0.0,nan,0.0,0.0,0.0,False,nan,0.0,0.0,False
0.9585,0,0.0,nan,0.0,0.0,0.0,False,nan,0.0,0.0,False
0.9590000000000001,0,0.0,nan,0.0,0.0,0.0,False,nan,0.0,0.0,False
0.9595,0,0.0,nan,0.0,0.0,0.0,False,nan,0.0,0.0,False
0.96,0,0.0,nan,0.0,0.0,0.0,False,nan,0.0,0.0,False
0.9605,0,0.0,nan,0.0,0.0,0.0,False,nan,0.0,0.0,False
0.961,0,0.0,nan,0.0,0.0,0.0,False,nan,0.0,0.0,False
0.9615,0,0.0,nan,0.0,0.0,0.0,False,nan,0.0,0.0,False
0.962,0,0.0,nan,0.0,0.0,0.0,False,nan,0.0,0.0,False
0.9625,0,0.0,nan,0.0,0.0,0.0,False,nan,0.0,0.0,False
0.963,0,0.0,nan,0.0,0.0,0.0,False,nan,0.0,0.0,False
0.9635,0,0.0,nan,0.0,0.0,0.0,False,nan,0.0,0.0,False
0.964,0,0.0,nan,0.0,0.0,0.0,False,nan,0.0,0.0,False
0.9645,0,0.0,nan,0.0,0.0,0.0,False,nan,0.0,0.0,False
0.965,0,0.0,nan,0.0,0.0,0.0,False,nan,0.0,0.0,False
0.9655,0,0.0,nan,0.0,0.0,0.0,False,nan,0.0,0.0,False
0.966,0,0.0,nan,0.0,0.0,0.0,False,nan,0.0,0.0,False
0.9665,0,0.0,nan,0.0,0.0,0.0,False,nan,0.0,0.0,False
0.967,0,0.0,nan,0.0,0.0,0.0,False,nan,0.0,0.0,False
0.9675,0,0.0,nan,0.0,0.0,0.0,False,nan,0.0,0.0,False
0.968,0,0.0,nan,0.0,0.0,0.0,False,nan,0.0,0.0,False
0.9685,0,0.0,nan,0.0,0.0,0.0,False,nan,0.0,0.0,False
0.969,0,0.0,nan,0.0,0.0,0.0,False,nan,0.0,0.0,False
0.9695,0,0.0,nan,0.0,0.0,0.0,False,nan,0.0,0.0,False
0.97,0,0.0,nan,0.0,0.0,0.0,False,nan,0.0,0.0,False
0.9705,0,0.0,nan,0.0,0.0,0.0,False,nan,0.0,0.0,False
0.971,0,0.0,nan,0.0,0.0,0.0,False,nan,0.0,0.0,False
0.9715,0,0.0,nan,0.0,0.0,0.0,False,nan,0.0,0.0,False
0.972,0,0.0,nan,0.0,0.0,0.0,False,nan,0.0,0.0,False
0.9725,0,0.0,nan,0.0,0.0,0.0,False,nan,0.0,0.0,False
0.973,0,0.0,nan,0.0,0.0,0.0,False,nan,0.0,0.0,False
0.9735,0,0.0,nan,0.0,0.0,0.0,False,nan,0.0,0.0,False
0.974,0,0.0,nan,0.0,0.0,0.0,False,nan,0.0,0.0,False
0.9745,0,0.0,nan,0.0,0.0,0.0,False,nan,0.0,0.0,False
0.975,0,0.0,nan,0.0,0.0,0.0,False,nan,0.0,0.0,False
0.9755,0,0.0,nan,0.0,0.0,0.0,False,nan,0.0,0.0,False
0.976,0,0.0,nan,0.0,0.0,0.0,False,nan,0.0,0.0,False
0.9765,0,0.0,nan,0.0,0.0,0.0,False,nan,0.0,0.0,False
0.977,0,0.0,nan,0.0,0.0,0.0,False,nan,0.0,0.0,False
0.9775,0,0.0,nan,0.0,0.0,0.0,False,nan,0.0,0.0,False
0.978,0,0.0,nan,0.0,0.0,0.0,False,nan,0.0,0.0,False
0.9785,0,0.0,nan,0.0,0.0,0.0,False,nan,0.0,0.0,False
0.979,0,0.0,nan,0.0,0.0,0.0,False,nan,0.0,0.0,False
0.9795,0,0.0,nan,0.0,0.0,0.0,False,nan,0.0,0.0,False
0.98,0,0.0,nan,0.0,0.0,0.0,False,nan,0.0,0.0,False
0.9805,0,0.0,nan,0.0,0.0,0.0,False,nan,0.0,0.0,False
0.981,0,0.0,nan,0.0,0.0,0.0,False,nan,0.0,0.0,False
0.9815,0,0.0,nan,0.0,0.0,0.0,False,nan,0.0,0.0,False
0.982,0,0.0,nan,0.0,0.0,0.0,False,nan,0.0,0.0,False
0.9825,0,0.0,nan,0.0,0.0,0.0,False,nan,0.0,0.0,False
0.983,0,0.0,nan,0.0,0.0,0.0,False,nan,0.0,0.0,False
0.9835,0,0.0,nan,0.0,0.0,0.0,False,nan,0.0,0.0,False
0.984,0,0.0,nan,0.0,0.0,0.0,False,nan,0.0,0.0,False
0.9845,0,0.0,nan,0.0,0.0,0.0,False,nan,0.0,0.0,False
0.985,0,0.0,nan,0.0,0.0,0.0,False,nan,0.0,0.0,False
0.9855,0,0.0,nan,0.0,0.0,0.0,False,nan,0.0,0.0,False
0.986,0,0.0,nan,0.0,0.0,0.0,False,nan,0.0,0.0,False
0.9865,0,0.0,nan,0.0,0.0,0.0,False,nan,0.0,0.0,False
0.987,0,0.0,nan,0.0,0.0,0.0,False,nan,0.0,0.0,False
0.9875,0,0.0,nan,0.0,0.0,0.0,False,nan,0.0,0.0,False
0.988,0,0.0,nan,0.0,0.0,0.0,False,nan,0.0,0.0,False
0.9885,0,0.0,nan,0.0,0.0,0.0,False,nan,0.0,0.0,False
0.989,0,0.0,nan,0.0,0.0,0.0,False,nan,0.0,0.0,False
0.9895,0,0.0,nan,0.0,0.0,0.0,False,nan,0.0,0.0,False
0.99,0,0.0,nan,0.0,0.0,0.0,False,nan,0.0,0.0,False
0.9905,0,0.0,nan,0.0,0.0,0.0,False,nan,0.0,0.0,False
0.991,0,0.0,nan,0.0,0.0,0.0,False,nan,0.0,0.0,False
0.9915,0,0.0,nan,0.0,0.0,0.0,False,nan,0.0,0.0,False
0.992,0,0.0,nan,0.0,0.0,0.0,False,nan,0.0,0.0,False
0.9925,0,0.0,nan,0.0,0.0,0.0,False,nan,0.0,0.0,False
0.993,0,0.0,nan,0.0,0.0,0.0,False,nan,0.0,0.0,False
0.9935,0,0.0,nan,0.0,0.0,0.0,False,nan,0.0,0.0,False
0.994,0,0.0,nan,0.0,0.0,0.0,False,nan,0.0,0.0,False
0.9945,0,0.0,nan,0.0,0.0,0.0,False,nan,0.0,0.0,False
0.995,0,0.0,nan,0.0,0.0,0.0,False,nan,0.0,0.0,False
0.9955,0,0.0,nan,0.0,0.0,0.0,False,nan,0.0,0.0,False
0.996,0,0.0,nan,0.0,0.0,0.0,False,nan,0.0,0.0,False
0.9965,0,0.0,nan,0.0,0.0,0.0,False,nan,0.0,0.0,False
0.997,0,0.0,nan,0.0,0.0,0.0,False,nan,0.0,0.0,False
0.9975,0,0.0,nan,0.0,0.0,0.0,False,nan,0.0,0.0,False
0.998,0,0.0,nan,0.0,0.0,0.0,False,nan,0.0,0.0,False
0.9985,0,0.0,nan,0.0,0.0,0.0,False,nan,0.0,0.0,False
0.999,0,0.0,nan,0.0,0.0,0.0,False,nan,0.0,0.0,False
0.9995,0,0.0,nan,0.0,0.0,0.0,False,nan,0.0,0.0,False
